date,region,Center_ID,Client_ID,ordered_boxes,Latitude_CD,Longitude_CD,Latitude_Client,Longitude_Client,ordered_volume
2025-03-30,Centro,AV06,10794836,500.0,4.946467,-73.941175,4.617067,-74.090837,37.8
2025-03-14,Centro,AV26,10753140,125.0,4.596453,-74.148856,4.370634,-74.187603,9.45
2025-03-26,Centro,AV06,13969047,750.0,4.946467,-73.941175,4.64254126,-74.07741204,56.7
2025-03-14,Centro,AV06,12468175,700.0,4.946467,-73.941175,4.6064848,-74.08507,52.92
2025-03-11,Centro,AV47,12408426,560.0,4.541264,-74.251706,4.540471,-74.25511,42.336
2025-03-28,Centro,AV47,14126343,500.0,4.541264,-74.251706,4.342643462,-74.36591,37.8
2025-03-04,Centro,AV06,10794834,151.0,4.946467,-73.941175,4.7573,-74.0645,11.4156
2025-03-04,Centro,AV50,13328342,250.0,4.742992,-74.164592,4.705759797,-74.20956137,18.9
2025-03-06,Centro,AV47,11019248,30.0,4.541264,-74.251706,4.57208,-74.168,2.268
2025-03-19,Centro,AV06,12738954,240.0,4.946467,-73.941175,4.873950071,-74.141887,18.144
2025-03-12,Centro,AV04,10314597,195.25,5.807142,-73.006556,5.712672589,-72.9311829,14.7609
2025-03-26,Centro,AV50,12211377,466.0,4.742992,-74.164592,5.011516303,-74.46906948,35.2296
2025-03-30,Centro,AV06,14121551,900.0,4.946467,-73.941175,4.62709004,-74.09909111,68.04
2025-03-28,Centro,AV06,13027927,60.8666667,4.946467,-73.941175,4.726194,-74.055209,4.60152000252
2025-03-05,Centro,AV47,12938968,365.0,4.541264,-74.251706,4.308250101,-74.29906227,27.594
2025-03-25,Centro,AV06,11130349,3240.0,4.946467,-73.941175,4.61316998,-74.09457806,244.944
2025-03-22,Centro,AV47,11255477,450.0,4.541264,-74.251706,4.632231,-74.464926,34.02
2025-03-06,Centro,AV42,12490276,10.0,5.544456,-73.352553,5.522266459,-73.36141833,0.756
2025-03-17,Centro,AV50,13777408,324.0,4.742992,-74.164592,4.697317416,-74.09515155,24.4944
2025-03-12,Centro,AV50,12192215,380.75,4.742992,-74.164592,4.722592,-74.123381,28.7847
2025-03-05,Centro,AV42,14150049,61.75,5.544456,-73.352553,5.3997727,-73.3356032,4.6683
2025-03-03,Centro,AV06,10795260,6.25,4.946467,-73.941175,4.73446,-74.0656,0.4725
2025-03-25,Centro,AV06,14014639,450.0,4.946467,-73.941175,4.68012026,-74.03777427,34.02
2025-03-13,Centro,AV06,14228850,379.0,4.946467,-73.941175,4.60675053,-74.08641235,28.6524
2025-03-29,Centro,AV04,12537667,500.0,5.807142,-73.006556,5.78107081,-73.12024286,37.8
2025-03-20,Centro,AV26,13200008,500.0,4.596453,-74.148856,4.565739,-74.101753,37.8
2025-03-18,Centro,AV06,10794836,4000.0,4.946467,-73.941175,4.617067,-74.090837,302.4
2025-03-25,Centro,AV06,13949640,1620.0,4.946467,-73.941175,3.53789,-73.7042,122.472
2025-03-04,Centro,AV50,12532263,280.0,4.742992,-74.164592,4.735897491,-74.26588789,21.168
2025-03-17,Centro,AV06,14234318,800.0,4.946467,-73.941175,4.63763283,-74.06995454,60.48
2025-03-28,Centro,AV06,10598284,528.0,4.946467,-73.941175,4.68517,-74.0894,39.9168
2025-03-17,Centro,AV50,13730987,200.6866667,4.742992,-74.164592,4.8031426,-74.351643,15.17191200252
2025-03-29,Centro,AV06,12565696,900.0,4.946467,-73.941175,4.723704455,-74.12314348,68.04
2025-03-29,Centro,AV06,12135753,1026.6,4.946467,-73.941175,5.012731,-73.861147,77.61095999999999
2025-03-01,Centro,AV47,13806693,141.0,4.541264,-74.251706,4.5858716,-74.1797364,10.6596
2025-03-17,Centro,AV26,13200008,33.0,4.596453,-74.148856,4.565739,-74.101753,2.4948
2025-03-21,Centro,AV47,13495219,56.0,4.541264,-74.251706,4.590032,-74.193944,4.2336
2025-03-05,Centro,AV26,12767171,500.0,4.596453,-74.148856,4.600081412,-74.16501213,37.8
2025-03-04,Centro,AV47,12684327,450.0,4.541264,-74.251706,4.5862,-74.211721,34.02
2025-03-29,Centro,AV06,10795230,1000.0,4.946467,-73.941175,4.629552,-74.125001,75.6
2025-03-08,Centro,AV06,13747932,160.0,4.946467,-73.941175,4.8638156,-74.06109901,12.096
2025-03-26,Centro,AV06,10795442,500.0,4.946467,-73.941175,4.69719,-74.087,37.8
2025-03-05,Centro,AV06,10490080,505.0,4.946467,-73.941175,4.91794,-74.0989,38.178
2025-03-10,Centro,AV50,13189153,10.0,4.742992,-74.164592,4.96595503,-74.43643969,0.756
2025-03-21,Centro,AV06,10795261,1000.0,4.946467,-73.941175,4.71272,-74.0344,75.6
2025-03-10,Centro,AV47,14047817,302.5,4.541264,-74.251706,4.582914,-74.445193,22.869
2025-03-25,Centro,AV42,11194949,300.0,5.544456,-73.352553,5.536846,-73.366079,22.68
2025-03-26,Centro,AV04,12291292,1296.0,5.807142,-73.006556,5.805537,-73.004589,97.9776
2025-03-12,Centro,AV06,14121551,900.0,4.946467,-73.941175,4.62709004,-74.09909111,68.04
2025-03-07,Centro,AV26,13923102,203.0,4.596453,-74.148856,4.5797734,-74.127761,15.3468
2025-03-25,Centro,AV06,13114894,24.5,4.946467,-73.941175,4.632056,-74.093952,1.8522
2025-03-04,Centro,AV06,14206523,435.0,4.946467,-73.941175,5.0839107,-73.3675403,32.886
2025-03-08,Centro,AV47,13397914,100.0,4.541264,-74.251706,4.622057692,-74.19658869,7.56
2025-03-03,Centro,AV47,13409261,490.0,4.541264,-74.251706,4.570519666,-74.23725,37.044
2025-03-21,Centro,AV06,12291532,1800.0,4.946467,-73.941175,2.91574609,-75.28551127,136.08
2025-03-21,Centro,AV47,13331083,20.0,4.541264,-74.251706,4.178581401,-74.42316647,1.512
2025-03-07,Centro,AV06,10795262,24.2,4.946467,-73.941175,4.68332,-74.0807,1.82952
2025-03-31,Centro,AV06,10658724,800.0,4.946467,-73.941175,4.708185,-74.116536,60.48
2025-03-01,Centro,AV26,12436775,500.0,4.596453,-74.148856,4.60287,-74.14647,37.8
2025-03-21,Centro,AV50,10627679,36.0,4.742992,-74.164592,5.06,-74.2368,2.7216
2025-03-11,Centro,AV50,12930072,400.0,4.742992,-74.164592,4.743923531,-74.09349544,30.24
2025-03-04,Centro,AV47,12408426,470.0,4.541264,-74.251706,4.540471,-74.25511,35.532000000000004
2025-03-25,Centro,AV26,12131610,483.0,4.596453,-74.148856,4.5171633,-74.0894824,36.5148
2025-03-26,Centro,AV06,10794841,433.0,4.946467,-73.941175,4.692325,-74.083317,32.7348
2025-03-10,Centro,AV26,10747995,393.5,4.596453,-74.148856,4.54784,-74.1416,29.7486
2025-03-17,Centro,AV06,10794836,1661.0,4.946467,-73.941175,4.617067,-74.090837,125.5716
2025-03-11,Centro,AV50,12549078,151.0,4.742992,-74.164592,4.8124403,-74.34956,11.4156
2025-03-07,Centro,AV06,13385441,125.0,4.946467,-73.941175,4.74623392,-74.05896575,9.45
2025-03-05,Centro,AV06,10795295,24.6,4.946467,-73.941175,4.69637,-74.0427,1.85976
2025-03-27,Centro,AV26,10794833,9.6,4.596453,-74.148856,4.598146,-74.165831,0.72576
2025-03-18,Centro,AV06,14234318,800.0,4.946467,-73.941175,4.63763283,-74.06995454,60.48
2025-03-14,Centro,AV50,12930072,750.0,4.742992,-74.164592,4.743923531,-74.09349544,56.7
2025-03-17,Centro,AV50,12399495,450.0,4.742992,-74.164592,4.728201,-74.219292,34.02
2025-03-19,Centro,AV06,13027930,216.5,4.946467,-73.941175,4.688543896,-74.0473645,16.3674
2025-03-05,Centro,AV06,10491374,466.0,4.946467,-73.941175,5.02941,-73.9904,35.2296
2025-03-15,Centro,AV26,13515444,90.6666667,4.596453,-74.148856,4.563871173,-74.14415934,6.854400002519999
2025-03-18,Centro,AV47,10596108,341.0,4.541264,-74.251706,4.333963,-74.363534,25.7796
2025-03-29,Centro,AV50,11199877,10.95,4.742992,-74.164592,4.714186,-74.219022,0.82782
2025-03-07,Centro,AV47,13495219,52.0,4.541264,-74.251706,4.590032,-74.193944,3.9312
2025-03-05,Centro,AV26,14230382,325.0,4.596453,-74.148856,4.62078119,-74.14758491,24.57
2025-03-05,Centro,AV50,10587658,150.0,4.742992,-74.164592,4.74348,-74.1221,11.34
2025-03-17,Centro,AV06,10795340,18.5,4.946467,-73.941175,4.71935,-74.0362,1.3986
2025-03-08,Centro,AV26,13515444,150.0,4.596453,-74.148856,4.563871173,-74.14415934,11.34
2025-03-07,Centro,AV50,10627679,237.5,4.742992,-74.164592,5.06,-74.2368,17.955000000000002
2025-03-20,Centro,AV47,13495219,113.0,4.541264,-74.251706,4.590032,-74.193944,8.5428
2025-03-03,Centro,AV06,12747783,225.0,4.946467,-73.941175,4.917219898,-74.03792938,17.01
2025-03-17,Centro,AV50,13725910,60.0,4.742992,-74.164592,4.732428582,-74.09620625,4.536
2025-03-13,Centro,AV26,10584114,432.0,4.596453,-74.148856,4.64380959,-74.063973,32.6592
2025-03-21,Centro,AV26,10755524,140.0,4.596453,-74.148856,4.5066,-74.1475,10.584
2025-03-11,Centro,AV47,10794821,39.0,4.541264,-74.251706,4.589759,-74.204982,2.9484
2025-03-05,Centro,AV50,11199877,19.5833333,4.742992,-74.164592,4.714186,-74.219022,1.48049999748
2025-03-14,Centro,AV06,12902117,150.0,4.946467,-73.941175,5.083033188,-73.36519122,11.34
2025-03-28,Centro,AV50,12440403,42.0,4.742992,-74.164592,4.73271982,-74.09319294,3.1752
2025-03-11,Centro,AV26,10794631,350.0,4.596453,-74.148856,4.6096,-74.1126,26.46
2025-03-17,Centro,AV26,11487790,500.0,4.596453,-74.148856,4.572063,-74.094715,37.8
2025-03-21,Centro,AV06,10795295,819.75,4.946467,-73.941175,4.69637,-74.0427,61.9731
2025-03-20,Centro,AV47,12549072,45.0,4.541264,-74.251706,4.600005032,-74.1804782,3.402
2025-03-14,Centro,AV06,10794826,1000.0,4.946467,-73.941175,4.67675,-74.1168,75.6
2025-03-08,Centro,AV04,11522328,250.0,5.807142,-73.006556,5.82610206,-73.025819,18.9
2025-03-04,Centro,AV50,14018361,412.0,4.742992,-74.164592,4.75714,-74.099829,31.1472
2025-03-27,Centro,AV26,14171456,450.0,4.596453,-74.148856,4.611028,-74.136923,34.02
2025-03-08,Centro,AV47,12408426,470.0,4.541264,-74.251706,4.540471,-74.25511,35.532000000000004
2025-03-10,Centro,AV04,10279095,480.0,5.807142,-73.006556,5.80617,-73.00564,36.288
2025-03-05,Centro,AV50,12517979,360.6666666,4.742992,-74.164592,4.818830341,-74.36503956,27.26639999496
2025-03-14,Centro,AV26,12718397,540.0,4.596453,-74.148856,4.613049,-74.143699,40.824
2025-03-18,Centro,AV06,11188850,708.0,4.946467,-73.941175,4.940174,-73.943858,53.5248
2025-03-08,Centro,AV50,14214600,130.0,4.742992,-74.164592,4.716938347,-74.21356135,9.828
2025-03-15,Centro,AV04,11383983,760.0,5.807142,-73.006556,5.808149,-73.026729,57.456
2025-03-15,Centro,AV06,12747783,125.0,4.946467,-73.941175,4.917219898,-74.03792938,9.45
2025-03-13,Centro,AV26,12109406,324.0,4.596453,-74.148856,4.627036478,-74.14946091,24.4944
2025-03-27,Centro,AV06,13975701,600.0,4.946467,-73.941175,4.648427,-74.060859,45.36
2025-03-28,Centro,AV50,12399495,450.0,4.742992,-74.164592,4.728201,-74.219292,34.02
2025-03-05,Centro,AV50,10616643,480.0,4.742992,-74.164592,4.92958,-74.1715,36.288
2025-03-20,Centro,AV06,12468175,500.0,4.946467,-73.941175,4.6064848,-74.08507,37.8
2025-03-04,Centro,AV06,10561291,350.0,4.946467,-73.941175,5.14491,-73.6844,26.46
2025-03-06,Centro,AV06,12291605,1722.0,4.946467,-73.941175,4.949344,-73.94424999,130.1832
2025-03-15,Centro,AV06,10795442,1000.0,4.946467,-73.941175,4.69719,-74.087,75.6
2025-03-03,Centro,AV26,13957832,56.0,4.596453,-74.148856,4.620287,-74.165646,4.2336
2025-03-06,Centro,AV47,12408426,450.0,4.541264,-74.251706,4.540471,-74.25511,34.02
2025-03-03,Centro,AV06,13001713,3600.0,4.946467,-73.941175,4.6029336,-74.1826122,272.16
2025-03-28,Centro,AV04,11874240,248.0,5.807142,-73.006556,5.7094289,-72.933467,18.7488
2025-03-20,Centro,AV50,14175053,1800.0,4.742992,-74.164592,4.707255696,-74.21586094,136.08
2025-03-29,Centro,AV06,10483231,63.0,4.946467,-73.941175,4.96319,-73.9266,4.7628
2025-03-10,Centro,AV47,11372715,500.0,4.541264,-74.251706,4.573843,-74.162496,37.8
2025-03-12,Centro,AV47,12408426,480.0,4.541264,-74.251706,4.540471,-74.25511,36.288
2025-03-06,Centro,AV06,10795295,37.0833333,4.946467,-73.941175,4.69637,-74.0427,2.80349999748
2025-03-05,Centro,AV06,10794837,620.0,4.946467,-73.941175,4.66261,-74.13209,46.872
2025-03-14,Centro,AV26,12615703,450.0,4.596453,-74.148856,4.586901,-74.140201,34.02
2025-03-26,Centro,AV06,10795441,500.0,4.946467,-73.941175,4.77137,-74.0404,37.8
2025-03-08,Centro,AV06,10795180,10.0,4.946467,-73.941175,4.85152,-74.0295,0.756
2025-03-20,Centro,AV42,10292016,216.0,5.544456,-73.352553,5.52242,-73.3615,16.3296
2025-03-29,Centro,AV47,11255477,470.0,4.541264,-74.251706,4.632231,-74.464926,35.532000000000004
2025-03-21,Centro,AV06,13971700,100.0,4.946467,-73.941175,4.74662428,-74.097665,7.56
2025-03-31,Centro,AV42,10294392,90.0,5.544456,-73.352553,5.40864,-73.2965,6.804
2025-03-31,Centro,AV06,10794836,250.0,4.946467,-73.941175,4.617067,-74.090837,18.9
2025-03-17,Centro,AV06,10794836,4000.0,4.946467,-73.941175,4.617067,-74.090837,302.4
2025-03-01,Centro,AV26,12436775,500.0,4.596453,-74.148856,4.60287,-74.14647,37.8
2025-03-30,Centro,AV06,12565696,900.0,4.946467,-73.941175,4.723704455,-74.12314348,68.04
2025-03-19,Centro,AV06,10795441,1000.0,4.946467,-73.941175,4.77137,-74.0404,75.6
2025-03-26,Centro,AV26,12767171,500.0,4.596453,-74.148856,4.600081412,-74.16501213,37.8
2025-03-25,Centro,AV47,12784751,720.0,4.541264,-74.251706,4.522614,-74.241185,54.432
2025-03-15,Centro,AV50,11677477,240.0,4.742992,-74.164592,4.817271,-74.099505,18.144
2025-03-27,Centro,AV50,13481027,90.0,4.742992,-74.164592,5.018217,-74.468255,6.804
2025-03-10,Centro,AV06,13876661,480.0,4.946467,-73.941175,4.66308425,-74.06331785,36.288
2025-03-04,Centro,AV04,11522328,10.0,5.807142,-73.006556,5.82610206,-73.025819,0.756
2025-03-20,Centro,AV06,10795336,32.2333333,4.946467,-73.941175,4.68776,-74.0514,2.43683999748
2025-03-29,Centro,AV06,10794840,82.0,4.946467,-73.941175,4.86314,-74.0437,6.1992
2025-03-31,Centro,AV47,14242114,450.0,4.541264,-74.251706,4.32876,-74.38622,34.02
2025-03-20,Centro,AV47,12408426,855.0,4.541264,-74.251706,4.540471,-74.25511,64.638
2025-03-12,Centro,AV47,11255477,481.0,4.541264,-74.251706,4.632231,-74.464926,36.3636
2025-03-22,Centro,AV06,10795262,500.0,4.946467,-73.941175,4.68332,-74.0807,37.8
2025-03-13,Centro,AV06,14234261,765.0,4.946467,-73.941175,4.75279326,-74.04555369,57.834
2025-03-20,Centro,AV47,13397914,80.0,4.541264,-74.251706,4.622057692,-74.19658869,6.048
2025-03-05,Centro,AV06,14234318,900.0,4.946467,-73.941175,4.63763283,-74.06995454,68.04
2025-03-14,Centro,AV26,14192257,80.0,4.596453,-74.148856,4.510155614,-74.11143333,6.048
2025-03-12,Centro,AV06,12976163,93.0,4.946467,-73.941175,4.67237,-74.15053,7.0308
2025-03-21,Centro,AV47,12408426,450.0,4.541264,-74.251706,4.540471,-74.25511,34.02
2025-03-13,Centro,AV06,13822893,400.0,4.946467,-73.941175,4.715351855,-74.05879492,30.24
2025-03-01,Centro,AV06,14130070,345.0,4.946467,-73.941175,4.720915,-73.967129,26.082
2025-03-31,Centro,AV04,13929223,489.0,5.807142,-73.006556,5.56090395,-72.57729,36.9684
2025-03-19,Centro,AV26,12436775,500.0,4.596453,-74.148856,4.60287,-74.14647,37.8
2025-03-07,Centro,AV47,13075818,120.0,4.541264,-74.251706,4.329918852,-74.39155623,9.072
2025-03-29,Centro,AV06,14206523,130.0,4.946467,-73.941175,5.0839107,-73.3675403,9.828
2025-03-24,Centro,AV26,13757740,401.0,4.596453,-74.148856,4.56657784,-74.10262175,30.3156
2025-03-20,Centro,AV06,14234318,750.0,4.946467,-73.941175,4.63763283,-74.06995454,56.7
2025-03-08,Centro,AV06,13114894,40.4,4.946467,-73.941175,4.632056,-74.093952,3.05424
2025-03-29,Centro,AV26,10794628,40.0,4.596453,-74.148856,4.64358,-74.13,3.024
2025-03-06,Centro,AV06,13114895,64.0,4.946467,-73.941175,4.701902481,-74.03092152,4.8384
2025-03-11,Centro,AV47,13849853,20.0,4.541264,-74.251706,4.596548,-74.197851,1.512
2025-03-17,Centro,AV26,12109406,732.5,4.596453,-74.148856,4.627036478,-74.14946091,55.377
2025-03-18,Centro,AV06,10795358,7.25,4.946467,-73.941175,4.86638,-74.0372,0.5481
2025-03-14,Centro,AV26,13201665,500.0,4.596453,-74.148856,4.574178825,-74.15203345,37.8
2025-03-31,Centro,AV26,10933055,225.0,4.596453,-74.148856,4.46202,-74.1296,17.01
2025-03-21,Centro,AV06,10795442,1514.0,4.946467,-73.941175,4.69719,-74.087,114.4584
2025-03-01,Centro,AV06,13172099,6.6,4.946467,-73.941175,4.742306,-74.086621,0.4989599999999999
2025-03-18,Centro,AV50,14175304,340.75,4.742992,-74.164592,4.7277416,-74.08926753,25.7607
2025-03-11,Centro,AV06,12570303,450.0,4.946467,-73.941175,5.027085099,-73.99887073,34.02
2025-03-12,Centro,AV06,11153203,60.0,4.946467,-73.941175,4.73877,-74.0286,4.536
2025-03-18,Centro,AV06,10795442,178.6,4.946467,-73.941175,4.69719,-74.087,13.50216
2025-03-11,Centro,AV42,14023747,222.0,5.544456,-73.352553,5.614839,-73.56659,16.7832
2025-03-19,Centro,AV06,10795441,1000.0,4.946467,-73.941175,4.77137,-74.0404,75.6
2025-03-31,Centro,AV06,12721427,450.0,4.946467,-73.941175,4.86331003,-74.04791553,34.02
2025-03-25,Centro,AV06,12201193,255.5,4.946467,-73.941175,4.710608514,-74.05899132,19.3158
2025-03-20,Centro,AV06,12637278,3480.0,4.946467,-73.941175,1.851860173,-76.04231015,263.088
2025-03-31,Centro,AV06,14234318,500.0,4.946467,-73.941175,4.63763283,-74.06995454,37.8
2025-03-12,Centro,AV26,11061177,286.0,4.596453,-74.148856,4.6175,-74.1654,21.6216
2025-03-18,Centro,AV06,13385441,80.0,4.946467,-73.941175,4.74623392,-74.05896575,6.048
2025-03-06,Centro,AV06,13848816,1620.0,4.946467,-73.941175,3.72002778,-75.484073,122.472
2025-03-13,Centro,AV47,13759677,900.0,4.541264,-74.251706,4.633,-74.197718,68.04
2025-03-01,Centro,AV26,10607681,10.0,4.596453,-74.148856,4.621239,-74.153751,0.756
2025-03-19,Centro,AV26,12718397,510.0,4.596453,-74.148856,4.613049,-74.143699,38.556
2025-03-26,Centro,AV47,14022774,88.0,4.541264,-74.251706,4.586334725,-74.21671449,6.6528
2025-03-01,Centro,AV47,10763531,245.0,4.541264,-74.251706,4.49389,-74.26,18.522
2025-03-11,Centro,AV47,13075818,200.0,4.541264,-74.251706,4.329918852,-74.39155623,15.12
2025-03-10,Centro,AV50,12580142,110.0,4.742992,-74.164592,4.756615,-74.114014,8.316
2025-03-20,Centro,AV06,10795304,87.2,4.946467,-73.941175,4.66689,-74.0499,6.59232
2025-03-28,Centro,AV06,10795230,2000.0,4.946467,-73.941175,4.629552,-74.125001,151.2
2025-03-19,Centro,AV06,12727839,800.0,4.946467,-73.941175,4.702051327,-74.18407664,60.48
2025-03-27,Centro,AV06,12291605,1620.0,4.946467,-73.941175,4.949344,-73.94424999,122.472
2025-03-14,Centro,AV50,11411107,648.0,4.742992,-74.164592,4.742676,-74.164932,48.9888
2025-03-06,Centro,AV47,14013391,50.0,4.541264,-74.251706,4.578067,-74.4440807,3.78
2025-03-20,Centro,AV50,11875087,430.0,4.742992,-74.164592,4.693936,-74.122116,32.508
2025-03-17,Centro,AV06,13027927,101.7,4.946467,-73.941175,4.726194,-74.055209,7.68852
2025-03-19,Centro,AV06,13027933,299.2,4.946467,-73.941175,4.64169,-74.06218,22.61952
2025-03-31,Centro,AV50,13752167,480.0,4.742992,-74.164592,4.745858296,-74.11478763,36.288
2025-03-12,Centro,AV06,13027925,185.7,4.946467,-73.941175,4.705158511,-74.07078,14.03892
2025-03-06,Centro,AV42,10294392,97.0104167,5.544456,-73.352553,5.40864,-73.2965,7.333987502519999
2025-03-20,Centro,AV50,14034022,355.0,4.742992,-74.164592,5.008651,-74.477925,26.838
2025-03-25,Centro,AV26,11487790,750.0,4.596453,-74.148856,4.572063,-74.094715,56.7
2025-03-12,Centro,AV06,10795311,16.6,4.946467,-73.941175,4.64266,-74.0757,1.25496
2025-03-26,Centro,AV42,10279105,355.0,5.544456,-73.352553,5.403232,-73.335933,26.838
2025-03-03,Centro,AV04,11702610,490.0,5.807142,-73.006556,5.782401,-73.115921,37.044
2025-03-27,Centro,AV50,13954336,1000.0,4.742992,-74.164592,4.81423,-74.35357,75.6
2025-03-06,Centro,AV42,13354095,500.0,5.544456,-73.352553,5.51768,-73.365112,37.8
2025-03-24,Centro,AV06,10795310,42.5833333,4.946467,-73.941175,4.6321,-74.0755,3.21929999748
2025-03-07,Centro,AV50,13216000,174.5,4.742992,-74.164592,4.749443,-74.112656,13.1922
2025-03-04,Centro,AV04,10279095,545.0,5.807142,-73.006556,5.80617,-73.00564,41.202
2025-03-13,Centro,AV26,13757740,400.0,4.596453,-74.148856,4.56657784,-74.10262175,30.24
2025-03-05,Centro,AV47,10769925,235.0,4.541264,-74.251706,4.60073,-74.189,17.766000000000002
2025-03-31,Centro,AV06,12529225,140.0,4.946467,-73.941175,4.85845,-74.0636,10.584
2025-03-15,Centro,AV47,12938968,220.0,4.541264,-74.251706,4.308250101,-74.29906227,16.632
2025-03-12,Centro,AV50,10791021,103.25,4.742992,-74.164592,4.81207,-74.3542,7.8057
2025-03-17,Centro,AV26,12767171,700.0,4.596453,-74.148856,4.600081412,-74.16501213,52.92
2025-03-31,Centro,AV47,13807597,305.0,4.541264,-74.251706,4.271503977,-74.41609114,23.058
2025-03-19,Centro,AV42,11730329,73.0,5.544456,-73.352553,5.56347,-73.346564,5.5188
2025-03-12,Centro,AV06,13027927,102.5,4.946467,-73.941175,4.726194,-74.055209,7.749
2025-03-20,Centro,AV50,14232230,450.0,4.742992,-74.164592,4.709523835,-74.21910298,34.02
2025-03-15,Centro,AV26,12718397,350.75,4.596453,-74.148856,4.613049,-74.143699,26.5167
2025-03-03,Centro,AV47,13409261,490.0,4.541264,-74.251706,4.570519666,-74.23725,37.044
2025-03-21,Centro,AV50,12399495,450.0,4.742992,-74.164592,4.728201,-74.219292,34.02
2025-03-29,Centro,AV50,12754309,91.0,4.742992,-74.164592,4.711907558,-74.09660139,6.8796
2025-03-26,Centro,AV42,13822840,460.0,5.544456,-73.352553,5.400237,-73.336135,34.776
2025-03-13,Centro,AV42,13205019,81.0,5.544456,-73.352553,5.50021727,-73.33286303,6.1236
2025-03-20,Centro,AV06,10795441,1000.0,4.946467,-73.941175,4.77137,-74.0404,75.6
2025-03-31,Centro,AV47,12504113,290.0,4.541264,-74.251706,4.4548752,-74.37992376,21.924
2025-03-17,Centro,AV06,13747932,150.0,4.946467,-73.941175,4.8638156,-74.06109901,11.34
2025-03-25,Centro,AV06,12546570,102.0,4.946467,-73.941175,4.752424,-74.093216,7.7112
2025-03-28,Centro,AV04,12459839,50.0,5.807142,-73.006556,5.806357,-73.005643,3.78
2025-03-21,Centro,AV04,12291658,1064.0,5.807142,-73.006556,5.805537,-73.004589,80.4384
2025-03-03,Centro,AV06,10598284,250.0,4.946467,-73.941175,4.68517,-74.0894,18.9
2025-03-29,Centro,AV47,14126343,800.0,4.541264,-74.251706,4.342643462,-74.36591,60.48
2025-03-11,Centro,AV50,10592899,150.3333333,4.742992,-74.164592,4.81463,-74.3502,11.36519999748
2025-03-22,Centro,AV50,13949583,540.0,4.742992,-74.164592,4.63932278,-74.13553191,40.824
2025-03-06,Centro,AV06,12738954,206.0,4.946467,-73.941175,4.873950071,-74.141887,15.5736
2025-03-07,Centro,AV06,12291574,2050.0,4.946467,-73.941175,2.55768,-72.638,154.98
2025-03-27,Centro,AV06,12734639,67.45,4.946467,-73.941175,4.738837655,-74.02750148,5.09922
2025-03-22,Centro,AV42,14031165,140.0,5.544456,-73.352553,5.199111,-73.149194,10.584
2025-03-10,Centro,AV06,10795335,3.25,4.946467,-73.941175,4.70021,-74.1155,0.2457
2025-03-06,Centro,AV06,12291320,945.0,4.946467,-73.941175,4.176519148,-73.64177585,71.44200000000001
2025-03-03,Centro,AV06,14026090,215.0,4.946467,-73.941175,4.920671395,-74.03295256,16.254
2025-03-06,Centro,AV06,12996139,1500.0,4.946467,-73.941175,4.62811,-74.160094,113.4
2025-03-21,Centro,AV06,12201193,72.5,4.946467,-73.941175,4.710608514,-74.05899132,5.481
2025-03-27,Centro,AV47,13200950,450.0,4.541264,-74.251706,4.632617,-74.452641,34.02
2025-03-26,Centro,AV06,11272034,104.0,4.946467,-73.941175,4.86747,-73.877,7.8624
2025-03-31,Centro,AV50,14175053,900.0,4.742992,-74.164592,4.707255696,-74.21586094,68.04
2025-03-01,Centro,AV06,10795262,40.3333333,4.946467,-73.941175,4.68332,-74.0807,3.04919999748
2025-03-28,Centro,AV47,13849853,450.0,4.541264,-74.251706,4.596548,-74.197851,34.02
2025-03-03,Centro,AV06,12258437,75.0,4.946467,-73.941175,4.864536,-74.060555,5.67
2025-03-05,Centro,AV47,11372715,516.0,4.541264,-74.251706,4.573843,-74.162496,39.0096
2025-03-08,Centro,AV26,13184232,60.75,4.596453,-74.148856,4.55314082,-74.15900274,4.5927
2025-03-11,Centro,AV42,10297082,480.0,5.544456,-73.352553,5.652462,-73.653313,36.288
2025-03-28,Centro,AV26,14171456,450.0,4.596453,-74.148856,4.611028,-74.136923,34.02
2025-03-04,Centro,AV50,13719685,230.0,4.742992,-74.164592,4.70747,-74.23193,17.388
2025-03-29,Centro,AV06,13876661,450.0,4.946467,-73.941175,4.66308425,-74.06331785,34.02
2025-03-31,Centro,AV42,13354095,450.0,5.544456,-73.352553,5.51768,-73.365112,34.02
2025-03-14,Centro,AV06,14234318,800.0,4.946467,-73.941175,4.63763283,-74.06995454,60.48
2025-03-04,Centro,AV26,14192257,54.0,4.596453,-74.148856,4.510155614,-74.11143333,4.0824
2025-03-01,Centro,AV50,12499059,5.2083333,4.742992,-74.164592,4.70601106,-74.09347852,0.3937499974799999
2025-03-13,Centro,AV06,14234261,900.0,4.946467,-73.941175,4.75279326,-74.04555369,68.04
2025-03-29,Centro,AV50,13862572,1000.0,4.742992,-74.164592,4.71964,-74.23867,75.6
2025-03-22,Centro,AV06,14228850,1140.0,4.946467,-73.941175,4.60675053,-74.08641235,86.184
2025-03-30,Centro,AV06,12565696,900.0,4.946467,-73.941175,4.723704455,-74.12314348,68.04
2025-03-31,Centro,AV26,12752013,200.0,4.596453,-74.148856,4.548462,-74.093207,15.12
2025-03-29,Centro,AV47,11255477,450.0,4.541264,-74.251706,4.632231,-74.464926,34.02
2025-03-12,Centro,AV26,10794628,386.5,4.596453,-74.148856,4.64358,-74.13,29.2194
2025-03-01,Centro,AV42,13205019,50.0,5.544456,-73.352553,5.50021727,-73.33286303,3.78
2025-03-20,Centro,AV06,12611980,900.0,4.946467,-73.941175,4.949344,-73.94425,68.04
2025-03-14,Centro,AV06,11618884,3456.0,4.946467,-73.941175,4.60566,-74.0842,261.2736
2025-03-06,Centro,AV04,12291366,490.0,5.807142,-73.006556,5.805537,-73.004589,37.044
2025-03-29,Centro,AV26,10794833,114.2,4.596453,-74.148856,4.598146,-74.165831,8.63352
2025-03-12,Centro,AV06,10794836,249.2,4.946467,-73.941175,4.617067,-74.090837,18.83952
2025-03-08,Centro,AV06,13651177,270.0,4.946467,-73.941175,4.6490629,-74.124193,20.412
2025-03-25,Centro,AV26,10771994,500.0,4.596453,-74.148856,4.57196,-74.0933,37.8
2025-03-21,Centro,AV26,14192257,275.0,4.596453,-74.148856,4.510155614,-74.11143333,20.79
2025-03-19,Centro,AV06,11468625,480.0,4.946467,-73.941175,5.08345,-73.3664,36.288
2025-03-01,Centro,AV50,12211377,523.0,4.742992,-74.164592,5.011516303,-74.46906948,39.5388
2025-03-25,Centro,AV06,10795441,1000.0,4.946467,-73.941175,4.77137,-74.0404,75.6
2025-03-18,Centro,AV06,10794825,1000.0,4.946467,-73.941175,4.68015,-74.1525,75.6
2025-03-14,Centro,AV50,13777408,488.0,4.742992,-74.164592,4.697317416,-74.09515155,36.8928
2025-03-30,Centro,AV06,14121551,900.0,4.946467,-73.941175,4.62709004,-74.09909111,68.04
2025-03-26,Centro,AV06,12468175,1900.0,4.946467,-73.941175,4.6064848,-74.08507,143.64
2025-03-13,Centro,AV04,12955588,275.0,5.807142,-73.006556,5.988616513,-72.91161493,20.79
2025-03-07,Centro,AV47,12408426,550.0,4.541264,-74.251706,4.540471,-74.25511,41.58
2025-03-04,Centro,AV42,12216123,90.0,5.544456,-73.352553,5.28224,-73.1679,6.804
2025-03-28,Centro,AV06,10794826,14.1,4.946467,-73.941175,4.67675,-74.1168,1.06596
2025-03-31,Centro,AV26,12436775,500.0,4.596453,-74.148856,4.60287,-74.14647,37.8
2025-03-19,Centro,AV04,10290373,50.0,5.807142,-73.006556,5.51897,-72.8845,3.78
2025-03-14,Centro,AV26,10584114,432.0,4.596453,-74.148856,4.64380959,-74.063973,32.6592
2025-03-05,Centro,AV06,12570303,450.0,4.946467,-73.941175,5.027085099,-73.99887073,34.02
2025-03-31,Centro,AV26,11487790,500.0,4.596453,-74.148856,4.572063,-74.094715,37.8
2025-03-22,Centro,AV06,12738954,51.0,4.946467,-73.941175,4.873950071,-74.141887,3.8556
2025-03-17,Centro,AV06,13027936,191.75,4.946467,-73.941175,4.680525,-74.050063,14.4963
2025-03-26,Centro,AV50,10616643,84.0,4.742992,-74.164592,4.92958,-74.1715,6.3504000000000005
2025-03-22,Centro,AV06,13114895,114.7,4.946467,-73.941175,4.701902481,-74.03092152,8.67132
2025-03-28,Centro,AV04,13929223,463.0,5.807142,-73.006556,5.56090395,-72.57729,35.0028
2025-03-11,Centro,AV50,12186829,480.0,4.742992,-74.164592,4.751755,-74.144885,36.288
2025-03-27,Centro,AV06,12747783,290.0,4.946467,-73.941175,4.917219898,-74.03792938,21.924
2025-03-03,Centro,AV04,10282280,110.0,5.807142,-73.006556,5.80194,-72.799173,8.316
2025-03-05,Centro,AV06,13978658,220.0,4.946467,-73.941175,5.0227742,-73.9822619,16.632
2025-03-06,Centro,AV06,13547219,116.0,4.946467,-73.941175,4.732550824,-74.02601692,8.7696
2025-03-06,Centro,AV47,14243508,431.2499999,4.541264,-74.251706,4.60169315,-74.18285209,32.60249999244
2025-03-23,Centro,AV06,13469288,20.0,4.946467,-73.941175,4.737975642,-74.02879354,1.512
2025-03-14,Centro,AV47,12784751,720.0,4.541264,-74.251706,4.522614,-74.241185,54.432
2025-03-19,Centro,AV50,14214600,150.0,4.742992,-74.164592,4.716938347,-74.21356135,11.34
2025-03-27,Centro,AV06,13852555,210.0,4.946467,-73.941175,4.758558885,-74.05030478,15.876
2025-03-20,Centro,AV47,14126343,600.0,4.541264,-74.251706,4.342643462,-74.36591,45.36
2025-03-01,Centro,AV06,11325369,196.8,4.946467,-73.941175,4.88527,-74.0368,14.87808
2025-03-31,Centro,AV06,10794837,400.0,4.946467,-73.941175,4.66261,-74.13209,30.24
2025-03-19,Centro,AV06,13519206,220.0,4.946467,-73.941175,4.6411483,-74.0719684,16.632
2025-03-22,Centro,AV26,12767171,660.0,4.596453,-74.148856,4.600081412,-74.16501213,49.896
2025-03-12,Centro,AV26,10795539,261.0,4.596453,-74.148856,4.624245,-74.195758,19.7316
2025-03-31,Centro,AV50,12399495,450.0,4.742992,-74.164592,4.728201,-74.219292,34.02
2025-03-13,Centro,AV26,13749431,314.0,4.596453,-74.148856,4.60543236,-74.13633567,23.7384
2025-03-19,Centro,AV50,13754617,480.0,4.742992,-74.164592,4.71382388,-74.10081664,36.288
2025-03-03,Centro,AV50,12399495,450.0,4.742992,-74.164592,4.728201,-74.219292,34.02
2025-03-19,Centro,AV26,10757473,140.0,4.596453,-74.148856,4.554051,-74.093696,10.584
2025-03-06,Centro,AV26,10795439,564.6666667,4.596453,-74.148856,4.5884985,-74.1667259,42.68880000252
2025-03-06,Centro,AV06,13747932,151.0,4.946467,-73.941175,4.8638156,-74.06109901,11.4156
2025-03-27,Centro,AV06,10795230,1000.0,4.946467,-73.941175,4.629552,-74.125001,75.6
2025-03-15,Centro,AV06,14130070,444.0,4.946467,-73.941175,4.720915,-73.967129,33.5664
2025-03-12,Centro,AV06,10485724,447.0,4.946467,-73.941175,4.87218,-74.1462,33.7932
2025-03-27,Centro,AV50,14175053,900.0,4.742992,-74.164592,4.707255696,-74.21586094,68.04
2025-03-15,Centro,AV47,12231633,165.0,4.541264,-74.251706,4.5783301,-74.2425625,12.474
2025-03-31,Centro,AV06,10795311,900.0,4.946467,-73.941175,4.64266,-74.0757,68.04
2025-03-06,Centro,AV04,10282280,116.5,5.807142,-73.006556,5.80194,-72.799173,8.8074
2025-03-31,Centro,AV50,12399495,450.0,4.742992,-74.164592,4.728201,-74.219292,34.02
2025-03-27,Centro,AV26,10947192,326.6666667,4.596453,-74.148856,4.57861,-74.10259,24.69600000252
2025-03-12,Centro,AV06,10483231,100.5833332,4.946467,-73.941175,4.96319,-73.9266,7.60409998992
2025-03-19,Centro,AV06,10795272,7.0,4.946467,-73.941175,4.76102,-74.0441,0.5292
2025-03-20,Centro,AV06,14234318,750.0,4.946467,-73.941175,4.63763283,-74.06995454,56.7
2025-03-08,Centro,AV47,14022774,100.0,4.541264,-74.251706,4.586334725,-74.21671449,7.56
2025-03-22,Centro,AV06,10795441,500.0,4.946467,-73.941175,4.77137,-74.0404,37.8
2025-03-13,Centro,AV04,12291292,3840.0,5.807142,-73.006556,5.805537,-73.004589,290.304
2025-03-05,Centro,AV47,14240020,186.0,4.541264,-74.251706,4.56868019,-74.22995928,14.0616
2025-03-25,Centro,AV06,10795260,2003.0,4.946467,-73.941175,4.73446,-74.0656,151.4268
2025-03-01,Centro,AV06,10795309,541.3333333,4.946467,-73.941175,4.68689,-74.0737,40.92479999748
2025-03-08,Centro,AV06,14121551,1800.0,4.946467,-73.941175,4.62709004,-74.09909111,136.08
2025-03-10,Centro,AV06,11188850,712.0,4.946467,-73.941175,4.940174,-73.943858,53.8272
2025-03-22,Centro,AV26,13184232,10.0,4.596453,-74.148856,4.55314082,-74.15900274,0.756
2025-03-01,Centro,AV42,14150049,100.0,5.544456,-73.352553,5.3997727,-73.3356032,7.56
2025-03-31,Centro,AV26,12131610,250.0,4.596453,-74.148856,4.5171633,-74.0894824,18.9
2025-03-13,Centro,AV26,10753538,465.25,4.596453,-74.148856,4.55464,-74.0846,35.1729
2025-03-25,Centro,AV06,13200055,382.0,4.946467,-73.941175,5.008394228,-73.47196365,28.8792
2025-03-20,Centro,AV06,10795310,23.75,4.946467,-73.941175,4.6321,-74.0755,1.7955
2025-03-03,Centro,AV06,13200543,50.0,4.946467,-73.941175,5.096067362,-73.44583247,3.78
2025-03-03,Centro,AV42,13822840,170.0,5.544456,-73.352553,5.400237,-73.336135,12.852
2025-03-29,Centro,AV06,13978658,105.0,4.946467,-73.941175,5.0227742,-73.9822619,7.938
2025-03-26,Centro,AV06,14206523,312.0,4.946467,-73.941175,5.0839107,-73.3675403,23.5872
2025-03-03,Centro,AV06,12566225,3600.0,4.946467,-73.941175,4.628305,-74.159196,272.16
2025-03-07,Centro,AV47,12180705,100.0,4.541264,-74.251706,4.59129,-74.3401,7.56
2025-03-18,Centro,AV04,11702610,490.0,5.807142,-73.006556,5.782401,-73.115921,37.044
2025-03-21,Centro,AV06,10795308,12.0,4.946467,-73.941175,4.64777,-74.0601,0.9072
2025-03-08,Centro,AV06,13027932,53.8333333,4.946467,-73.941175,4.639718799,-74.07337601,4.06979999748
2025-03-10,Centro,AV50,11628254,191.75,4.742992,-74.164592,4.7177,-74.2241,14.4963
2025-03-06,Centro,AV06,13469288,156.0,4.946467,-73.941175,4.737975642,-74.02879354,11.7936
2025-03-27,Centro,AV26,14136396,60.0,4.596453,-74.148856,4.5461179,-74.10619086,4.536
2025-03-13,Centro,AV47,14013391,135.0,4.541264,-74.251706,4.578067,-74.4440807,10.206
2025-03-30,Centro,AV06,12565696,900.0,4.946467,-73.941175,4.723704455,-74.12314348,68.04
2025-03-19,Centro,AV50,14041147,70.0,4.742992,-74.164592,4.8141195,-74.350649,5.292
2025-03-29,Centro,AV06,10795230,1000.0,4.946467,-73.941175,4.629552,-74.125001,75.6
2025-03-03,Centro,AV47,13409261,490.0,4.541264,-74.251706,4.570519666,-74.23725,37.044
2025-03-28,Centro,AV06,10795441,500.0,4.946467,-73.941175,4.77137,-74.0404,37.8
2025-03-06,Centro,AV50,13054404,51.0,4.742992,-74.164592,4.744539017,-74.12446454,3.8556
2025-03-12,Centro,AV04,10279095,480.0,5.807142,-73.006556,5.80617,-73.00564,36.288
2025-03-20,Centro,AV26,11338767,235.0,4.596453,-74.148856,4.5317,-73.9223,17.766000000000002
2025-03-13,Centro,AV06,12513754,321.0,4.946467,-73.941175,4.863828959,-74.05947729,24.2676
2025-03-06,Centro,AV50,14046991,860.0,4.742992,-74.164592,4.73791,-74.16065,65.016
2025-03-28,Centro,AV26,13649612,226.5,4.596453,-74.148856,4.532392317,-74.1521557,17.1234
2025-03-26,Centro,AV06,13469288,115.0,4.946467,-73.941175,4.737975642,-74.02879354,8.694
2025-03-28,Centro,AV26,11487790,750.0,4.596453,-74.148856,4.572063,-74.094715,56.7
2025-03-03,Centro,AV06,10795309,500.0,4.946467,-73.941175,4.68689,-74.0737,37.8
2025-03-11,Centro,AV47,13409261,490.0,4.541264,-74.251706,4.570519666,-74.23725,37.044
2025-03-08,Centro,AV04,12291366,490.0,5.807142,-73.006556,5.805537,-73.004589,37.044
2025-03-27,Centro,AV06,10795230,3000.0,4.946467,-73.941175,4.629552,-74.125001,226.8
2025-03-11,Centro,AV06,13114895,140.75,4.946467,-73.941175,4.701902481,-74.03092152,10.6407
2025-03-28,Centro,AV50,12297130,105.0,4.742992,-74.164592,4.728168,-74.093705,7.938
2025-03-18,Centro,AV06,13027932,138.5,4.946467,-73.941175,4.639718799,-74.07337601,10.4706
2025-03-20,Centro,AV26,10794833,96.6,4.596453,-74.148856,4.598146,-74.165831,7.30296
2025-03-12,Centro,AV47,13409261,525.0,4.541264,-74.251706,4.570519666,-74.23725,39.69
2025-03-28,Centro,AV04,10279115,431.0,5.807142,-73.006556,5.825424,-73.03205,32.5836
2025-03-25,Centro,AV26,10584114,432.0,4.596453,-74.148856,4.64380959,-74.063973,32.6592
2025-03-28,Centro,AV04,10314596,211.6,5.807142,-73.006556,5.832941105,-73.0318982,15.99696
2025-03-27,Centro,AV42,11394843,471.0,5.544456,-73.352553,5.282256,-73.167873,35.6076
2025-03-19,Centro,AV04,12291366,465.0,5.807142,-73.006556,5.805537,-73.004589,35.154
2025-03-25,Centro,AV04,12989222,500.0,5.807142,-73.006556,5.56739162,-73.18388698,37.8
2025-03-03,Centro,AV04,12955588,50.0,5.807142,-73.006556,5.988616513,-72.91161493,3.78
2025-03-17,Centro,AV04,10279115,515.0,5.807142,-73.006556,5.825424,-73.03205,38.934
2025-03-18,Centro,AV06,12223810,27.0,4.946467,-73.941175,4.65159597,-74.10677234,2.0412
2025-03-25,Centro,AV06,13969047,1000.0,4.946467,-73.941175,4.64254126,-74.07741204,75.6
2025-03-01,Centro,AV06,10794840,282.7,4.946467,-73.941175,4.86314,-74.0437,21.37212
2025-03-26,Centro,AV06,14121551,900.0,4.946467,-73.941175,4.62709004,-74.09909111,68.04
2025-03-08,Centro,AV04,10279115,369.0,5.807142,-73.006556,5.825424,-73.03205,27.8964
2025-03-06,Centro,AV47,12684327,450.0,4.541264,-74.251706,4.5862,-74.211721,34.02
2025-03-28,Centro,AV06,13385441,100.0,4.946467,-73.941175,4.74623392,-74.05896575,7.56
2025-03-21,Centro,AV47,14242114,450.0,4.541264,-74.251706,4.32876,-74.38622,34.02
2025-03-19,Centro,AV04,12941201,450.0,5.807142,-73.006556,5.716109,-72.932758,34.02
2025-03-22,Centro,AV47,12684327,320.0,4.541264,-74.251706,4.5862,-74.211721,24.192
2025-03-13,Centro,AV04,12291292,1869.0,5.807142,-73.006556,5.805537,-73.004589,141.2964
2025-03-01,Centro,AV47,13849853,40.0,4.541264,-74.251706,4.596548,-74.197851,3.024
2025-03-19,Centro,AV06,10795295,14.0,4.946467,-73.941175,4.69637,-74.0427,1.0584
2025-03-28,Centro,AV26,10947192,405.0,4.596453,-74.148856,4.57861,-74.10259,30.618
2025-03-04,Centro,AV26,10794833,1709.0,4.596453,-74.148856,4.598146,-74.165831,129.2004
2025-03-28,Centro,AV04,10314591,335.3333333,5.807142,-73.006556,5.826054498,-73.0333059,25.35119999748
2025-03-31,Centro,AV26,13472905,500.0,4.596453,-74.148856,4.571113,-74.090515,37.8
2025-03-26,Centro,AV04,12291292,3840.0,5.807142,-73.006556,5.805537,-73.004589,290.304
2025-03-28,Centro,AV50,12399495,450.0,4.742992,-74.164592,4.728201,-74.219292,34.02
2025-03-19,Centro,AV26,12176978,200.0,4.596453,-74.148856,4.60439,-74.1357,15.12
2025-03-20,Centro,AV47,14243508,76.0,4.541264,-74.251706,4.60169315,-74.18285209,5.7456
2025-03-12,Centro,AV50,13234994,115.0,4.742992,-74.164592,4.710877,-74.108131,8.694
2025-03-20,Centro,AV06,10795308,135.9333333,4.946467,-73.941175,4.64777,-74.0601,10.27655999748
2025-03-07,Centro,AV26,12551327,351.0,4.596453,-74.148856,4.590592,-74.154526,26.5356
2025-03-05,Centro,AV04,11874240,75.0,5.807142,-73.006556,5.7094289,-72.933467,5.67
2025-03-01,Centro,AV06,10483231,50.0,4.946467,-73.941175,4.96319,-73.9266,3.78
2025-03-28,Centro,AV06,12637278,3330.0,4.946467,-73.941175,1.851860173,-76.04231015,251.748
2025-03-21,Centro,AV04,10279115,425.0,5.807142,-73.006556,5.825424,-73.03205,32.13
2025-03-11,Centro,AV50,14175053,900.0000001,4.742992,-74.164592,4.707255696,-74.21586094,68.04000000756
2025-03-07,Centro,AV06,10795261,500.0,4.946467,-73.941175,4.71272,-74.0344,37.8
2025-03-15,Centro,AV26,13767195,353.7666666,4.596453,-74.148856,4.594150057,-74.13723576,26.74475999496
2025-03-27,Centro,AV42,13354095,450.0,5.544456,-73.352553,5.51768,-73.365112,34.02
2025-03-11,Centro,AV06,13881550,290.0,4.946467,-73.941175,4.77376,-74.15948,21.924
2025-03-15,Centro,AV26,11379155,56.25,4.596453,-74.148856,4.62193,-74.1678,4.2525
2025-03-22,Centro,AV06,11468625,480.0,4.946467,-73.941175,5.08345,-73.3664,36.288
2025-03-06,Centro,AV26,10794833,139.6,4.596453,-74.148856,4.598146,-74.165831,10.55376
2025-03-22,Centro,AV47,10633887,111.0,4.541264,-74.251706,4.64906,-74.414,8.3916
2025-03-08,Centro,AV26,13201665,500.0,4.596453,-74.148856,4.574178825,-74.15203345,37.8
2025-03-13,Centro,AV50,14046991,358.0,4.742992,-74.164592,4.73791,-74.16065,27.0648
2025-03-30,Centro,AV06,12565696,900.0,4.946467,-73.941175,4.723704455,-74.12314348,68.04
2025-03-14,Centro,AV06,13662499,99.0,4.946467,-73.941175,5.144974134,-73.68733397,7.4844
2025-03-05,Centro,AV06,13001713,900.0,4.946467,-73.941175,4.6029336,-74.1826122,68.04
2025-03-10,Centro,AV04,12632206,783.0,5.807142,-73.006556,5.525715,-73.3452019,59.1948
2025-03-14,Centro,AV06,13027932,23.5,4.946467,-73.941175,4.639718799,-74.07337601,1.7766
2025-03-26,Centro,AV50,11199877,1.5,4.742992,-74.164592,4.714186,-74.219022,0.1134
2025-03-03,Centro,AV06,10795262,50.4,4.946467,-73.941175,4.68332,-74.0807,3.81024
2025-03-22,Centro,AV26,13749431,413.0,4.596453,-74.148856,4.60543236,-74.13633567,31.2228
2025-03-08,Centro,AV04,12632206,1133.0,5.807142,-73.006556,5.525715,-73.3452019,85.6548
2025-03-15,Centro,AV06,13876661,200.0,4.946467,-73.941175,4.66308425,-74.06331785,15.12
2025-03-08,Centro,AV42,14031165,202.0,5.544456,-73.352553,5.199111,-73.149194,15.2712
2025-03-12,Centro,AV06,12201193,84.25,4.946467,-73.941175,4.710608514,-74.05899132,6.3693
2025-03-15,Centro,AV26,10947192,506.0,4.596453,-74.148856,4.57861,-74.10259,38.2536
2025-03-31,Centro,AV04,13929223,439.0,5.807142,-73.006556,5.56090395,-72.57729,33.1884
2025-03-12,Centro,AV26,10771994,401.0,4.596453,-74.148856,4.57196,-74.0933,30.3156
2025-03-25,Centro,AV06,13001713,1800.0,4.946467,-73.941175,4.6029336,-74.1826122,136.08
2025-03-17,Centro,AV04,13866825,1000.0,5.807142,-73.006556,5.994968,-72.691329,75.6
2025-03-15,Centro,AV26,13957832,200.0,4.596453,-74.148856,4.620287,-74.165646,15.12
2025-03-12,Centro,AV06,10795331,93.6833333,4.946467,-73.941175,4.65374,-74.1095,7.08245999748
2025-03-15,Centro,AV06,13848816,810.0,4.946467,-73.941175,3.72002778,-75.484073,61.236
2025-03-05,Centro,AV06,10795272,5.2,4.946467,-73.941175,4.76102,-74.0441,0.39312
2025-03-21,Centro,AV26,10794828,15.4,4.596453,-74.148856,4.63195,-74.146,1.16424
2025-03-07,Centro,AV04,12571274,55.0,5.807142,-73.006556,5.818957417,-73.03599237,4.158
2025-03-08,Centro,AV06,10795161,150.0,4.946467,-73.941175,4.72711,-74.0654,11.34
2025-03-26,Centro,AV06,10795264,518.5,4.946467,-73.941175,4.59352,-74.1244,39.1986
2025-03-04,Centro,AV26,10755524,501.0,4.596453,-74.148856,4.5066,-74.1475,37.8756
2025-03-29,Centro,AV06,11268397,486.0,4.946467,-73.941175,4.92073,-74.0242,36.7416
2025-03-29,Centro,AV26,12754826,500.0,4.596453,-74.148856,4.566603809,-74.08116971,37.8
2025-03-03,Centro,AV06,14228850,10.0,4.946467,-73.941175,4.60675053,-74.08641235,0.756
2025-03-17,Centro,AV42,12490276,63.0,5.544456,-73.352553,5.522266459,-73.36141833,4.7628
2025-03-10,Centro,AV50,12937600,101.0,4.742992,-74.164592,4.731025711,-74.43521896,7.6356
2025-03-14,Centro,AV50,12495489,151.0,4.742992,-74.164592,4.760357,-74.466082,11.4156
2025-03-14,Centro,AV50,10587658,366.0,4.742992,-74.164592,4.74348,-74.1221,27.6696
2025-03-22,Centro,AV06,13185520,150.0,4.946467,-73.941175,5.038149808,-73.99355058,11.34
2025-03-06,Centro,AV50,12211377,126.0,4.742992,-74.164592,5.011516303,-74.46906948,9.5256
2025-03-04,Centro,AV06,13114893,64.8666667,4.946467,-73.941175,4.66751678,-74.11906,4.90392000252
2025-03-27,Centro,AV47,11372715,102.0,4.541264,-74.251706,4.573843,-74.162496,7.7112
2025-03-26,Centro,AV06,13114894,120.5,4.946467,-73.941175,4.632056,-74.093952,9.1098
2025-03-18,Centro,AV06,10795311,17.05,4.946467,-73.941175,4.64266,-74.0757,1.28898
2025-03-21,Centro,AV06,14121551,900.0,4.946467,-73.941175,4.62709004,-74.09909111,68.04
2025-03-27,Centro,AV50,13189153,285.0,4.742992,-74.164592,4.96595503,-74.43643969,21.546
2025-03-11,Centro,AV06,14121551,893.3333333,4.946467,-73.941175,4.62709004,-74.09909111,67.53599999748
2025-03-10,Centro,AV50,12399495,450.0,4.742992,-74.164592,4.728201,-74.219292,34.02
2025-03-31,Centro,AV06,11468625,500.0,4.946467,-73.941175,5.08345,-73.3664,37.8
2025-03-15,Centro,AV47,11553757,63.0,4.541264,-74.251706,4.622261,-74.202565,4.7628
2025-03-31,Centro,AV50,12186829,395.0,4.742992,-74.164592,4.751755,-74.144885,29.862
2025-03-07,Centro,AV06,12996139,3000.0,4.946467,-73.941175,4.62811,-74.160094,226.8
2025-03-12,Centro,AV26,10771713,383.4166667,4.596453,-74.148856,4.56127,-74.1407,28.98630000252
2025-03-25,Centro,AV06,13114887,125.7,4.946467,-73.941175,4.729824162,-74.02424657,9.50292
2025-03-20,Centro,AV47,11308111,5.0,4.541264,-74.251706,4.611537,-74.22155,0.378
2025-03-08,Centro,AV06,10795339,10.35,4.946467,-73.941175,4.74906,-74.0971,0.7824599999999999
2025-03-03,Centro,AV06,13027935,34.0,4.946467,-73.941175,4.664516,-74.056235,2.5704
2025-03-10,Centro,AV42,12461640,485.0,5.544456,-73.352553,5.509702,-73.373098,36.666
2025-03-05,Centro,AV04,10314592,30.5,5.807142,-73.006556,5.715429656,-72.92936,2.3058
2025-03-20,Centro,AV26,12109406,310.0,4.596453,-74.148856,4.627036478,-74.14946091,23.436
2025-03-31,Centro,AV47,11372715,450.0,4.541264,-74.251706,4.573843,-74.162496,34.02
2025-03-14,Centro,AV06,13237608,50.0,4.946467,-73.941175,5.03337803,-73.9965692,3.78
2025-03-28,Centro,AV47,14242114,450.0,4.541264,-74.251706,4.32876,-74.38622,34.02
2025-03-20,Centro,AV26,13198090,411.0,4.596453,-74.148856,4.548856612,-74.14520477,31.0716
2025-03-15,Centro,AV26,14230382,151.0,4.596453,-74.148856,4.62078119,-74.14758491,11.4156
2025-03-27,Centro,AV50,14175053,900.0,4.742992,-74.164592,4.707255696,-74.21586094,68.04
2025-03-17,Centro,AV47,12549072,150.0,4.541264,-74.251706,4.600005032,-74.1804782,11.34
2025-03-08,Centro,AV50,11677477,270.0,4.742992,-74.164592,4.817271,-74.099505,20.412
2025-03-20,Centro,AV06,12996139,500.0,4.946467,-73.941175,4.62811,-74.160094,37.8
2025-03-03,Centro,AV47,13855020,445.0,4.541264,-74.251706,4.326515,-74.4033,33.642
2025-03-13,Centro,AV26,14028107,110.0,4.596453,-74.148856,4.55676041,-74.109222,8.316
2025-03-03,Centro,AV26,11487790,1105.0,4.596453,-74.148856,4.572063,-74.094715,83.538
2025-03-18,Centro,AV47,10794821,8.0,4.541264,-74.251706,4.589759,-74.204982,0.6048
2025-03-05,Centro,AV50,14046991,735.0,4.742992,-74.164592,4.73791,-74.16065,55.566
2025-03-14,Centro,AV06,10795295,83.0,4.946467,-73.941175,4.69637,-74.0427,6.2748
2025-03-08,Centro,AV42,14150049,124.6666665,5.544456,-73.352553,5.3997727,-73.3356032,9.4247999874
2025-03-01,Centro,AV06,13114894,34.0,4.946467,-73.941175,4.632056,-74.093952,2.5704
2025-03-29,Centro,AV04,10290373,210.0,5.807142,-73.006556,5.51897,-72.8845,15.876
2025-03-15,Centro,AV06,13855464,121.0,4.946467,-73.941175,4.7594841,-74.0562124,9.1476
2025-03-22,Centro,AV50,13172257,70.0,4.742992,-74.164592,4.71773,-74.2121,5.292
2025-03-21,Centro,AV47,14240020,30.0,4.541264,-74.251706,4.56868019,-74.22995928,2.268
2025-03-23,Centro,AV50,12783067,57.75,4.742992,-74.164592,5.004283036,-74.47233542,4.3659
2025-03-13,Centro,AV06,12291605,1620.0,4.946467,-73.941175,4.949344,-73.94424999,122.472
2025-03-20,Centro,AV26,10753538,490.0,4.596453,-74.148856,4.55464,-74.0846,37.044
2025-03-01,Centro,AV06,12637278,1782.0,4.946467,-73.941175,1.851860173,-76.04231015,134.7192
2025-03-28,Centro,AV47,12549072,500.0,4.541264,-74.251706,4.600005032,-74.1804782,37.8
2025-03-01,Centro,AV06,13027933,225.5666667,4.946467,-73.941175,4.64169,-74.06218,17.05284000252
2025-03-08,Centro,AV26,11487790,500.0,4.596453,-74.148856,4.572063,-74.094715,37.8
2025-03-21,Centro,AV06,13027931,232.0333333,4.946467,-73.941175,4.720215,-74.045457,17.54171999748
2025-03-14,Centro,AV06,11240272,230.0,4.946467,-73.941175,4.7124,-74.0711,17.388
2025-03-13,Centro,AV47,12761449,100.3333333,4.541264,-74.251706,4.343973,-74.377068,7.58519999748
2025-03-21,Centro,AV26,11487790,750.0,4.596453,-74.148856,4.572063,-74.094715,56.7
2025-03-06,Centro,AV50,13825518,275.6666665,4.742992,-74.164592,4.69929111,-74.12478684,20.8403999874
2025-03-12,Centro,AV47,11372715,50.0,4.541264,-74.251706,4.573843,-74.162496,3.78
2025-03-23,Centro,AV06,10795261,500.0,4.946467,-73.941175,4.71272,-74.0344,37.8
2025-03-20,Centro,AV06,10795309,462.05,4.946467,-73.941175,4.68689,-74.0737,34.93098
2025-03-06,Centro,AV06,13949640,1620.0,4.946467,-73.941175,3.53789,-73.7042,122.472
2025-03-14,Centro,AV50,10627679,203.0,4.742992,-74.164592,5.06,-74.2368,15.3468
2025-03-17,Centro,AV47,12180705,234.0,4.541264,-74.251706,4.59129,-74.3401,17.6904
2025-03-17,Centro,AV06,11153203,101.0,4.946467,-73.941175,4.73877,-74.0286,7.6356
2025-03-27,Centro,AV06,13969057,45.0,4.946467,-73.941175,5.219172777,-73.45740583,3.402
2025-03-04,Centro,AV26,12767171,500.0,4.596453,-74.148856,4.600081412,-74.16501213,37.8
2025-03-17,Centro,AV06,12955370,325.0,4.946467,-73.941175,4.732054621,-74.02572058,24.57
2025-03-01,Centro,AV47,12549072,70.0,4.541264,-74.251706,4.600005032,-74.1804782,5.292
2025-03-25,Centro,AV47,12684327,270.0,4.541264,-74.251706,4.5862,-74.211721,20.412
2025-03-08,Centro,AV06,13027935,31.8333333,4.946467,-73.941175,4.664516,-74.056235,2.40659999748
2025-03-25,Centro,AV26,14192257,325.0,4.596453,-74.148856,4.510155614,-74.11143333,24.57
2025-03-14,Centro,AV06,14234318,1000.0,4.946467,-73.941175,4.63763283,-74.06995454,75.6
2025-03-05,Centro,AV06,10795262,1313.0,4.946467,-73.941175,4.68332,-74.0807,99.2628
2025-03-11,Centro,AV06,13200055,93.0,4.946467,-73.941175,5.008394228,-73.47196365,7.0308
2025-03-23,Centro,AV06,13114888,64.5,4.946467,-73.941175,4.61955,-74.06643,4.8762
2025-03-22,Centro,AV06,12207480,395.0,4.946467,-73.941175,4.963782953,-73.91485868,29.862
2025-03-12,Centro,AV50,13754617,30.0,4.742992,-74.164592,4.71382388,-74.10081664,2.268
2025-03-03,Centro,AV06,13027925,128.5333333,4.946467,-73.941175,4.705158511,-74.07078,9.71711999748
2025-03-19,Centro,AV04,12632206,712.0,5.807142,-73.006556,5.525715,-73.3452019,53.8272
2025-03-03,Centro,AV06,13027927,80.8666667,4.946467,-73.941175,4.726194,-74.055209,6.11352000252
2025-03-29,Centro,AV47,10596108,500.0,4.541264,-74.251706,4.333963,-74.363534,37.8
2025-03-08,Centro,AV50,13954336,300.0,4.742992,-74.164592,4.81423,-74.35357,22.68
2025-03-15,Centro,AV04,10290373,419.0,5.807142,-73.006556,5.51897,-72.8845,31.6764
2025-03-31,Centro,AV47,13799819,450.0,4.541264,-74.251706,4.60043548,-74.18824768,34.02
2025-03-12,Centro,AV26,10761840,108.0,4.596453,-74.148856,4.61977,-74.1732,8.1648
2025-03-27,Centro,AV47,12504113,22.0,4.541264,-74.251706,4.4548752,-74.37992376,1.6632
2025-03-31,Centro,AV50,13216000,480.0,4.742992,-74.164592,4.749443,-74.112656,36.288
2025-03-11,Centro,AV47,13200950,450.0,4.541264,-74.251706,4.632617,-74.452641,34.02
2025-03-11,Centro,AV06,11618884,3172.6666667,4.946467,-73.941175,4.60566,-74.0842,239.85360000252
2025-03-25,Centro,AV06,10794836,3000.0,4.946467,-73.941175,4.617067,-74.090837,226.8
2025-03-11,Centro,AV06,11188850,712.0,4.946467,-73.941175,4.940174,-73.943858,53.8272
2025-03-29,Centro,AV06,10795230,1000.0,4.946467,-73.941175,4.629552,-74.125001,75.6
2025-03-25,Centro,AV04,13226266,480.0,5.807142,-73.006556,5.8079,-73.0194,36.288
2025-03-10,Centro,AV06,12135753,301.0,4.946467,-73.941175,5.012731,-73.861147,22.7556
2025-03-26,Centro,AV06,10795442,500.0,4.946467,-73.941175,4.69719,-74.087,37.8
2025-03-11,Centro,AV50,12532263,275.0,4.742992,-74.164592,4.735897491,-74.26588789,20.79
2025-03-18,Centro,AV06,10560251,368.0,4.946467,-73.941175,5.14431,-73.6865,27.8208
2025-03-04,Centro,AV06,10794837,200.0,4.946467,-73.941175,4.66261,-74.13209,15.12
2025-03-08,Centro,AV06,13723755,1000.0,4.946467,-73.941175,4.60349,-74.08485,75.6
2025-03-07,Centro,AV26,10795443,6.0,4.596453,-74.148856,4.596723,-74.152602,0.4536
2025-03-07,Centro,AV06,10794836,500.0,4.946467,-73.941175,4.617067,-74.090837,37.8
2025-03-26,Centro,AV06,13027924,101.0,4.946467,-73.941175,4.732307319,-74.04493192,7.6356
2025-03-26,Centro,AV06,12207480,251.0,4.946467,-73.941175,4.963782953,-73.91485868,18.9756
2025-03-18,Centro,AV06,12750910,1942.0,4.946467,-73.941175,2.91574609,-75.28551127,146.8152
2025-03-20,Centro,AV06,10795441,1500.0,4.946467,-73.941175,4.77137,-74.0404,113.4
2025-03-21,Centro,AV50,12399495,450.0,4.742992,-74.164592,4.728201,-74.219292,34.02
2025-03-12,Centro,AV50,12499059,374.75,4.742992,-74.164592,4.70601106,-74.09347852,28.3311
2025-03-15,Centro,AV47,11019248,100.0,4.541264,-74.251706,4.57208,-74.168,7.56
2025-03-27,Centro,AV06,10795272,87.2,4.946467,-73.941175,4.76102,-74.0441,6.59232
2025-03-29,Centro,AV42,10279105,450.0,5.544456,-73.352553,5.403232,-73.335933,34.02
2025-03-13,Centro,AV06,13949640,1620.0,4.946467,-73.941175,3.53789,-73.7042,122.472
2025-03-19,Centro,AV26,11487790,800.0,4.596453,-74.148856,4.572063,-74.094715,60.48
2025-03-28,Centro,AV04,11383983,432.0,5.807142,-73.006556,5.808149,-73.026729,32.6592
2025-03-17,Centro,AV06,12291316,120.0,4.946467,-73.941175,4.176519148,-73.64177585,9.072
2025-03-03,Centro,AV42,10475307,455.0,5.544456,-73.352553,5.40236,-73.3364,34.398
2025-03-03,Centro,AV26,14125886,20.25,4.596453,-74.148856,4.58599508,-74.11364358,1.5309
2025-03-21,Centro,AV47,12549072,200.0,4.541264,-74.251706,4.600005032,-74.1804782,15.12
2025-03-01,Centro,AV26,12109406,324.0,4.596453,-74.148856,4.627036478,-74.14946091,24.4944
2025-03-10,Centro,AV06,12291320,45.0,4.946467,-73.941175,4.176519148,-73.64177585,3.402
2025-03-25,Centro,AV04,11702610,80.0,5.807142,-73.006556,5.782401,-73.115921,6.048
2025-03-06,Centro,AV26,12754826,357.75,4.596453,-74.148856,4.566603809,-74.08116971,27.0459
2025-03-13,Centro,AV50,10625737,345.0,4.742992,-74.164592,4.703279,-74.132857,26.082
2025-03-27,Centro,AV06,12135753,937.0,4.946467,-73.941175,5.012731,-73.861147,70.8372
2025-03-26,Centro,AV06,10795260,511.1666667,4.946467,-73.941175,4.73446,-74.0656,38.64420000252
2025-03-01,Centro,AV06,14144703,136.0,4.946467,-73.941175,4.65529,-74.06044,10.2816
2025-03-17,Centro,AV26,13649612,161.25,4.596453,-74.148856,4.532392317,-74.1521557,12.1905
2025-03-28,Centro,AV42,10279118,315.0,5.544456,-73.352553,5.631301,-73.527817,23.814
2025-03-27,Centro,AV26,14171456,450.0,4.596453,-74.148856,4.611028,-74.136923,34.02
2025-03-29,Centro,AV26,12752013,424.0,4.596453,-74.148856,4.548462,-74.093207,32.0544
2025-03-06,Centro,AV04,10290373,480.0,5.807142,-73.006556,5.51897,-72.8845,36.288
2025-03-04,Centro,AV04,10314591,27.0,5.807142,-73.006556,5.826054498,-73.0333059,2.0412
2025-03-14,Centro,AV06,10794836,1000.0,4.946467,-73.941175,4.617067,-74.090837,75.6
2025-03-29,Centro,AV06,10794826,1000.0,4.946467,-73.941175,4.67675,-74.1168,75.6
2025-03-20,Centro,AV50,14073246,677.0,4.742992,-74.164592,4.77281,-74.16497,51.1812
2025-03-31,Centro,AV04,10279095,550.0,5.807142,-73.006556,5.80617,-73.00564,41.58
2025-03-13,Centro,AV50,12937600,160.0,4.742992,-74.164592,4.731025711,-74.43521896,12.096
2025-03-04,Centro,AV04,11674643,20.0,5.807142,-73.006556,5.82621,-73.0262,1.512
2025-03-08,Centro,AV50,11411107,600.0,4.742992,-74.164592,4.742676,-74.164932,45.36
2025-03-18,Centro,AV06,10794834,13.0,4.946467,-73.941175,4.7573,-74.0645,0.9828
2025-03-13,Centro,AV06,11188850,300.0,4.946467,-73.941175,4.940174,-73.943858,22.68
2025-03-27,Centro,AV26,12752013,131.0,4.596453,-74.148856,4.548462,-74.093207,9.9036
2025-03-01,Centro,AV04,10290373,480.0,5.807142,-73.006556,5.51897,-72.8845,36.288
2025-03-01,Centro,AV26,13767195,39.25,4.596453,-74.148856,4.594150057,-74.13723576,2.9673
2025-03-12,Centro,AV06,12594389,221.0,4.946467,-73.941175,5.024403267,-74.00954433,16.7076
2025-03-08,Centro,AV06,13969047,850.0,4.946467,-73.941175,4.64254126,-74.07741204,64.26
2025-03-21,Centro,AV06,12291574,2560.0,4.946467,-73.941175,2.55768,-72.638,193.536
2025-03-23,Centro,AV50,13216000,230.0,4.742992,-74.164592,4.749443,-74.112656,17.388
2025-03-31,Centro,AV50,13054404,253.8333333,4.742992,-74.164592,4.744539017,-74.12446454,19.18979999748
2025-03-08,Centro,AV06,12207480,108.0,4.946467,-73.941175,4.963782953,-73.91485868,8.1648
2025-03-27,Centro,AV06,12258437,50.0,4.946467,-73.941175,4.864536,-74.060555,3.78
2025-03-10,Centro,AV04,12291366,565.0,5.807142,-73.006556,5.805537,-73.004589,42.714
2025-03-27,Centro,AV04,11383983,432.0,5.807142,-73.006556,5.808149,-73.026729,32.6592
2025-03-21,Centro,AV50,13725910,450.0,4.742992,-74.164592,4.732428582,-74.09620625,34.02
2025-03-14,Centro,AV26,10794835,266.0,4.596453,-74.148856,4.569162,-74.099182,20.1096
2025-03-31,Centro,AV50,10625737,232.0,4.742992,-74.164592,4.703279,-74.132857,17.5392
2025-03-13,Centro,AV42,11730329,100.0,5.544456,-73.352553,5.56347,-73.346564,7.56
2025-03-04,Centro,AV50,14232230,200.0,4.742992,-74.164592,4.709523835,-74.21910298,15.12
2025-03-08,Centro,AV47,13849853,350.0,4.541264,-74.251706,4.596548,-74.197851,26.46
2025-03-27,Centro,AV47,11788240,470.0,4.541264,-74.251706,4.5804,-74.4455,35.532000000000004
2025-03-31,Centro,AV47,13397914,55.0,4.541264,-74.251706,4.622057692,-74.19658869,4.158
2025-03-19,Centro,AV06,13027924,36.5,4.946467,-73.941175,4.732307319,-74.04493192,2.7594
2025-03-24,Centro,AV26,10947192,324.0,4.596453,-74.148856,4.57861,-74.10259,24.4944
2025-03-18,Centro,AV50,10794822,1000.0,4.742992,-74.164592,4.819796,-74.352228,75.6
2025-03-11,Centro,AV06,10795340,102.5833333,4.946467,-73.941175,4.71935,-74.0362,7.755299997480001
2025-03-07,Centro,AV50,12549078,480.0,4.742992,-74.164592,4.8124403,-74.34956,36.288
2025-03-14,Centro,AV26,11343110,452.2916667,4.596453,-74.148856,4.58003937,-74.13044181,34.19325000252
2025-03-24,Centro,AV26,14136396,100.0,4.596453,-74.148856,4.5461179,-74.10619086,7.56
2025-03-21,Centro,AV06,11468625,50.0,4.946467,-73.941175,5.08345,-73.3664,3.78
2025-03-06,Centro,AV47,11342449,91.4166665,4.541264,-74.251706,4.58077835,-74.16751408,6.9110999874
2025-03-07,Centro,AV06,10661645,480.0,4.946467,-73.941175,4.68694,-74.15151,36.288
2025-03-26,Centro,AV06,11240272,28.2,4.946467,-73.941175,4.7124,-74.0711,2.13192
2025-03-01,Centro,AV26,13201665,500.0,4.596453,-74.148856,4.574178825,-74.15203345,37.8
2025-03-29,Centro,AV47,12734015,32.0,4.541264,-74.251706,4.580243563,-74.16733645,2.4192
2025-03-31,Centro,AV06,14234318,501.0,4.946467,-73.941175,4.63763283,-74.06995454,37.8756
2025-03-18,Centro,AV26,12109406,324.0,4.596453,-74.148856,4.627036478,-74.14946091,24.4944
2025-03-20,Centro,AV06,13469288,11.0,4.946467,-73.941175,4.737975642,-74.02879354,0.8316
2025-03-11,Centro,AV06,10795380,1091.85,4.946467,-73.941175,4.67992,-74.0851,82.54386
2025-03-12,Centro,AV50,14046991,358.0,4.742992,-74.164592,4.73791,-74.16065,27.0648
2025-03-10,Centro,AV47,12231633,450.0,4.541264,-74.251706,4.5783301,-74.2425625,34.02
2025-03-12,Centro,AV06,10795262,33.1666666,4.946467,-73.941175,4.68332,-74.0807,2.50739999496
2025-03-22,Centro,AV06,14234318,750.0,4.946467,-73.941175,4.63763283,-74.06995454,56.7
2025-03-19,Centro,AV06,12727839,800.0,4.946467,-73.941175,4.702051327,-74.18407664,60.48
2025-03-06,Centro,AV06,12721427,351.0,4.946467,-73.941175,4.86331003,-74.04791553,26.5356
2025-03-22,Centro,AV26,13237618,420.0,4.596453,-74.148856,4.58276,-74.124281,31.752
2025-03-18,Centro,AV47,12547383,473.75,4.541264,-74.251706,4.327155,-74.403891,35.8155
2025-03-05,Centro,AV06,12291574,1700.0,4.946467,-73.941175,2.55768,-72.638,128.52
2025-03-06,Centro,AV06,10794838,100.0,4.946467,-73.941175,4.74957,-74.0968,7.56
2025-03-11,Centro,AV47,13449228,84.0,4.541264,-74.251706,4.490725562,-74.26046997,6.3504000000000005
2025-03-07,Centro,AV04,13406834,80.0,5.807142,-73.006556,5.809665746,-73.02541697,6.048
2025-03-23,Centro,AV06,12291574,1323.0,4.946467,-73.941175,2.55768,-72.638,100.0188
2025-03-18,Centro,AV06,14234942,90.5766667,4.946467,-73.941175,4.60608827,-74.08382884,6.84759600252
2025-03-31,Centro,AV26,10755524,450.0,4.596453,-74.148856,4.5066,-74.1475,34.02
2025-03-11,Centro,AV42,14001746,432.0,5.544456,-73.352553,5.573639,-73.343056,32.6592
2025-03-19,Centro,AV06,11272034,460.0,4.946467,-73.941175,4.86747,-73.877,34.776
2025-03-08,Centro,AV06,12719444,3840.0,4.946467,-73.941175,7.90988,-72.46511,290.304
2025-03-14,Centro,AV26,10795539,1000.0,4.596453,-74.148856,4.624245,-74.195758,75.6
2025-03-27,Centro,AV04,12291658,3984.0,5.807142,-73.006556,5.805537,-73.004589,301.1904
2025-03-05,Centro,AV06,11660301,225.0,4.946467,-73.941175,5.07553,-73.5774,17.01
2025-03-03,Centro,AV50,11349249,60.0,4.742992,-74.164592,4.73513,-74.101089,4.536
2025-03-10,Centro,AV06,13949640,1620.0,4.946467,-73.941175,3.53789,-73.7042,122.472
2025-03-07,Centro,AV06,10795261,500.0,4.946467,-73.941175,4.71272,-74.0344,37.8
2025-03-20,Centro,AV26,12754826,450.5,4.596453,-74.148856,4.566603809,-74.08116971,34.0578
2025-03-31,Centro,AV26,10947192,454.0,4.596453,-74.148856,4.57861,-74.10259,34.3224
2025-03-28,Centro,AV26,10753140,296.0,4.596453,-74.148856,4.370634,-74.187603,22.3776
2025-03-25,Centro,AV04,10288879,502.0,5.807142,-73.006556,5.69004,-73.229,37.9512
2025-03-17,Centro,AV06,13114894,26.0,4.946467,-73.941175,4.632056,-74.093952,1.9656
2025-03-12,Centro,AV06,12403625,205.0,4.946467,-73.941175,5.03795541,-73.9927692,15.498
2025-03-01,Centro,AV06,14228850,320.0,4.946467,-73.941175,4.60675053,-74.08641235,24.192
2025-03-26,Centro,AV50,13752167,488.0,4.742992,-74.164592,4.745858296,-74.11478763,36.8928
2025-03-29,Centro,AV06,13237608,316.0,4.946467,-73.941175,5.03337803,-73.9965692,23.8896
2025-03-01,Centro,AV06,10795260,53.0,4.946467,-73.941175,4.73446,-74.0656,4.0068
2025-03-29,Centro,AV06,10485724,60.0,4.946467,-73.941175,4.87218,-74.1462,4.536
2025-03-29,Centro,AV47,13971914,524.0,4.541264,-74.251706,4.6163854,-74.1879468,39.6144
2025-03-27,Centro,AV06,13114895,57.0333333,4.946467,-73.941175,4.701902481,-74.03092152,4.31171999748
2025-03-03,Centro,AV50,11767195,50.0,4.742992,-74.164592,5.00089,-74.3395,3.78
2025-03-26,Centro,AV06,13027936,188.7,4.946467,-73.941175,4.680525,-74.050063,14.26572
2025-03-05,Centro,AV06,10795340,66.55,4.946467,-73.941175,4.71935,-74.0362,5.03118
2025-03-19,Centro,AV50,11798605,120.0,4.742992,-74.164592,4.74583,-74.117192,9.072
2025-03-27,Centro,AV06,13114893,83.5,4.946467,-73.941175,4.66751678,-74.11906,6.3126
2025-03-25,Centro,AV06,13949640,1620.0,4.946467,-73.941175,3.53789,-73.7042,122.472
2025-03-25,Centro,AV47,10770560,470.0,4.541264,-74.251706,4.48942,-74.2598,35.532000000000004
2025-03-22,Centro,AV04,11522328,500.0,5.807142,-73.006556,5.82610206,-73.025819,37.8
2025-03-28,Centro,AV47,11788240,485.0,4.541264,-74.251706,4.5804,-74.4455,36.666
2025-03-29,Centro,AV50,12399495,450.0,4.742992,-74.164592,4.728201,-74.219292,34.02
2025-03-31,Centro,AV47,14013391,450.0,4.541264,-74.251706,4.578067,-74.4440807,34.02
2025-03-14,Centro,AV06,14206523,250.0,4.946467,-73.941175,5.0839107,-73.3675403,18.9
2025-03-19,Centro,AV47,13849853,400.0,4.541264,-74.251706,4.596548,-74.197851,30.24
2025-03-31,Centro,AV47,11372715,450.0,4.541264,-74.251706,4.573843,-74.162496,34.02
2025-03-18,Centro,AV47,13331083,200.0,4.541264,-74.251706,4.178581401,-74.42316647,15.12
2025-03-10,Centro,AV06,10795260,500.0,4.946467,-73.941175,4.73446,-74.0656,37.8
2025-03-30,Centro,AV06,11618884,6600.0,4.946467,-73.941175,4.60566,-74.0842,498.96
2025-03-20,Centro,AV06,11468625,51.0,4.946467,-73.941175,5.08345,-73.3664,3.8556
2025-03-06,Centro,AV06,10795294,158.9,4.946467,-73.941175,4.70363,-74.0413,12.01284
2025-03-10,Centro,AV47,13670955,390.0,4.541264,-74.251706,4.586101,-74.167068,29.484
2025-03-15,Centro,AV06,14228850,227.0,4.946467,-73.941175,4.60675053,-74.08641235,17.1612
2025-03-11,Centro,AV47,10596108,500.0,4.541264,-74.251706,4.333963,-74.363534,37.8
2025-03-08,Centro,AV26,12109406,324.0,4.596453,-74.148856,4.627036478,-74.14946091,24.4944
2025-03-03,Centro,AV26,10794835,232.4,4.596453,-74.148856,4.569162,-74.099182,17.56944
2025-03-12,Centro,AV47,12408426,470.0,4.541264,-74.251706,4.540471,-74.25511,35.532000000000004
2025-03-26,Centro,AV50,12399495,250.0,4.742992,-74.164592,4.728201,-74.219292,18.9
2025-03-26,Centro,AV06,10491374,100.0,4.946467,-73.941175,5.02941,-73.9904,7.56
2025-03-28,Centro,AV06,10795230,2000.0,4.946467,-73.941175,4.629552,-74.125001,151.2
2025-03-05,Centro,AV26,10771994,500.0,4.596453,-74.148856,4.57196,-74.0933,37.8
2025-03-08,Centro,AV06,10795442,1000.0,4.946467,-73.941175,4.69719,-74.087,75.6
2025-03-13,Centro,AV06,14121551,2410.0,4.946467,-73.941175,4.62709004,-74.09909111,182.196
2025-03-06,Centro,AV04,12803863,440.0,5.807142,-73.006556,5.5627,-73.183,33.264
2025-03-03,Centro,AV06,14234318,800.0,4.946467,-73.941175,4.63763283,-74.06995454,60.48
2025-03-18,Centro,AV06,10794826,1000.0,4.946467,-73.941175,4.67675,-74.1168,75.6
2025-03-08,Centro,AV06,10791145,10.0,4.946467,-73.941175,5.02783,-73.9997,0.756
2025-03-17,Centro,AV06,13027924,137.75,4.946467,-73.941175,4.732307319,-74.04493192,10.4139
2025-03-04,Centro,AV04,10314596,267.6,5.807142,-73.006556,5.832941105,-73.0318982,20.23056
2025-03-03,Centro,AV06,14234318,900.0,4.946467,-73.941175,4.63763283,-74.06995454,68.04
2025-03-26,Centro,AV50,12399495,450.0,4.742992,-74.164592,4.728201,-74.219292,34.02
2025-03-12,Centro,AV06,14121551,1800.0,4.946467,-73.941175,4.62709004,-74.09909111,136.08
2025-03-22,Centro,AV47,14022774,340.0,4.541264,-74.251706,4.586334725,-74.21671449,25.704
2025-03-05,Centro,AV47,12761449,502.9166667,4.541264,-74.251706,4.343973,-74.377068,38.02050000252
2025-03-17,Centro,AV50,12580142,250.0,4.742992,-74.164592,4.756615,-74.114014,18.9
2025-03-17,Centro,AV50,12399495,450.0,4.742992,-74.164592,4.728201,-74.219292,34.02
2025-03-22,Centro,AV26,12222414,210.0,4.596453,-74.148856,4.560526085,-74.12947503,15.876
2025-03-10,Centro,AV47,11372715,500.0,4.541264,-74.251706,4.573843,-74.162496,37.8
2025-03-26,Centro,AV06,13185520,458.0,4.946467,-73.941175,5.038149808,-73.99355058,34.6248
2025-03-25,Centro,AV04,11674643,164.75,5.807142,-73.006556,5.82621,-73.0262,12.4551
2025-03-19,Centro,AV47,14022774,450.0,4.541264,-74.251706,4.586334725,-74.21671449,34.02
2025-03-06,Centro,AV04,12989222,200.0,5.807142,-73.006556,5.56739162,-73.18388698,15.12
2025-03-29,Centro,AV06,13747932,250.0,4.946467,-73.941175,4.8638156,-74.06109901,18.9
2025-03-11,Centro,AV50,10600857,200.625,4.742992,-74.164592,4.74443,-74.1006,15.16725
2025-03-27,Centro,AV47,10768627,275.0,4.541264,-74.251706,4.5787952,-74.1795615,20.79
2025-03-18,Centro,AV42,13819724,280.0,5.544456,-73.352553,5.537685538,-73.63436671,21.168
2025-03-14,Centro,AV06,12565696,900.0,4.946467,-73.941175,4.723704455,-74.12314348,68.04
2025-03-05,Centro,AV26,13472905,700.0,4.596453,-74.148856,4.571113,-74.090515,52.92
2025-03-08,Centro,AV06,12513754,165.0,4.946467,-73.941175,4.863828959,-74.05947729,12.474
2025-03-08,Centro,AV50,11199877,8.5333333,4.742992,-74.164592,4.714186,-74.219022,0.64511999748
2025-03-21,Centro,AV06,12727839,800.0,4.946467,-73.941175,4.702051327,-74.18407664,60.48
2025-03-31,Centro,AV47,13945963,200.0,4.541264,-74.251706,4.57213145,-74.222751,15.12
2025-03-30,Centro,AV06,10795441,1653.0,4.946467,-73.941175,4.77137,-74.0404,124.9668
2025-03-29,Centro,AV50,13725910,400.0,4.742992,-74.164592,4.732428582,-74.09620625,30.24
2025-03-11,Centro,AV04,10279095,480.0,5.807142,-73.006556,5.80617,-73.00564,36.288
2025-03-31,Centro,AV50,14175053,900.0,4.742992,-74.164592,4.707255696,-74.21586094,68.04
2025-03-28,Centro,AV50,11702125,460.0,4.742992,-74.164592,5.11716,-74.3459,34.776
2025-03-21,Centro,AV26,10607681,160.0,4.596453,-74.148856,4.621239,-74.153751,12.096
2025-03-31,Centro,AV47,13759677,450.0,4.541264,-74.251706,4.633,-74.197718,34.02
2025-03-27,Centro,AV06,14228850,300.0,4.946467,-73.941175,4.60675053,-74.08641235,22.68
2025-03-01,Centro,AV47,14240020,221.0,4.541264,-74.251706,4.56868019,-74.22995928,16.7076
2025-03-26,Centro,AV47,12408426,900.0,4.541264,-74.251706,4.540471,-74.25511,68.04
2025-03-08,Centro,AV04,10314592,142.0,5.807142,-73.006556,5.715429656,-72.92936,10.7352
2025-03-19,Centro,AV06,10794826,1000.0,4.946467,-73.941175,4.67675,-74.1168,75.6
2025-03-30,Centro,AV06,11618884,3200.0,4.946467,-73.941175,4.60566,-74.0842,241.92
2025-03-27,Centro,AV06,10795441,500.0,4.946467,-73.941175,4.77137,-74.0404,37.8
2025-03-08,Centro,AV06,12721427,100.0,4.946467,-73.941175,4.86331003,-74.04791553,7.56
2025-03-23,Centro,AV50,13481027,58.0,4.742992,-74.164592,5.018217,-74.468255,4.3848
2025-03-10,Centro,AV50,13725910,100.0,4.742992,-74.164592,4.732428582,-74.09620625,7.56
2025-03-06,Centro,AV06,10795263,500.0,4.946467,-73.941175,4.631956,-74.124151,37.8
2025-03-07,Centro,AV06,10795263,527.4,4.946467,-73.941175,4.631956,-74.124151,39.87144
2025-03-28,Centro,AV06,10486749,310.0,4.946467,-73.941175,5.36846,-73.5213,23.436
2025-03-07,Centro,AV06,10795309,33.9333333,4.946467,-73.941175,4.68689,-74.0737,2.56535999748
2025-03-06,Centro,AV26,10747995,89.0833333,4.596453,-74.148856,4.54784,-74.1416,6.734699997480001
2025-03-11,Centro,AV50,13400681,100.0,4.742992,-74.164592,4.996702164,-74.34008451,7.56
2025-03-07,Centro,AV06,13651177,60.0,4.946467,-73.941175,4.6490629,-74.124193,4.536
2025-03-01,Centro,AV06,12637278,1620.0,4.946467,-73.941175,1.851860173,-76.04231015,122.472
2025-03-22,Centro,AV06,12135753,872.0,4.946467,-73.941175,5.012731,-73.861147,65.9232
2025-03-30,Centro,AV47,13409261,500.0,4.541264,-74.251706,4.570519666,-74.23725,37.8
2025-03-13,Centro,AV47,10768627,300.0,4.541264,-74.251706,4.5787952,-74.1795615,22.68
2025-03-12,Centro,AV42,13205019,50.0,5.544456,-73.352553,5.50021727,-73.33286303,3.78
2025-03-31,Centro,AV26,12109406,324.0,4.596453,-74.148856,4.627036478,-74.14946091,24.4944
2025-03-29,Centro,AV04,10279095,480.0,5.807142,-73.006556,5.80617,-73.00564,36.288
2025-03-30,Centro,AV06,10795441,1000.0,4.946467,-73.941175,4.77137,-74.0404,75.6
2025-03-19,Centro,AV26,12551327,302.0,4.596453,-74.148856,4.590592,-74.154526,22.8312
2025-03-23,Centro,AV06,14234318,1000.0,4.946467,-73.941175,4.63763283,-74.06995454,75.6
2025-03-21,Centro,AV26,10794842,18.6,4.596453,-74.148856,4.63042,-74.168,1.40616
2025-03-22,Centro,AV26,14131024,50.0,4.596453,-74.148856,4.5639082,-74.1442971,3.78
2025-03-14,Centro,AV06,10795358,19.5833333,4.946467,-73.941175,4.86638,-74.0372,1.48049999748
2025-03-04,Centro,AV47,13807597,100.5,4.541264,-74.251706,4.271503977,-74.41609114,7.5978
2025-03-19,Centro,AV06,12554259,195.0,4.946467,-73.941175,4.96221815,-73.92167273,14.742
2025-03-23,Centro,AV06,10795441,500.0,4.946467,-73.941175,4.77137,-74.0404,37.8
2025-03-01,Centro,AV50,14214600,200.0,4.742992,-74.164592,4.716938347,-74.21356135,15.12
2025-03-19,Centro,AV26,10771994,500.0,4.596453,-74.148856,4.57196,-74.0933,37.8
2025-03-21,Centro,AV47,12549072,486.0,4.541264,-74.251706,4.600005032,-74.1804782,36.7416
2025-03-26,Centro,AV26,12620294,175.0,4.596453,-74.148856,4.408011,-73.95057,13.23
2025-03-21,Centro,AV47,10623895,500.0,4.541264,-74.251706,4.63211,-74.4531,37.8
2025-03-20,Centro,AV26,13200008,500.0,4.596453,-74.148856,4.565739,-74.101753,37.8
2025-03-23,Centro,AV06,12734639,70.0,4.946467,-73.941175,4.738837655,-74.02750148,5.292
2025-03-14,Centro,AV06,13001713,1700.0,4.946467,-73.941175,4.6029336,-74.1826122,128.52
2025-03-18,Centro,AV47,13949971,100.25,4.541264,-74.251706,4.5823227,-74.215674,7.5789
2025-03-17,Centro,AV47,12684327,280.0,4.541264,-74.251706,4.5862,-74.211721,21.168
2025-03-01,Centro,AV06,13027936,136.5666667,4.946467,-73.941175,4.680525,-74.050063,10.32444000252
2025-03-19,Centro,AV06,12291605,1690.0,4.946467,-73.941175,4.949344,-73.94424999,127.764
2025-03-04,Centro,AV06,10795308,146.8666667,4.946467,-73.941175,4.64777,-74.0601,11.10312000252
2025-03-08,Centro,AV06,10795311,11.75,4.946467,-73.941175,4.64266,-74.0757,0.8883
2025-03-22,Centro,AV06,13114894,179.5,4.946467,-73.941175,4.632056,-74.093952,13.5702
2025-03-21,Centro,AV47,13949971,80.0,4.541264,-74.251706,4.5823227,-74.215674,6.048
2025-03-10,Centro,AV06,12291574,1720.0,4.946467,-73.941175,2.55768,-72.638,130.032
2025-03-05,Centro,AV47,12549072,500.0,4.541264,-74.251706,4.600005032,-74.1804782,37.8
2025-03-28,Centro,AV06,13975701,500.0,4.946467,-73.941175,4.648427,-74.060859,37.8
2025-03-22,Centro,AV06,12223810,9.75,4.946467,-73.941175,4.65159597,-74.10677234,0.7371
2025-03-29,Centro,AV06,13969047,1000.0,4.946467,-73.941175,4.64254126,-74.07741204,75.6
2025-03-21,Centro,AV26,10794827,22.0,4.596453,-74.148856,4.63091,-74.1938,1.6632
2025-03-13,Centro,AV06,12570303,450.0,4.946467,-73.941175,5.027085099,-73.99887073,34.02
2025-03-10,Centro,AV06,10492698,200.0,4.946467,-73.941175,5.21760888,-73.45694244,15.12
2025-03-26,Centro,AV06,13001713,900.0,4.946467,-73.941175,4.6029336,-74.1826122,68.04
2025-03-20,Centro,AV26,13200008,127.0,4.596453,-74.148856,4.565739,-74.101753,9.6012
2025-03-22,Centro,AV26,11487790,1250.0,4.596453,-74.148856,4.572063,-74.094715,94.5
2025-03-14,Centro,AV47,12180705,102.0,4.541264,-74.251706,4.59129,-74.3401,7.7112
2025-03-28,Centro,AV50,14232230,450.0,4.742992,-74.164592,4.709523835,-74.21910298,34.02
2025-03-19,Centro,AV26,12767171,351.0,4.596453,-74.148856,4.600081412,-74.16501213,26.5356
2025-03-22,Centro,AV06,13114893,94.2,4.946467,-73.941175,4.66751678,-74.11906,7.12152
2025-03-12,Centro,AV04,12291366,490.0,5.807142,-73.006556,5.805537,-73.004589,37.044
2025-03-12,Centro,AV06,11272034,490.25,4.946467,-73.941175,4.86747,-73.877,37.0629
2025-03-12,Centro,AV06,13380672,450.0,4.946467,-73.941175,4.96430731,-73.9068416,34.02
2025-03-20,Centro,AV06,12258437,20.0,4.946467,-73.941175,4.864536,-74.060555,1.512
2025-03-10,Centro,AV06,13547219,360.0,4.946467,-73.941175,4.732550824,-74.02601692,27.216
2025-03-19,Centro,AV06,12743623,480.0,4.946467,-73.941175,4.947990606,-73.9227088,36.288
2025-03-19,Centro,AV04,13196543,150.0,5.807142,-73.006556,5.718660305,-72.939781,11.34
2025-03-25,Centro,AV50,14121538,10.0,4.742992,-74.164592,4.9949002,-74.3384418,0.756
2025-03-01,Centro,AV04,12291672,1440.0,5.807142,-73.006556,5.805537,-73.004589,108.864
2025-03-12,Centro,AV26,13201665,352.0,4.596453,-74.148856,4.574178825,-74.15203345,26.6112
2025-03-12,Centro,AV50,11677477,490.0,4.742992,-74.164592,4.817271,-74.099505,37.044
2025-03-04,Centro,AV26,10771994,1200.0,4.596453,-74.148856,4.57196,-74.0933,90.72
2025-03-28,Centro,AV06,14144703,234.0,4.946467,-73.941175,4.65529,-74.06044,17.6904
2025-03-08,Centro,AV06,10795295,8.8333333,4.946467,-73.941175,4.69637,-74.0427,0.66779999748
2025-03-08,Centro,AV50,11411107,1600.0,4.742992,-74.164592,4.742676,-74.164932,120.96
2025-03-22,Centro,AV26,12620294,500.0,4.596453,-74.148856,4.408011,-73.95057,37.8
2025-03-03,Centro,AV47,10623895,673.3333333,4.541264,-74.251706,4.63211,-74.4531,50.90399999748001
2025-03-28,Centro,AV50,11875087,131.0,4.742992,-74.164592,4.693936,-74.122116,9.9036
2025-03-30,Centro,AV47,12408426,470.0,4.541264,-74.251706,4.540471,-74.25511,35.532000000000004
2025-03-01,Centro,AV26,13472905,420.0,4.596453,-74.148856,4.571113,-74.090515,31.752
2025-03-01,Centro,AV06,14121551,900.0,4.946467,-73.941175,4.62709004,-74.09909111,68.04
2025-03-29,Centro,AV06,12570303,46.0,4.946467,-73.941175,5.027085099,-73.99887073,3.4776
2025-03-12,Centro,AV26,10607681,170.0,4.596453,-74.148856,4.621239,-74.153751,12.852
2025-03-04,Centro,AV06,13969047,800.0,4.946467,-73.941175,4.64254126,-74.07741204,60.48
2025-03-20,Centro,AV06,13475905,118.0,4.946467,-73.941175,4.858848616,-74.06224406,8.9208
2025-03-26,Centro,AV06,12135753,901.6,4.946467,-73.941175,5.012731,-73.861147,68.16096
2025-03-13,Centro,AV47,12734015,107.05,4.541264,-74.251706,4.580243563,-74.16733645,8.09298
2025-03-22,Centro,AV50,14175053,1350.0,4.742992,-74.164592,4.707255696,-74.21586094,102.06
2025-03-08,Centro,AV06,10795230,3000.0,4.946467,-73.941175,4.629552,-74.125001,226.8
2025-03-21,Centro,AV47,12434217,460.0,4.541264,-74.251706,4.578303278,-74.21317856,34.776
2025-03-23,Centro,AV42,14001746,450.0,5.544456,-73.352553,5.573639,-73.343056,34.02
2025-03-04,Centro,AV26,12131610,285.0,4.596453,-74.148856,4.5171633,-74.0894824,21.546
2025-03-18,Centro,AV47,13945963,505.0,4.541264,-74.251706,4.57213145,-74.222751,38.178
2025-03-17,Centro,AV26,12615703,450.0,4.596453,-74.148856,4.586901,-74.140201,34.02
2025-03-10,Centro,AV06,13949640,1920.0,4.946467,-73.941175,3.53789,-73.7042,145.152
2025-03-20,Centro,AV04,12291672,4950.0,5.807142,-73.006556,5.805537,-73.004589,374.22
2025-03-17,Centro,AV06,13949640,1824.0,4.946467,-73.941175,3.53789,-73.7042,137.8944
2025-03-05,Centro,AV06,11468625,450.0,4.946467,-73.941175,5.08345,-73.3664,34.02
2025-03-06,Centro,AV06,10795339,500.0,4.946467,-73.941175,4.74906,-74.0971,37.8
2025-03-15,Centro,AV06,10794834,141.0,4.946467,-73.941175,4.7573,-74.0645,10.6596
2025-03-08,Centro,AV06,13027933,146.1666667,4.946467,-73.941175,4.64169,-74.06218,11.05020000252
2025-03-18,Centro,AV04,12941201,450.0,5.807142,-73.006556,5.716109,-72.932758,34.02
2025-03-20,Centro,AV47,12684327,270.0,4.541264,-74.251706,4.5862,-74.211721,20.412
2025-03-03,Centro,AV47,13409261,490.0,4.541264,-74.251706,4.570519666,-74.23725,37.044
2025-03-13,Centro,AV06,13969047,800.0,4.946467,-73.941175,4.64254126,-74.07741204,60.48
2025-03-26,Centro,AV06,12764509,121.0,4.946467,-73.941175,4.756559,-74.084712,9.1476
2025-03-01,Centro,AV06,13114893,60.7,4.946467,-73.941175,4.66751678,-74.11906,4.58892
2025-03-17,Centro,AV06,13227723,82.6666667,4.946467,-73.941175,4.73022578,-74.02875564,6.249600002519999
2025-03-03,Centro,AV50,12930072,450.0,4.742992,-74.164592,4.743923531,-74.09349544,34.02
2025-03-20,Centro,AV50,13189153,346.0,4.742992,-74.164592,4.96595503,-74.43643969,26.1576
2025-03-27,Centro,AV06,13547219,29.0,4.946467,-73.941175,4.732550824,-74.02601692,2.1924
2025-03-26,Centro,AV26,12176978,1010.0,4.596453,-74.148856,4.60439,-74.1357,76.356
2025-03-08,Centro,AV06,10795310,21.25,4.946467,-73.941175,4.6321,-74.0755,1.6065
2025-03-17,Centro,AV50,14232230,450.0,4.742992,-74.164592,4.709523835,-74.21910298,34.02
2025-03-31,Centro,AV06,10795339,1000.0,4.946467,-73.941175,4.74906,-74.0971,75.6
2025-03-23,Centro,AV06,14212163,1840.0,4.946467,-73.941175,3.91461327,-75.47938896,139.104
2025-03-04,Centro,AV47,12549072,152.0,4.541264,-74.251706,4.600005032,-74.1804782,11.4912
2025-03-15,Centro,AV26,12109406,324.0,4.596453,-74.148856,4.627036478,-74.14946091,24.4944
2025-03-15,Centro,AV26,13184232,21.0,4.596453,-74.148856,4.55314082,-74.15900274,1.5876
2025-03-31,Centro,AV26,12559216,300.0,4.596453,-74.148856,4.628072,-74.15658,22.68
2025-03-19,Centro,AV50,13954336,80.0,4.742992,-74.164592,4.81423,-74.35357,6.048
2025-03-29,Centro,AV47,13200950,450.0,4.541264,-74.251706,4.632617,-74.452641,34.02
2025-03-26,Centro,AV42,14127356,200.0,5.544456,-73.352553,5.5007074,-73.3329194,15.12
2025-03-01,Centro,AV06,10794838,197.85,4.946467,-73.941175,4.74957,-74.0968,14.95746
2025-03-29,Centro,AV50,11798605,100.0,4.742992,-74.164592,4.74583,-74.117192,7.56
2025-03-13,Centro,AV50,14232230,100.0,4.742992,-74.164592,4.709523835,-74.21910298,7.56
2025-03-31,Centro,AV26,10771994,500.0,4.596453,-74.148856,4.57196,-74.0933,37.8
2025-03-31,Centro,AV06,10794836,1000.0,4.946467,-73.941175,4.617067,-74.090837,75.6
2025-03-27,Centro,AV06,10795300,453.5,4.946467,-73.941175,4.67013,-74.0559,34.2846
2025-03-11,Centro,AV06,13212663,106.0,4.946467,-73.941175,4.988522714,-73.87359044,8.0136
2025-03-25,Centro,AV26,10771994,500.0,4.596453,-74.148856,4.57196,-74.0933,37.8
2025-03-04,Centro,AV06,13027935,41.3333333,4.946467,-73.941175,4.664516,-74.056235,3.12479999748
2025-03-28,Centro,AV26,12109406,324.0,4.596453,-74.148856,4.627036478,-74.14946091,24.4944
2025-03-25,Centro,AV06,10560251,118.0,4.946467,-73.941175,5.14431,-73.6865,8.9208
2025-03-13,Centro,AV06,13975701,600.0,4.946467,-73.941175,4.648427,-74.060859,45.36
2025-03-21,Centro,AV04,12291658,2450.0,5.807142,-73.006556,5.805537,-73.004589,185.22
2025-03-12,Centro,AV50,12399495,301.0,4.742992,-74.164592,4.728201,-74.219292,22.7556
2025-03-31,Centro,AV47,10596108,500.0,4.541264,-74.251706,4.333963,-74.363534,37.8
2025-03-04,Centro,AV06,11468625,450.0,4.946467,-73.941175,5.08345,-73.3664,34.02
2025-03-13,Centro,AV50,12783067,117.0,4.742992,-74.164592,5.004283036,-74.47233542,8.8452
2025-03-28,Centro,AV04,12571274,54.0,5.807142,-73.006556,5.818957417,-73.03599237,4.0824
2025-03-13,Centro,AV06,10598284,400.0,4.946467,-73.941175,4.68517,-74.0894,30.24
2025-03-31,Centro,AV42,11730329,290.0,5.544456,-73.352553,5.56347,-73.346564,21.924
2025-03-22,Centro,AV26,13957832,101.0,4.596453,-74.148856,4.620287,-74.165646,7.6356
2025-03-12,Centro,AV47,12167099,150.0,4.541264,-74.251706,4.5903729,-74.2239206,11.34
2025-03-19,Centro,AV26,13767195,13.0,4.596453,-74.148856,4.594150057,-74.13723576,0.9828
2025-03-20,Centro,AV50,13949583,1143.0,4.742992,-74.164592,4.63932278,-74.13553191,86.4108
2025-03-22,Centro,AV26,14171456,450.0,4.596453,-74.148856,4.611028,-74.136923,34.02
2025-03-19,Centro,AV50,12399495,450.0,4.742992,-74.164592,4.728201,-74.219292,34.02
2025-03-21,Centro,AV06,13114898,96.8333333,4.946467,-73.941175,4.75116612,-74.05110926,7.32059999748
2025-03-22,Centro,AV06,10795295,25.65,4.946467,-73.941175,4.69637,-74.0427,1.93914
2025-03-21,Centro,AV47,12170393,413.0,4.541264,-74.251706,4.63768,-74.5195,31.2228
2025-03-19,Centro,AV06,10795309,104.9,4.946467,-73.941175,4.68689,-74.0737,7.930440000000001
2025-03-20,Centro,AV26,14028107,40.0,4.596453,-74.148856,4.55676041,-74.109222,3.024
2025-03-31,Centro,AV06,10598284,560.0,4.946467,-73.941175,4.68517,-74.0894,42.336
2025-03-12,Centro,AV26,10794842,1.6,4.596453,-74.148856,4.63042,-74.168,0.12096
2025-03-20,Centro,AV06,10598284,470.0,4.946467,-73.941175,4.68517,-74.0894,35.532000000000004
2025-03-03,Centro,AV26,10584114,432.0,4.596453,-74.148856,4.64380959,-74.063973,32.6592
2025-03-25,Centro,AV50,14018361,232.0,4.742992,-74.164592,4.75714,-74.099829,17.5392
2025-03-20,Centro,AV47,12975871,52.0,4.541264,-74.251706,4.5719835,-74.16588616,3.9312
2025-03-03,Centro,AV06,11188850,300.0,4.946467,-73.941175,4.940174,-73.943858,22.68
2025-03-01,Centro,AV47,11788240,480.9444444,4.541264,-74.251706,4.5804,-74.4455,36.35939999664
2025-03-14,Centro,AV47,10794821,432.2,4.541264,-74.251706,4.589759,-74.204982,32.67432
2025-03-10,Centro,AV06,11153203,205.5,4.946467,-73.941175,4.73877,-74.0286,15.5358
2025-03-23,Centro,AV06,10795441,1000.0,4.946467,-73.941175,4.77137,-74.0404,75.6
2025-03-30,Centro,AV06,10794826,2500.0,4.946467,-73.941175,4.67675,-74.1168,189.0
2025-03-27,Centro,AV47,12549072,500.0,4.541264,-74.251706,4.600005032,-74.1804782,37.8
2025-03-31,Centro,AV50,11767195,450.0,4.742992,-74.164592,5.00089,-74.3395,34.02
2025-03-05,Centro,AV06,13185520,280.0,4.946467,-73.941175,5.038149808,-73.99355058,21.168
2025-03-07,Centro,AV06,11188850,716.0,4.946467,-73.941175,4.940174,-73.943858,54.1296
2025-03-08,Centro,AV06,12764509,230.0,4.946467,-73.941175,4.756559,-74.084712,17.388
2025-03-28,Centro,AV04,11702610,200.0,5.807142,-73.006556,5.782401,-73.115921,15.12
2025-03-28,Centro,AV06,13475905,450.0,4.946467,-73.941175,4.858848616,-74.06224406,34.02
2025-03-05,Centro,AV47,12408426,470.0,4.541264,-74.251706,4.540471,-74.25511,35.532000000000004
2025-03-05,Centro,AV06,13984004,480.0,4.946467,-73.941175,4.90903787,-73.939149,36.288
2025-03-22,Centro,AV06,11757042,211.75,4.946467,-73.941175,4.74046,-74.0429,16.0083
2025-03-15,Centro,AV42,12533878,50.0,5.544456,-73.352553,5.50041729,-73.33237997,3.78
2025-03-06,Centro,AV50,10650277,50.0,4.742992,-74.164592,4.74346,-74.1221,3.78
2025-03-29,Centro,AV50,14175053,1800.0,4.742992,-74.164592,4.707255696,-74.21586094,136.08
2025-03-10,Centro,AV06,13651177,500.0,4.946467,-73.941175,4.6490629,-74.124193,37.8
2025-03-07,Centro,AV47,13409261,900.0,4.541264,-74.251706,4.570519666,-74.23725,68.04
2025-03-01,Centro,AV04,11874240,255.0,5.807142,-73.006556,5.7094289,-72.933467,19.278
2025-03-12,Centro,AV06,10598284,440.0,4.946467,-73.941175,4.68517,-74.0894,33.264
2025-03-16,Centro,AV04,12291658,2203.0,5.807142,-73.006556,5.805537,-73.004589,166.5468
2025-03-14,Centro,AV06,11757042,16.0,4.946467,-73.941175,4.74046,-74.0429,1.2096
2025-03-01,Centro,AV06,10795339,1000.0,4.946467,-73.941175,4.74906,-74.0971,75.6
2025-03-04,Centro,AV04,11702610,490.0,5.807142,-73.006556,5.782401,-73.115921,37.044
2025-03-22,Centro,AV26,10794833,383.4,4.596453,-74.148856,4.598146,-74.165831,28.98504
2025-03-31,Centro,AV04,10279115,510.0,5.807142,-73.006556,5.825424,-73.03205,38.556
2025-03-06,Centro,AV04,12632206,783.0,5.807142,-73.006556,5.525715,-73.3452019,59.1948
2025-03-08,Centro,AV06,12747783,210.0,4.946467,-73.941175,4.917219898,-74.03792938,15.876
2025-03-30,Centro,AV06,10795339,1000.0,4.946467,-73.941175,4.74906,-74.0971,75.6
2025-03-04,Centro,AV50,10794823,216.05,4.742992,-74.164592,4.702974,-74.222416,16.333380000000002
2025-03-15,Centro,AV06,10795339,1250.0,4.946467,-73.941175,4.74906,-74.0971,94.5
2025-03-19,Centro,AV06,13172099,61.0,4.946467,-73.941175,4.742306,-74.086621,4.6116
2025-03-04,Centro,AV50,10592899,10.0,4.742992,-74.164592,4.81463,-74.3502,0.756
2025-03-01,Centro,AV26,10794631,134.0,4.596453,-74.148856,4.6096,-74.1126,10.1304
2025-03-21,Centro,AV50,12192215,174.0,4.742992,-74.164592,4.722592,-74.123381,13.1544
2025-03-08,Centro,AV06,12258437,97.5,4.946467,-73.941175,4.864536,-74.060555,7.371
2025-03-04,Centro,AV26,13227016,316.0,4.596453,-74.148856,4.456089,-74.132163,23.8896
2025-03-05,Centro,AV06,10795294,601.0,4.946467,-73.941175,4.70363,-74.0413,45.4356
2025-03-12,Centro,AV47,14257816,215.52,4.541264,-74.251706,4.3261743,-74.3617077,16.293312
2025-03-06,Centro,AV04,12291658,2537.0,5.807142,-73.006556,5.805537,-73.004589,191.7972
2025-03-07,Centro,AV04,12989222,120.0,5.807142,-73.006556,5.56739162,-73.18388698,9.072
2025-03-05,Centro,AV06,10795308,62.7333333,4.946467,-73.941175,4.64777,-74.0601,4.7426399974799995
2025-03-31,Centro,AV47,14013391,450.0,4.541264,-74.251706,4.578067,-74.4440807,34.02
2025-03-04,Centro,AV42,14208311,60.0,5.544456,-73.352553,5.58599158,-73.54190706,4.536
2025-03-21,Centro,AV06,13027924,204.5,4.946467,-73.941175,4.732307319,-74.04493192,15.4602
2025-03-06,Centro,AV06,13969057,137.0,4.946467,-73.941175,5.219172777,-73.45740583,10.3572
2025-03-07,Centro,AV06,13027925,79.5,4.946467,-73.941175,4.705158511,-74.07078,6.0102
2025-03-14,Centro,AV50,13971337,141.0,4.742992,-74.164592,4.69371525,-74.18238671,10.6596
2025-03-08,Centro,AV06,13058910,180.0,4.946467,-73.941175,4.925306382,-74.03565813,13.608
2025-03-23,Centro,AV06,12291316,240.0,4.946467,-73.941175,4.176519148,-73.64177585,18.144
2025-03-08,Centro,AV06,14234318,700.0,4.946467,-73.941175,4.63763283,-74.06995454,52.92
2025-03-29,Centro,AV06,10794838,399.8,4.946467,-73.941175,4.74957,-74.0968,30.22488
2025-03-31,Centro,AV06,13027931,204.8333333,4.946467,-73.941175,4.720215,-74.045457,15.48539999748
2025-03-20,Centro,AV50,13730987,300.02,4.742992,-74.164592,4.8031426,-74.351643,22.681512
2025-03-11,Centro,AV06,11059874,59.0,4.946467,-73.941175,5.25647,-73.6728,4.4604
2025-03-28,Centro,AV47,14240020,150.0,4.541264,-74.251706,4.56868019,-74.22995928,11.34
2025-03-10,Centro,AV26,12752013,500.0,4.596453,-74.148856,4.548462,-74.093207,37.8
2025-03-01,Centro,AV42,14031165,242.0,5.544456,-73.352553,5.199111,-73.149194,18.2952
2025-03-01,Centro,AV06,14114174,900.0,4.946467,-73.941175,4.74157,-74.0354,68.04
2025-03-01,Centro,AV26,13184232,6.0,4.596453,-74.148856,4.55314082,-74.15900274,0.4536
2025-03-10,Centro,AV42,14127356,400.0,5.544456,-73.352553,5.5007074,-73.3329194,30.24
2025-03-29,Centro,AV47,12549072,500.0,4.541264,-74.251706,4.600005032,-74.1804782,37.8
2025-03-31,Centro,AV47,14243508,490.0,4.541264,-74.251706,4.60169315,-74.18285209,37.044
2025-03-12,Centro,AV06,13519206,548.4,4.946467,-73.941175,4.6411483,-74.0719684,41.45904
2025-03-03,Centro,AV06,13001713,900.0,4.946467,-73.941175,4.6029336,-74.1826122,68.04
2025-03-13,Centro,AV06,13227723,21.5,4.946467,-73.941175,4.73022578,-74.02875564,1.6254
2025-03-06,Centro,AV06,10795340,62.0,4.946467,-73.941175,4.71935,-74.0362,4.6872
2025-03-03,Centro,AV47,13759677,900.0,4.541264,-74.251706,4.633,-74.197718,68.04
2025-03-10,Centro,AV06,13114887,43.7,4.946467,-73.941175,4.729824162,-74.02424657,3.30372
2025-03-28,Centro,AV26,10794842,194.3,4.596453,-74.148856,4.63042,-74.168,14.68908
2025-03-23,Centro,AV47,11372715,500.0,4.541264,-74.251706,4.573843,-74.162496,37.8
2025-03-18,Centro,AV47,12434217,460.0,4.541264,-74.251706,4.578303278,-74.21317856,34.776
2025-03-26,Centro,AV06,10795262,508.3333333,4.946467,-73.941175,4.68332,-74.0807,38.42999999748
2025-03-05,Centro,AV06,14228850,245.0,4.946467,-73.941175,4.60675053,-74.08641235,18.522
2025-03-01,Centro,AV26,13201665,400.0,4.596453,-74.148856,4.574178825,-74.15203345,30.24
2025-03-23,Centro,AV06,10795263,348.0,4.946467,-73.941175,4.631956,-74.124151,26.3088
2025-03-25,Centro,AV42,13901899,166.4166667,5.544456,-73.352553,5.51417,-73.36679,12.58110000252
2025-03-31,Centro,AV06,12404538,4999.5,4.946467,-73.941175,4.6065,-74.0837,377.9622
2025-03-04,Centro,AV26,13864922,554.75,4.596453,-74.148856,4.51502447,-74.116767,41.9391
2025-03-07,Centro,AV06,13662499,108.0,4.946467,-73.941175,5.144974134,-73.68733397,8.1648
2025-03-05,Centro,AV47,12684327,289.0,4.541264,-74.251706,4.5862,-74.211721,21.8484
2025-03-12,Centro,AV26,11379155,114.5,4.596453,-74.148856,4.62193,-74.1678,8.6562
2025-03-11,Centro,AV06,10795294,414.5833333,4.946467,-73.941175,4.70363,-74.0413,31.34249999748
2025-03-26,Centro,AV50,12297130,480.0,4.742992,-74.164592,4.728168,-74.093705,36.288
2025-03-19,Centro,AV26,12463363,307.0,4.596453,-74.148856,4.561855347,-74.14777318,23.2092
2025-03-30,Centro,AV50,14175053,1800.0,4.742992,-74.164592,4.707255696,-74.21586094,136.08
2025-03-31,Centro,AV04,13406834,450.0,5.807142,-73.006556,5.809665746,-73.02541697,34.02
2025-03-26,Centro,AV06,10794826,1006.0,4.946467,-73.941175,4.67675,-74.1168,76.0536
2025-03-11,Centro,AV50,12495489,8.0,4.742992,-74.164592,4.760357,-74.466082,0.6048
2025-03-21,Centro,AV26,12551327,250.0,4.596453,-74.148856,4.590592,-74.154526,18.9
2025-03-12,Centro,AV04,13196543,130.0,5.807142,-73.006556,5.718660305,-72.939781,9.828
2025-03-05,Centro,AV47,12408426,470.0,4.541264,-74.251706,4.540471,-74.25511,35.532000000000004
2025-03-25,Centro,AV06,10791145,570.0,4.946467,-73.941175,5.02783,-73.9997,43.092
2025-03-26,Centro,AV50,12297130,270.0,4.742992,-74.164592,4.728168,-74.093705,20.412
2025-03-25,Centro,AV06,13027932,21.0,4.946467,-73.941175,4.639718799,-74.07337601,1.5876
2025-03-26,Centro,AV06,13027935,58.0,4.946467,-73.941175,4.664516,-74.056235,4.3848
2025-03-28,Centro,AV26,10771994,500.0,4.596453,-74.148856,4.57196,-74.0933,37.8
2025-03-28,Centro,AV04,11790664,165.0,5.807142,-73.006556,5.8143381,-73.031465,12.474
2025-03-01,Centro,AV06,10795331,41.0,4.946467,-73.941175,4.65374,-74.1095,3.0996
2025-03-17,Centro,AV42,14001746,200.0,5.544456,-73.352553,5.573639,-73.343056,15.12
2025-03-25,Centro,AV50,10794822,3.0,4.742992,-74.164592,4.819796,-74.352228,0.2268
2025-03-08,Centro,AV42,12533878,50.0,5.544456,-73.352553,5.50041729,-73.33237997,3.78
2025-03-31,Centro,AV47,12684327,280.0,4.541264,-74.251706,4.5862,-74.211721,21.168
2025-03-05,Centro,AV26,14213196,135.0,4.596453,-74.148856,4.549718944,-74.16025758,10.206
2025-03-26,Centro,AV06,10794836,3015.0,4.946467,-73.941175,4.617067,-74.090837,227.934
2025-03-25,Centro,AV06,12468175,1600.0,4.946467,-73.941175,4.6064848,-74.08507,120.96
2025-03-29,Centro,AV04,13929223,450.0,5.807142,-73.006556,5.56090395,-72.57729,34.02
2025-03-20,Centro,AV50,11798605,405.0,4.742992,-74.164592,4.74583,-74.117192,30.618
2025-03-27,Centro,AV42,14001746,281.1555556,5.544456,-73.352553,5.573639,-73.343056,21.25536000336
2025-03-31,Centro,AV06,10795358,250.0,4.946467,-73.941175,4.86638,-74.0372,18.9
2025-03-29,Centro,AV26,12767171,500.0,4.596453,-74.148856,4.600081412,-74.16501213,37.8
2025-03-06,Centro,AV06,11268397,115.0,4.946467,-73.941175,4.92073,-74.0242,8.694
2025-03-31,Centro,AV06,10794820,190.0,4.946467,-73.941175,4.76339,-74.0466,14.364
2025-03-22,Centro,AV06,10794838,212.0,4.946467,-73.941175,4.74957,-74.0968,16.0272
2025-03-21,Centro,AV47,12549072,500.0,4.541264,-74.251706,4.600005032,-74.1804782,37.8
2025-03-11,Centro,AV06,10486256,480.0,4.946467,-73.941175,5.32186,-73.4919,36.288
2025-03-03,Centro,AV06,14121551,100.0,4.946467,-73.941175,4.62709004,-74.09909111,7.56
2025-03-07,Centro,AV06,11762583,82.0,4.946467,-73.941175,4.896857163,-74.0340109,6.1992
2025-03-31,Centro,AV50,14258234,500.0,4.742992,-74.164592,4.7334806,-74.2575535,37.8
2025-03-27,Centro,AV50,11199877,2.3333333,4.742992,-74.164592,4.714186,-74.219022,0.17639999748
2025-03-31,Centro,AV47,11788240,480.0,4.541264,-74.251706,4.5804,-74.4455,36.288
2025-03-15,Centro,AV06,10795304,56.0,4.946467,-73.941175,4.66689,-74.0499,4.2336
2025-03-07,Centro,AV06,10794826,7.0,4.946467,-73.941175,4.67675,-74.1168,0.5292
2025-03-06,Centro,AV50,14121538,260.0,4.742992,-74.164592,4.9949002,-74.3384418,19.656
2025-03-22,Centro,AV26,12109406,324.0,4.596453,-74.148856,4.627036478,-74.14946091,24.4944
2025-03-20,Centro,AV06,12747783,114.0,4.946467,-73.941175,4.917219898,-74.03792938,8.6184
2025-03-23,Centro,AV47,12684327,270.0,4.541264,-74.251706,4.5862,-74.211721,20.412
2025-03-03,Centro,AV47,13409261,490.0,4.541264,-74.251706,4.570519666,-74.23725,37.044
2025-03-29,Centro,AV26,12436775,500.0,4.596453,-74.148856,4.60287,-74.14647,37.8
2025-03-10,Centro,AV47,11788240,480.0,4.541264,-74.251706,4.5804,-74.4455,36.288
2025-03-19,Centro,AV04,13871266,51.75,5.807142,-73.006556,5.51914731,-72.88562433,3.9123
2025-03-31,Centro,AV26,13184232,250.0,4.596453,-74.148856,4.55314082,-74.15900274,18.9
2025-03-26,Centro,AV26,10771713,386.1666667,4.596453,-74.148856,4.56127,-74.1407,29.19420000252
2025-03-18,Centro,AV06,12996139,450.0,4.946467,-73.941175,4.62811,-74.160094,34.02
2025-03-10,Centro,AV47,13945963,130.0,4.541264,-74.251706,4.57213145,-74.222751,9.828
2025-03-03,Centro,AV50,13111699,255.0,4.742992,-74.164592,4.730840799,-74.43834745,19.278
2025-03-04,Centro,AV06,13971700,122.0,4.946467,-73.941175,4.74662428,-74.097665,9.2232
2025-03-20,Centro,AV47,10769925,46.0,4.541264,-74.251706,4.60073,-74.189,3.4776
2025-03-21,Centro,AV47,11788240,126.0,4.541264,-74.251706,4.5804,-74.4455,9.5256
2025-03-06,Centro,AV26,10757473,120.75,4.596453,-74.148856,4.554051,-74.093696,9.1287
2025-03-04,Centro,AV06,10794838,175.05,4.946467,-73.941175,4.74957,-74.0968,13.23378
2025-03-15,Centro,AV06,10794836,4000.0,4.946467,-73.941175,4.617067,-74.090837,302.4
2025-03-15,Centro,AV06,13114893,93.5,4.946467,-73.941175,4.66751678,-74.11906,7.0686
2025-03-20,Centro,AV06,10795295,58.8666667,4.946467,-73.941175,4.69637,-74.0427,4.450320002520001
2025-03-23,Centro,AV06,10794836,4000.0,4.946467,-73.941175,4.617067,-74.090837,302.4
2025-03-03,Centro,AV06,14060458,1782.0,4.946467,-73.941175,3.625529,-75.093183,134.7192
2025-03-29,Centro,AV06,10795230,1000.0,4.946467,-73.941175,4.629552,-74.125001,75.6
2025-03-22,Centro,AV06,13949640,1620.0,4.946467,-73.941175,3.53789,-73.7042,122.472
2025-03-05,Centro,AV06,10795264,682.6,4.946467,-73.941175,4.59352,-74.1244,51.60456
2025-03-25,Centro,AV06,12291574,1720.0,4.946467,-73.941175,2.55768,-72.638,130.032
2025-03-20,Centro,AV26,12752013,85.0,4.596453,-74.148856,4.548462,-74.093207,6.426
2025-03-14,Centro,AV06,10794836,4000.0,4.946467,-73.941175,4.617067,-74.090837,302.4
2025-03-26,Centro,AV26,11487790,500.0,4.596453,-74.148856,4.572063,-74.094715,37.8
2025-03-19,Centro,AV06,12996139,300.0,4.946467,-73.941175,4.62811,-74.160094,22.68
2025-03-17,Centro,AV06,14206523,300.0,4.946467,-73.941175,5.0839107,-73.3675403,22.68
2025-03-22,Centro,AV06,13855464,500.0,4.946467,-73.941175,4.7594841,-74.0562124,37.8
2025-03-26,Centro,AV26,10771994,470.0,4.596453,-74.148856,4.57196,-74.0933,35.532000000000004
2025-03-03,Centro,AV06,10795339,39.45,4.946467,-73.941175,4.74906,-74.0971,2.9824200000000003
2025-03-06,Centro,AV50,14241671,218.8333333,4.742992,-74.164592,4.712148,-74.218138,16.54379999748
2025-03-19,Centro,AV26,10795539,180.0,4.596453,-74.148856,4.624245,-74.195758,13.608
2025-03-23,Centro,AV50,13111699,11.0,4.742992,-74.164592,4.730840799,-74.43834745,0.8316
2025-03-04,Centro,AV06,13822893,240.0,4.946467,-73.941175,4.715351855,-74.05879492,18.144
2025-03-05,Centro,AV06,10794836,156.8,4.946467,-73.941175,4.617067,-74.090837,11.854080000000002
2025-03-14,Centro,AV47,13849853,104.0,4.541264,-74.251706,4.596548,-74.197851,7.8624
2025-03-21,Centro,AV50,13111699,228.0,4.742992,-74.164592,4.730840799,-74.43834745,17.2368
2025-03-13,Centro,AV06,12743623,110.0,4.946467,-73.941175,4.947990606,-73.9227088,8.316
2025-03-19,Centro,AV26,10607681,72.4166667,4.596453,-74.148856,4.621239,-74.153751,5.47470000252
2025-03-25,Centro,AV06,10486749,400.0,4.946467,-73.941175,5.36846,-73.5213,30.24
2025-03-21,Centro,AV47,11342449,450.0,4.541264,-74.251706,4.58077835,-74.16751408,34.02
2025-03-14,Centro,AV50,12399495,360.0,4.742992,-74.164592,4.728201,-74.219292,27.216
2025-03-27,Centro,AV26,10795443,1050.0,4.596453,-74.148856,4.596723,-74.152602,79.38
2025-03-06,Centro,AV06,13475905,118.0,4.946467,-73.941175,4.858848616,-74.06224406,8.9208
2025-03-05,Centro,AV50,12499059,306.0,4.742992,-74.164592,4.70601106,-74.09347852,23.1336
2025-03-31,Centro,AV06,12570303,450.0,4.946467,-73.941175,5.027085099,-73.99887073,34.02
2025-03-06,Centro,AV06,10795336,10.25,4.946467,-73.941175,4.68776,-74.0514,0.7749
2025-03-13,Centro,AV06,12468175,433.3333333,4.946467,-73.941175,4.6064848,-74.08507,32.75999999748
2025-03-10,Centro,AV06,13027927,43.5,4.946467,-73.941175,4.726194,-74.055209,3.2886
2025-03-07,Centro,AV04,12632206,783.0,5.807142,-73.006556,5.525715,-73.3452019,59.1948
2025-03-23,Centro,AV47,13216043,60.0,4.541264,-74.251706,4.583030277,-74.19050536,4.536
2025-03-17,Centro,AV06,12529225,300.0,4.946467,-73.941175,4.85845,-74.0636,22.68
2025-03-25,Centro,AV50,12532263,300.0,4.742992,-74.164592,4.735897491,-74.26588789,22.68
2025-03-11,Centro,AV26,13472905,250.0,4.596453,-74.148856,4.571113,-74.090515,18.9
2025-03-07,Centro,AV26,11487790,1000.0,4.596453,-74.148856,4.572063,-74.094715,75.6
2025-03-01,Centro,AV04,13074910,56.0,5.807142,-73.006556,5.710793,-72.944327,4.2336
2025-03-04,Centro,AV04,13406834,55.0833333,5.807142,-73.006556,5.809665746,-73.02541697,4.16429999748
2025-03-20,Centro,AV47,14126343,600.0,4.541264,-74.251706,4.342643462,-74.36591,45.36
2025-03-13,Centro,AV50,14241671,90.0,4.742992,-74.164592,4.712148,-74.218138,6.804
2025-03-31,Centro,AV26,12551327,250.0,4.596453,-74.148856,4.590592,-74.154526,18.9
2025-03-05,Centro,AV06,10795261,933.4,4.946467,-73.941175,4.71272,-74.0344,70.56504
2025-03-19,Centro,AV06,10794836,4000.0,4.946467,-73.941175,4.617067,-74.090837,302.4
2025-03-22,Centro,AV47,12231633,422.0,4.541264,-74.251706,4.5783301,-74.2425625,31.9032
2025-03-07,Centro,AV06,10795340,26.0,4.946467,-73.941175,4.71935,-74.0362,1.9656
2025-03-25,Centro,AV26,10771994,500.0,4.596453,-74.148856,4.57196,-74.0933,37.8
2025-03-11,Centro,AV26,14131024,300.0,4.596453,-74.148856,4.5639082,-74.1442971,22.68
2025-03-13,Centro,AV06,14060458,1620.0,4.946467,-73.941175,3.625529,-75.093183,122.472
2025-03-28,Centro,AV26,10753538,500.25,4.596453,-74.148856,4.55464,-74.0846,37.8189
2025-03-28,Centro,AV26,11487790,1000.0,4.596453,-74.148856,4.572063,-74.094715,75.6
2025-03-26,Centro,AV47,13409261,500.0,4.541264,-74.251706,4.570519666,-74.23725,37.8
2025-03-31,Centro,AV50,14073246,939.0,4.742992,-74.164592,4.77281,-74.16497,70.9884
2025-03-11,Centro,AV26,10584114,406.0,4.596453,-74.148856,4.64380959,-74.063973,30.6936
2025-03-05,Centro,AV26,10584114,396.0,4.596453,-74.148856,4.64380959,-74.063973,29.9376
2025-03-12,Centro,AV26,12436775,500.0,4.596453,-74.148856,4.60287,-74.14647,37.8
2025-03-11,Centro,AV04,11522328,537.5,5.807142,-73.006556,5.82610206,-73.025819,40.635
2025-03-15,Centro,AV50,12930072,101.0,4.742992,-74.164592,4.743923531,-74.09349544,7.6356
2025-03-07,Centro,AV06,14121551,900.0,4.946467,-73.941175,4.62709004,-74.09909111,68.04
2025-03-06,Centro,AV04,13929223,480.0,5.807142,-73.006556,5.56090395,-72.57729,36.288
2025-03-06,Centro,AV26,12109406,336.5,4.596453,-74.148856,4.627036478,-74.14946091,25.4394
2025-03-25,Centro,AV50,10600857,160.0,4.742992,-74.164592,4.74443,-74.1006,12.096
2025-03-30,Centro,AV06,13001713,900.0,4.946467,-73.941175,4.6029336,-74.1826122,68.04
2025-03-25,Centro,AV42,13950910,46.25,5.544456,-73.352553,5.620435893,-73.62114196,3.4965
2025-03-13,Centro,AV50,13054404,133.0,4.742992,-74.164592,4.744539017,-74.12446454,10.0548
2025-03-15,Centro,AV26,13749431,307.0,4.596453,-74.148856,4.60543236,-74.13633567,23.2092
2025-03-10,Centro,AV06,13469288,60.0,4.946467,-73.941175,4.737975642,-74.02879354,4.536
2025-03-07,Centro,AV06,12468175,200.0,4.946467,-73.941175,4.6064848,-74.08507,15.12
2025-03-19,Centro,AV06,13027927,115.5,4.946467,-73.941175,4.726194,-74.055209,8.7318
2025-03-28,Centro,AV50,10794823,160.05,4.742992,-74.164592,4.702974,-74.222416,12.09978
2025-03-13,Centro,AV47,12504113,56.75,4.541264,-74.251706,4.4548752,-74.37992376,4.2903
2025-03-29,Centro,AV42,14031165,80.0,5.544456,-73.352553,5.199111,-73.149194,6.048
2025-03-25,Centro,AV26,11487790,500.0,4.596453,-74.148856,4.572063,-74.094715,37.8
2025-03-15,Centro,AV04,10279115,420.0,5.807142,-73.006556,5.825424,-73.03205,31.752
2025-03-21,Centro,AV47,13216043,143.0,4.541264,-74.251706,4.583030277,-74.19050536,10.8108
2025-03-20,Centro,AV26,14136396,70.0,4.596453,-74.148856,4.5461179,-74.10619086,5.292
2025-03-18,Centro,AV06,10794825,1000.0,4.946467,-73.941175,4.68015,-74.1525,75.6
2025-03-01,Centro,AV50,10587658,116.0,4.742992,-74.164592,4.74348,-74.1221,8.7696
2025-03-13,Centro,AV06,12404538,3456.0,4.946467,-73.941175,4.6065,-74.0837,261.2736
2025-03-13,Centro,AV50,14034022,444.0,4.742992,-74.164592,5.008651,-74.477925,33.5664
2025-03-15,Centro,AV04,10314597,80.0,5.807142,-73.006556,5.712672589,-72.9311829,6.048
2025-03-27,Centro,AV47,11372715,800.0,4.541264,-74.251706,4.573843,-74.162496,60.48
2025-03-11,Centro,AV06,14234942,3237.5,4.946467,-73.941175,4.60608827,-74.08382884,244.755
2025-03-29,Centro,AV06,10794836,2000.0,4.946467,-73.941175,4.617067,-74.090837,151.2
2025-03-28,Centro,AV06,13001713,900.0,4.946467,-73.941175,4.6029336,-74.1826122,68.04
2025-03-11,Centro,AV50,10794822,647.0,4.742992,-74.164592,4.819796,-74.352228,48.9132
2025-03-13,Centro,AV04,13929223,489.0,5.807142,-73.006556,5.56090395,-72.57729,36.9684
2025-03-06,Centro,AV47,12231633,240.05,4.541264,-74.251706,4.5783301,-74.2425625,18.14778
2025-03-29,Centro,AV47,14161351,520.0,4.541264,-74.251706,4.57983365,-74.17998191,39.312
2025-03-13,Centro,AV06,12637278,1800.0,4.946467,-73.941175,1.851860173,-76.04231015,136.08
2025-03-27,Centro,AV50,12937600,151.0,4.742992,-74.164592,4.731025711,-74.43521896,11.4156
2025-03-31,Centro,AV47,13949971,255.0,4.541264,-74.251706,4.5823227,-74.215674,19.278
2025-03-27,Centro,AV42,12236591,157.0,5.544456,-73.352553,5.521355754,-73.36934245,11.8692
2025-03-27,Centro,AV50,14265717,40.0,4.742992,-74.164592,4.746062,-74.123646,3.024
2025-03-10,Centro,AV06,10795260,500.0,4.946467,-73.941175,4.73446,-74.0656,37.8
2025-03-14,Centro,AV26,12131610,180.0,4.596453,-74.148856,4.5171633,-74.0894824,13.608
2025-03-22,Centro,AV06,10795441,1000.0,4.946467,-73.941175,4.77137,-74.0404,75.6
2025-03-21,Centro,AV26,11338767,776.25,4.596453,-74.148856,4.5317,-73.9223,58.6845
2025-03-11,Centro,AV04,11702610,490.0,5.807142,-73.006556,5.782401,-73.115921,37.044
2025-03-15,Centro,AV06,10795339,1000.0,4.946467,-73.941175,4.74906,-74.0971,75.6
2025-03-26,Centro,AV26,12436775,500.0,4.596453,-74.148856,4.60287,-74.14647,37.8
2025-03-15,Centro,AV06,14144703,54.4,4.946467,-73.941175,4.65529,-74.06044,4.11264
2025-03-17,Centro,AV06,12747783,302.0,4.946467,-73.941175,4.917219898,-74.03792938,22.8312
2025-03-27,Centro,AV04,11383983,768.0,5.807142,-73.006556,5.808149,-73.026729,58.0608
2025-03-03,Centro,AV06,10795263,36.25,4.946467,-73.941175,4.631956,-74.124151,2.7405
2025-03-06,Centro,AV26,10794828,50.0,4.596453,-74.148856,4.63195,-74.146,3.78
2025-03-07,Centro,AV50,13521177,455.0,4.742992,-74.164592,4.735906631,-74.25319652,34.398
2025-03-11,Centro,AV50,14073246,880.0,4.742992,-74.164592,4.77281,-74.16497,66.528
2025-03-31,Centro,AV47,13409261,490.0,4.541264,-74.251706,4.570519666,-74.23725,37.044
2025-03-25,Centro,AV47,10623895,500.0,4.541264,-74.251706,4.63211,-74.4531,37.8
2025-03-12,Centro,AV47,12408426,470.0,4.541264,-74.251706,4.540471,-74.25511,35.532000000000004
2025-03-04,Centro,AV04,12291292,1620.0,5.807142,-73.006556,5.805537,-73.004589,122.472
2025-03-10,Centro,AV06,13975701,500.0,4.946467,-73.941175,4.648427,-74.060859,37.8
2025-03-14,Centro,AV06,10481909,480.0,4.946467,-73.941175,5.00816,-73.4721,36.288
2025-03-11,Centro,AV47,13352758,209.0,4.541264,-74.251706,4.302037,-74.45062,15.8004
2025-03-13,Centro,AV06,13380672,25.0,4.946467,-73.941175,4.96430731,-73.9068416,1.89
2025-03-14,Centro,AV04,11702610,480.0,5.807142,-73.006556,5.782401,-73.115921,36.288
2025-03-30,Centro,AV06,12637278,3888.0,4.946467,-73.941175,1.851860173,-76.04231015,293.9328
2025-03-28,Centro,AV47,12549072,500.0,4.541264,-74.251706,4.600005032,-74.1804782,37.8
2025-03-05,Centro,AV47,13949971,215.0,4.541264,-74.251706,4.5823227,-74.215674,16.254
2025-03-22,Centro,AV26,12620294,500.0,4.596453,-74.148856,4.408011,-73.95057,37.8
2025-03-21,Centro,AV47,13449228,88.0,4.541264,-74.251706,4.490725562,-74.26046997,6.6528
2025-03-31,Centro,AV06,14228850,1100.0,4.946467,-73.941175,4.60675053,-74.08641235,83.16
2025-03-19,Centro,AV26,12796281,220.0,4.596453,-74.148856,4.584589,-74.125191,16.632
2025-03-11,Centro,AV26,10933055,246.0,4.596453,-74.148856,4.46202,-74.1296,18.5976
2025-03-29,Centro,AV42,11194949,200.0,5.544456,-73.352553,5.536846,-73.366079,15.12
2025-03-31,Centro,AV06,12566225,3600.0,4.946467,-73.941175,4.628305,-74.159196,272.16
2025-03-03,Centro,AV47,12784751,600.0,4.541264,-74.251706,4.522614,-74.241185,45.36
2025-03-22,Centro,AV47,13855020,166.0,4.541264,-74.251706,4.326515,-74.4033,12.5496
2025-03-31,Centro,AV47,14126343,450.0,4.541264,-74.251706,4.342643462,-74.36591,34.02
2025-03-29,Centro,AV50,12297130,50.0,4.742992,-74.164592,4.728168,-74.093705,3.78
2025-03-25,Centro,AV47,14013391,450.0,4.541264,-74.251706,4.578067,-74.4440807,34.02
2025-03-14,Centro,AV06,10795272,117.0,4.946467,-73.941175,4.76102,-74.0441,8.8452
2025-03-01,Centro,AV06,14121551,900.0,4.946467,-73.941175,4.62709004,-74.09909111,68.04
2025-03-28,Centro,AV50,11349249,50.0,4.742992,-74.164592,4.73513,-74.101089,3.78
2025-03-25,Centro,AV06,10661645,520.0,4.946467,-73.941175,4.68694,-74.15151,39.312
2025-03-19,Centro,AV06,12976160,114.0,4.946467,-73.941175,4.66587,-74.11944,8.6184
2025-03-07,Centro,AV50,12580142,397.0,4.742992,-74.164592,4.756615,-74.114014,30.0132
2025-03-19,Centro,AV06,10794820,7.0,4.946467,-73.941175,4.76339,-74.0466,0.5292
2025-03-15,Centro,AV04,13074910,10.0,5.807142,-73.006556,5.710793,-72.944327,0.756
2025-03-22,Centro,AV06,10794836,500.0,4.946467,-73.941175,4.617067,-74.090837,37.8
2025-03-03,Centro,AV06,10492698,500.0,4.946467,-73.941175,5.21760888,-73.45694244,37.8
2025-03-17,Centro,AV06,10795310,28.6666667,4.946467,-73.941175,4.6321,-74.0755,2.16720000252
2025-03-20,Centro,AV26,10744947,250.0,4.596453,-74.148856,4.5649221,-74.12598261,18.9
2025-03-22,Centro,AV26,13767195,450.0,4.596453,-74.148856,4.594150057,-74.13723576,34.02
2025-03-10,Centro,AV06,13027935,20.0,4.946467,-73.941175,4.664516,-74.056235,1.512
2025-03-17,Centro,AV42,13354095,450.0,5.544456,-73.352553,5.51768,-73.365112,34.02
2025-03-25,Centro,AV06,13969047,266.6666667,4.946467,-73.941175,4.64254126,-74.07741204,20.16000000252
2025-03-03,Centro,AV06,12468175,800.0,4.946467,-73.941175,4.6064848,-74.08507,60.48
2025-03-14,Centro,AV06,13949640,2538.0,4.946467,-73.941175,3.53789,-73.7042,191.8728
2025-03-22,Centro,AV47,12784751,700.0,4.541264,-74.251706,4.522614,-74.241185,52.92
2025-03-10,Centro,AV50,12399495,450.0,4.742992,-74.164592,4.728201,-74.219292,34.02
2025-03-28,Centro,AV06,13114888,37.1666667,4.946467,-73.941175,4.61955,-74.06643,2.80980000252
2025-03-25,Centro,AV04,13929223,445.0,5.807142,-73.006556,5.56090395,-72.57729,33.642
2025-03-07,Centro,AV06,10795225,6.0,4.946467,-73.941175,4.74047,-74.064,0.4536
2025-03-27,Centro,AV06,13475905,14.0,4.946467,-73.941175,4.858848616,-74.06224406,1.0584
2025-03-25,Centro,AV50,12930072,450.0,4.742992,-74.164592,4.743923531,-74.09349544,34.02
2025-03-20,Centro,AV06,12404538,2000.0,4.946467,-73.941175,4.6065,-74.0837,151.2
2025-03-18,Centro,AV06,12727839,800.0,4.946467,-73.941175,4.702051327,-74.18407664,60.48
2025-03-13,Centro,AV47,10623895,900.0,4.541264,-74.251706,4.63211,-74.4531,68.04
2025-03-29,Centro,AV42,12461640,480.0,5.544456,-73.352553,5.509702,-73.373098,36.288
2025-03-25,Centro,AV04,13929223,489.0,5.807142,-73.006556,5.56090395,-72.57729,36.9684
2025-03-03,Centro,AV47,11372715,480.0,4.541264,-74.251706,4.573843,-74.162496,36.288
2025-03-08,Centro,AV06,11272034,39.0,4.946467,-73.941175,4.86747,-73.877,2.9484
2025-03-01,Centro,AV06,10795264,70.3333333,4.946467,-73.941175,4.59352,-74.1244,5.31719999748
2025-03-31,Centro,AV50,14041147,120.0,4.742992,-74.164592,4.8141195,-74.350649,9.072
2025-03-06,Centro,AV47,12676967,673.0,4.541264,-74.251706,4.577885,-74.443888,50.8788
2025-03-25,Centro,AV50,11667608,450.0,4.742992,-74.164592,4.851373037,-74.2688731,34.02
2025-03-26,Centro,AV06,13114887,103.0,4.946467,-73.941175,4.729824162,-74.02424657,7.7868
2025-03-03,Centro,AV06,12291574,1620.0,4.946467,-73.941175,2.55768,-72.638,122.472
2025-03-27,Centro,AV50,14121538,300.0,4.742992,-74.164592,4.9949002,-74.3384418,22.68
2025-03-15,Centro,AV06,13027931,175.6,4.946467,-73.941175,4.720215,-74.045457,13.27536
2025-03-08,Centro,AV26,11487790,500.0,4.596453,-74.148856,4.572063,-74.094715,37.8
2025-03-27,Centro,AV42,11194949,400.0,5.544456,-73.352553,5.536846,-73.366079,30.24
2025-03-20,Centro,AV06,10794838,56.5,4.946467,-73.941175,4.74957,-74.0968,4.2714
2025-03-20,Centro,AV47,14126343,600.0,4.541264,-74.251706,4.342643462,-74.36591,45.36
2025-03-18,Centro,AV42,14208311,132.0,5.544456,-73.352553,5.58599158,-73.54190706,9.9792
2025-03-21,Centro,AV06,10795264,500.5,4.946467,-73.941175,4.59352,-74.1244,37.8378
2025-03-15,Centro,AV47,13759677,900.0,4.541264,-74.251706,4.633,-74.197718,68.04
2025-03-28,Centro,AV50,12495489,325.0,4.742992,-74.164592,4.760357,-74.466082,24.57
2025-03-20,Centro,AV04,12291292,4800.0,5.807142,-73.006556,5.805537,-73.004589,362.88
2025-03-14,Centro,AV06,10794836,1500.0,4.946467,-73.941175,4.617067,-74.090837,113.4
2025-03-01,Centro,AV47,13849853,450.0,4.541264,-74.251706,4.596548,-74.197851,34.02
2025-03-05,Centro,AV04,13871266,100.0,5.807142,-73.006556,5.51914731,-72.88562433,7.56
2025-03-03,Centro,AV47,12975871,490.0,4.541264,-74.251706,4.5719835,-74.16588616,37.044
2025-03-31,Centro,AV04,13074910,450.0,5.807142,-73.006556,5.710793,-72.944327,34.02
2025-03-19,Centro,AV06,12291316,1520.0,4.946467,-73.941175,4.176519148,-73.64177585,114.912
2025-03-10,Centro,AV06,10795262,500.0,4.946467,-73.941175,4.68332,-74.0807,37.8
2025-03-21,Centro,AV06,10486256,10.0,4.946467,-73.941175,5.32186,-73.4919,0.756
2025-03-26,Centro,AV06,12743623,450.0,4.946467,-73.941175,4.947990606,-73.9227088,34.02
2025-03-07,Centro,AV50,10794823,59.25,4.742992,-74.164592,4.702974,-74.222416,4.4793
2025-03-29,Centro,AV06,10795260,1000.0,4.946467,-73.941175,4.73446,-74.0656,75.6
2025-03-31,Centro,AV06,12135753,900.0,4.946467,-73.941175,5.012731,-73.861147,68.04
2025-03-29,Centro,AV47,12167099,95.0,4.541264,-74.251706,4.5903729,-74.2239206,7.182
2025-03-06,Centro,AV26,10584114,400.0,4.596453,-74.148856,4.64380959,-74.063973,30.24
2025-03-19,Centro,AV06,13237608,201.0,4.946467,-73.941175,5.03337803,-73.9965692,15.1956
2025-03-01,Centro,AV50,12399495,500.0,4.742992,-74.164592,4.728201,-74.219292,37.8
2025-03-30,Centro,AV06,12565696,900.0,4.946467,-73.941175,4.723704455,-74.12314348,68.04
2025-03-29,Centro,AV26,12109406,326.0,4.596453,-74.148856,4.627036478,-74.14946091,24.6456
2025-03-06,Centro,AV06,14026090,102.0,4.946467,-73.941175,4.920671395,-74.03295256,7.7112
2025-03-31,Centro,AV50,14175053,1050.0,4.742992,-74.164592,4.707255696,-74.21586094,79.38
2025-03-21,Centro,AV04,13226266,200.0,5.807142,-73.006556,5.8079,-73.0194,15.12
2025-03-22,Centro,AV26,11487790,500.0,4.596453,-74.148856,4.572063,-74.094715,37.8
2025-03-22,Centro,AV47,11036318,310.0,4.541264,-74.251706,4.60178141,-74.18254633,23.436
2025-03-29,Centro,AV50,11677477,150.0,4.742992,-74.164592,4.817271,-74.099505,11.34
2025-03-05,Centro,AV26,12109406,324.0,4.596453,-74.148856,4.627036478,-74.14946091,24.4944
2025-03-24,Centro,AV26,12436775,500.0,4.596453,-74.148856,4.60287,-74.14647,37.8
2025-03-07,Centro,AV06,14228850,1223.0,4.946467,-73.941175,4.60675053,-74.08641235,92.4588
2025-03-19,Centro,AV06,13027931,75.0,4.946467,-73.941175,4.720215,-74.045457,5.67
2025-03-22,Centro,AV47,13200950,235.0,4.541264,-74.251706,4.632617,-74.452641,17.766000000000002
2025-03-03,Centro,AV42,13901899,80.0,5.544456,-73.352553,5.51417,-73.36679,6.048
2025-03-10,Centro,AV06,13027931,72.0,4.946467,-73.941175,4.720215,-74.045457,5.4432
2025-03-19,Centro,AV26,12751277,100.0,4.596453,-74.148856,4.5786192,-74.1138589,7.56
2025-03-04,Centro,AV04,10288879,480.0,5.807142,-73.006556,5.69004,-73.229,36.288
2025-03-31,Centro,AV06,12291574,1720.0,4.946467,-73.941175,2.55768,-72.638,130.032
2025-03-28,Centro,AV26,14192257,15.0,4.596453,-74.148856,4.510155614,-74.11143333,1.134
2025-03-18,Centro,AV06,12468175,500.0,4.946467,-73.941175,4.6064848,-74.08507,37.8
2025-03-12,Centro,AV26,13767195,32.0833333,4.596453,-74.148856,4.594150057,-74.13723576,2.42549999748
2025-03-28,Centro,AV06,13027936,141.3333333,4.946467,-73.941175,4.680525,-74.050063,10.68479999748
2025-03-08,Centro,AV04,10314597,3.0,5.807142,-73.006556,5.712672589,-72.9311829,0.2268
2025-03-13,Centro,AV06,12734639,169.0,4.946467,-73.941175,4.738837655,-74.02750148,12.7764
2025-03-07,Centro,AV26,13227016,50.0,4.596453,-74.148856,4.456089,-74.132163,3.78
2025-03-21,Centro,AV06,10794836,3500.0,4.946467,-73.941175,4.617067,-74.090837,264.6
2025-03-30,Centro,AV06,10794826,2500.0,4.946467,-73.941175,4.67675,-74.1168,189.0
2025-03-31,Centro,AV42,10279118,485.0,5.544456,-73.352553,5.631301,-73.527817,36.666
2025-03-10,Centro,AV26,10584114,432.0,4.596453,-74.148856,4.64380959,-74.063973,32.6592
2025-03-19,Centro,AV47,11372715,80.0,4.541264,-74.251706,4.573843,-74.162496,6.048
2025-03-28,Centro,AV50,14175053,2200.0,4.742992,-74.164592,4.707255696,-74.21586094,166.32
2025-03-11,Centro,AV26,13864922,210.0,4.596453,-74.148856,4.51502447,-74.116767,15.876
2025-03-14,Centro,AV47,10596108,438.0,4.541264,-74.251706,4.333963,-74.363534,33.1128
2025-03-30,Centro,AV06,10795339,250.0,4.946467,-73.941175,4.74906,-74.0971,18.9
2025-03-05,Centro,AV26,12718397,205.0,4.596453,-74.148856,4.613049,-74.143699,15.498
2025-03-10,Centro,AV26,10744947,150.0,4.596453,-74.148856,4.5649221,-74.12598261,11.34
2025-03-07,Centro,AV26,10755524,50.0,4.596453,-74.148856,4.5066,-74.1475,3.78
2025-03-19,Centro,AV06,14228850,244.0,4.946467,-73.941175,4.60675053,-74.08641235,18.4464
2025-03-20,Centro,AV06,12738954,50.0,4.946467,-73.941175,4.873950071,-74.141887,3.78
2025-03-21,Centro,AV04,12989222,50.0,5.807142,-73.006556,5.56739162,-73.18388698,3.78
2025-03-11,Centro,AV50,10794822,656.25,4.742992,-74.164592,4.819796,-74.352228,49.6125
2025-03-23,Centro,AV06,10795441,1000.0,4.946467,-73.941175,4.77137,-74.0404,75.6
2025-03-05,Centro,AV06,11325369,58.2,4.946467,-73.941175,4.88527,-74.0368,4.39992
2025-03-18,Centro,AV06,10481909,480.0,4.946467,-73.941175,5.00816,-73.4721,36.288
2025-03-10,Centro,AV06,10795261,1050.0,4.946467,-73.941175,4.71272,-74.0344,79.38
2025-03-19,Centro,AV06,10481909,454.5,4.946467,-73.941175,5.00816,-73.4721,34.3602
2025-03-27,Centro,AV42,10292016,352.0,5.544456,-73.352553,5.52242,-73.3615,26.6112
2025-03-23,Centro,AV06,13227723,27.6666665,4.946467,-73.941175,4.73022578,-74.02875564,2.0915999874
2025-03-12,Centro,AV04,10279115,552.0,5.807142,-73.006556,5.825424,-73.03205,41.7312
2025-03-29,Centro,AV06,14228850,1620.0,4.946467,-73.941175,4.60675053,-74.08641235,122.472
2025-03-07,Centro,AV06,12201193,75.0,4.946467,-73.941175,4.710608514,-74.05899132,5.67
2025-03-13,Centro,AV06,13723755,240.0,4.946467,-73.941175,4.60349,-74.08485,18.144
2025-03-31,Centro,AV47,13409261,490.0,4.541264,-74.251706,4.570519666,-74.23725,37.044
2025-03-14,Centro,AV06,10795308,270.0,4.946467,-73.941175,4.64777,-74.0601,20.412
2025-03-27,Centro,AV50,13777408,306.0,4.742992,-74.164592,4.697317416,-74.09515155,23.1336
2025-03-04,Centro,AV06,13114895,198.5,4.946467,-73.941175,4.701902481,-74.03092152,15.0066
2025-03-25,Centro,AV06,14121551,1800.0,4.946467,-73.941175,4.62709004,-74.09909111,136.08
2025-03-29,Centro,AV06,12637278,3924.0,4.946467,-73.941175,1.851860173,-76.04231015,296.6544
2025-03-13,Centro,AV50,10650277,73.0,4.742992,-74.164592,4.74346,-74.1221,5.5188
2025-03-06,Centro,AV47,11382163,216.0,4.541264,-74.251706,4.6154733,-74.3523323,16.3296
2025-03-31,Centro,AV47,10623895,47.0,4.541264,-74.251706,4.63211,-74.4531,3.5532
2025-03-17,Centro,AV04,13866825,480.0,5.807142,-73.006556,5.994968,-72.691329,36.288
2025-03-04,Centro,AV50,10639080,362.0,4.742992,-74.164592,4.76032,-74.4665,27.3672
2025-03-25,Centro,AV06,10794825,1002.0,4.946467,-73.941175,4.68015,-74.1525,75.7512
2025-03-11,Centro,AV47,13945963,450.0,4.541264,-74.251706,4.57213145,-74.222751,34.02
2025-03-25,Centro,AV04,12632206,850.0,5.807142,-73.006556,5.525715,-73.3452019,64.26
2025-03-01,Centro,AV06,14011040,20.0,4.946467,-73.941175,4.959900173,-73.93440914,1.512
2025-03-17,Centro,AV47,12684327,375.0,4.541264,-74.251706,4.5862,-74.211721,28.35
2025-03-03,Centro,AV47,12434217,455.0,4.541264,-74.251706,4.578303278,-74.21317856,34.398
2025-03-13,Centro,AV06,14144703,110.7,4.946467,-73.941175,4.65529,-74.06044,8.368920000000001
2025-03-14,Centro,AV26,12767171,600.75,4.596453,-74.148856,4.600081412,-74.16501213,45.4167
2025-03-14,Centro,AV06,10794834,280.0,4.946467,-73.941175,4.7573,-74.0645,21.168
2025-03-10,Centro,AV26,12436775,500.0,4.596453,-74.148856,4.60287,-74.14647,37.8
2025-03-14,Centro,AV26,10795443,488.0,4.596453,-74.148856,4.596723,-74.152602,36.8928
2025-03-27,Centro,AV06,13475905,450.0,4.946467,-73.941175,4.858848616,-74.06224406,34.02
2025-03-30,Centro,AV06,12565696,900.0,4.946467,-73.941175,4.723704455,-74.12314348,68.04
2025-03-14,Centro,AV42,14001746,142.0,5.544456,-73.352553,5.573639,-73.343056,10.7352
2025-03-01,Centro,AV26,13237618,26.3333333,4.596453,-74.148856,4.58276,-74.124281,1.99079999748
2025-03-27,Centro,AV06,12513754,190.0,4.946467,-73.941175,4.863828959,-74.05947729,14.364
2025-03-10,Centro,AV06,12565696,900.0,4.946467,-73.941175,4.723704455,-74.12314348,68.04
2025-03-13,Centro,AV06,13949640,1780.0,4.946467,-73.941175,3.53789,-73.7042,134.568
2025-03-15,Centro,AV06,10794825,80.0,4.946467,-73.941175,4.68015,-74.1525,6.048
2025-03-31,Centro,AV26,11487790,500.0,4.596453,-74.148856,4.572063,-74.094715,37.8
2025-03-22,Centro,AV06,10795441,1000.0,4.946467,-73.941175,4.77137,-74.0404,75.6
2025-03-15,Centro,AV06,10795161,37.0,4.946467,-73.941175,4.72711,-74.0654,2.7972
2025-03-14,Centro,AV04,12571274,100.0,5.807142,-73.006556,5.818957417,-73.03599237,7.56
2025-03-19,Centro,AV47,14022774,478.0,4.541264,-74.251706,4.586334725,-74.21671449,36.1368
2025-03-04,Centro,AV50,12495489,238.0,4.742992,-74.164592,4.760357,-74.466082,17.9928
2025-03-04,Centro,AV04,12537667,40.0,5.807142,-73.006556,5.78107081,-73.12024286,3.024
2025-03-28,Centro,AV42,14208311,277.6666666,5.544456,-73.352553,5.58599158,-73.54190706,20.99159999496
2025-03-20,Centro,AV06,13114894,37.3333333,4.946467,-73.941175,4.632056,-74.093952,2.82239999748
2025-03-15,Centro,AV42,14150049,310.0,5.544456,-73.352553,5.3997727,-73.3356032,23.436
2025-03-18,Centro,AV06,13881550,745.0,4.946467,-73.941175,4.77376,-74.15948,56.322
2025-03-07,Centro,AV06,10795260,27.8333333,4.946467,-73.941175,4.73446,-74.0656,2.10419999748
2025-03-08,Centro,AV50,13754617,15.0,4.742992,-74.164592,4.71382388,-74.10081664,1.134
2025-03-31,Centro,AV26,13515444,500.5,4.596453,-74.148856,4.563871173,-74.14415934,37.8378
2025-03-14,Centro,AV06,12291316,216.0,4.946467,-73.941175,4.176519148,-73.64177585,16.3296
2025-03-04,Centro,AV26,12752013,505.0,4.596453,-74.148856,4.548462,-74.093207,38.178
2025-03-29,Centro,AV50,11349249,15.0,4.742992,-74.164592,4.73513,-74.101089,1.134
2025-03-26,Centro,AV26,12436775,500.0,4.596453,-74.148856,4.60287,-74.14647,37.8
2025-03-29,Centro,AV26,11379155,14.0,4.596453,-74.148856,4.62193,-74.1678,1.0584
2025-03-11,Centro,AV06,12771595,160.0,4.946467,-73.941175,5.36487,-73.5211,12.096
2025-03-20,Centro,AV06,12468175,1100.0,4.946467,-73.941175,4.6064848,-74.08507,83.16
2025-03-07,Centro,AV47,13200950,460.0,4.541264,-74.251706,4.632617,-74.452641,34.776
2025-03-03,Centro,AV47,13409261,490.0,4.541264,-74.251706,4.570519666,-74.23725,37.044
2025-03-11,Centro,AV26,14192257,324.0,4.596453,-74.148856,4.510155614,-74.11143333,24.4944
2025-03-05,Centro,AV47,12408426,450.0,4.541264,-74.251706,4.540471,-74.25511,34.02
2025-03-06,Centro,AV06,12996139,1500.0,4.946467,-73.941175,4.62811,-74.160094,113.4
2025-03-08,Centro,AV50,13216000,451.0,4.742992,-74.164592,4.749443,-74.112656,34.0956
2025-03-11,Centro,AV06,14007868,200.0,4.946467,-73.941175,4.68456,-74.09137,15.12
2025-03-13,Centro,AV26,13200008,500.0,4.596453,-74.148856,4.565739,-74.101753,37.8
2025-03-25,Centro,AV06,12976163,148.0,4.946467,-73.941175,4.67237,-74.15053,11.1888
2025-03-01,Centro,AV50,14175053,900.0,4.742992,-74.164592,4.707255696,-74.21586094,68.04
2025-03-18,Centro,AV50,13235995,115.79,4.742992,-74.164592,5.001163532,-74.33941038,8.753724
2025-03-25,Centro,AV47,11372715,671.0,4.541264,-74.251706,4.573843,-74.162496,50.7276
2025-03-21,Centro,AV26,12131610,345.25,4.596453,-74.148856,4.5171633,-74.0894824,26.1009
2025-03-20,Centro,AV06,10794836,3500.0,4.946467,-73.941175,4.617067,-74.090837,264.6
2025-03-19,Centro,AV42,11394843,155.0,5.544456,-73.352553,5.282256,-73.167873,11.718
2025-03-28,Centro,AV47,13670955,15.0,4.541264,-74.251706,4.586101,-74.167068,1.134
2025-03-12,Centro,AV06,12291316,1104.0,4.946467,-73.941175,4.176519148,-73.64177585,83.4624
2025-03-22,Centro,AV26,10761840,51.0,4.596453,-74.148856,4.61977,-74.1732,3.8556
2025-03-21,Centro,AV26,13227016,125.0,4.596453,-74.148856,4.456089,-74.132163,9.45
2025-03-31,Centro,AV50,14121538,450.0,4.742992,-74.164592,4.9949002,-74.3384418,34.02
2025-03-27,Centro,AV06,12404538,3456.0,4.946467,-73.941175,4.6065,-74.0837,261.2736
2025-03-15,Centro,AV47,13855020,395.0,4.541264,-74.251706,4.326515,-74.4033,29.862
2025-03-17,Centro,AV47,11019248,480.0,4.541264,-74.251706,4.57208,-74.168,36.288
2025-03-07,Centro,AV26,10794842,3.2,4.596453,-74.148856,4.63042,-74.168,0.24192
2025-03-03,Centro,AV06,12734639,94.0,4.946467,-73.941175,4.738837655,-74.02750148,7.1064
2025-03-05,Centro,AV06,13949640,1620.0,4.946467,-73.941175,3.53789,-73.7042,122.472
2025-03-19,Centro,AV06,10658724,906.0,4.946467,-73.941175,4.708185,-74.116536,68.4936
2025-03-19,Centro,AV06,10795261,839.75,4.946467,-73.941175,4.71272,-74.0344,63.4851
2025-03-25,Centro,AV06,11279874,740.0,4.946467,-73.941175,4.665369,-74.1105,55.944
2025-03-15,Centro,AV04,12291292,1620.0,5.807142,-73.006556,5.805537,-73.004589,122.472
2025-03-18,Centro,AV50,12532263,270.0,4.742992,-74.164592,4.735897491,-74.26588789,20.412
2025-03-06,Centro,AV26,13994969,100.0,4.596453,-74.148856,4.57952229,-74.1015,7.56
2025-03-14,Centro,AV06,13027927,44.0,4.946467,-73.941175,4.726194,-74.055209,3.3264
2025-03-12,Centro,AV06,10795161,77.0,4.946467,-73.941175,4.72711,-74.0654,5.8212
2025-03-06,Centro,AV47,11372715,450.0,4.541264,-74.251706,4.573843,-74.162496,34.02
2025-03-15,Centro,AV47,10596108,500.0,4.541264,-74.251706,4.333963,-74.363534,37.8
2025-03-19,Centro,AV47,12434217,50.0,4.541264,-74.251706,4.578303278,-74.21317856,3.78
2025-03-05,Centro,AV47,12784751,720.0,4.541264,-74.251706,4.522614,-74.241185,54.432
2025-03-14,Centro,AV04,10314591,358.3333333,5.807142,-73.006556,5.826054498,-73.0333059,27.08999999748
2025-03-07,Centro,AV26,10584114,432.0,4.596453,-74.148856,4.64380959,-74.063973,32.6592
2025-03-15,Centro,AV06,10598284,477.5,4.946467,-73.941175,4.68517,-74.0894,36.099
2025-03-31,Centro,AV42,14001746,510.0,5.544456,-73.352553,5.573639,-73.343056,38.556
2025-03-13,Centro,AV50,11199877,9.0,4.742992,-74.164592,4.714186,-74.219022,0.6804
2025-03-25,Centro,AV06,10561291,55.0,4.946467,-73.941175,5.14491,-73.6844,4.158
2025-03-15,Centro,AV06,13058910,160.0,4.946467,-73.941175,4.925306382,-74.03565813,12.096
2025-03-07,Centro,AV47,11553757,500.0,4.541264,-74.251706,4.622261,-74.202565,37.8
2025-03-28,Centro,AV47,13945963,344.5333334,4.541264,-74.251706,4.57213145,-74.222751,26.04672000504
2025-03-27,Centro,AV06,12738954,300.0,4.946467,-73.941175,4.873950071,-74.141887,22.68
2025-03-25,Centro,AV06,14014639,450.0,4.946467,-73.941175,4.68012026,-74.03777427,34.02
2025-03-21,Centro,AV06,13200055,62.25,4.946467,-73.941175,5.008394228,-73.47196365,4.7061
2025-03-30,Centro,AV47,13971914,450.0,4.541264,-74.251706,4.6163854,-74.1879468,34.02
2025-03-05,Centro,AV26,12551327,400.0,4.596453,-74.148856,4.590592,-74.154526,30.24
2025-03-18,Centro,AV47,13670955,315.0,4.541264,-74.251706,4.586101,-74.167068,23.814
2025-03-12,Centro,AV47,12976166,246.0,4.541264,-74.251706,4.62037,-74.19797,18.5976
2025-03-05,Centro,AV06,11188850,728.0,4.946467,-73.941175,4.940174,-73.943858,55.0368
2025-03-20,Centro,AV06,13114888,110.8333333,4.946467,-73.941175,4.61955,-74.06643,8.378999997480001
2025-03-27,Centro,AV06,13475905,450.0,4.946467,-73.941175,4.858848616,-74.06224406,34.02
2025-03-20,Centro,AV04,12291672,4800.0,5.807142,-73.006556,5.805537,-73.004589,362.88
2025-03-04,Centro,AV06,12767422,28.0,4.946467,-73.941175,4.7153125,-74.05881619,2.1168
2025-03-04,Centro,AV06,10795294,536.3833333,4.946467,-73.941175,4.70363,-74.0413,40.55057999748
2025-03-23,Centro,AV06,13027930,189.5,4.946467,-73.941175,4.688543896,-74.0473645,14.3262
2025-03-28,Centro,AV50,12297130,6.0,4.742992,-74.164592,4.728168,-74.093705,0.4536
2025-03-15,Centro,AV06,10794836,4000.0,4.946467,-73.941175,4.617067,-74.090837,302.4
2025-03-27,Centro,AV06,13114888,60.5,4.946467,-73.941175,4.61955,-74.06643,4.5738
2025-03-17,Centro,AV06,11762583,351.0,4.946467,-73.941175,4.896857163,-74.0340109,26.5356
2025-03-03,Centro,AV50,14034022,210.0,4.742992,-74.164592,5.008651,-74.477925,15.876
2025-03-25,Centro,AV06,12747783,450.0,4.946467,-73.941175,4.917219898,-74.03792938,34.02
2025-03-07,Centro,AV06,13949640,1836.0,4.946467,-73.941175,3.53789,-73.7042,138.8016
2025-03-01,Centro,AV50,14175053,900.0,4.742992,-74.164592,4.707255696,-74.21586094,68.04
2025-03-19,Centro,AV26,10794835,41.0,4.596453,-74.148856,4.569162,-74.099182,3.0996
2025-03-12,Centro,AV06,12468175,700.0,4.946467,-73.941175,4.6064848,-74.08507,52.92
2025-03-12,Centro,AV06,14136526,100.0,4.946467,-73.941175,5.0230682,-73.970343,7.56
2025-03-04,Centro,AV47,14013391,385.0,4.541264,-74.251706,4.578067,-74.4440807,29.106
2025-03-07,Centro,AV50,11411107,928.0,4.742992,-74.164592,4.742676,-74.164932,70.1568
2025-03-11,Centro,AV26,10794833,132.0,4.596453,-74.148856,4.598146,-74.165831,9.9792
2025-03-31,Centro,AV26,12767171,500.0,4.596453,-74.148856,4.600081412,-74.16501213,37.8
2025-03-08,Centro,AV06,10795262,505.25,4.946467,-73.941175,4.68332,-74.0807,38.1969
2025-03-28,Centro,AV50,13216000,480.0,4.742992,-74.164592,4.749443,-74.112656,36.288
2025-03-07,Centro,AV50,14046991,321.0,4.742992,-74.164592,4.73791,-74.16065,24.2676
2025-03-03,Centro,AV04,12537667,500.0,5.807142,-73.006556,5.78107081,-73.12024286,37.8
2025-03-04,Centro,AV06,10560251,268.0,4.946467,-73.941175,5.14431,-73.6865,20.2608
2025-03-28,Centro,AV06,12291574,2187.0,4.946467,-73.941175,2.55768,-72.638,165.3372
2025-03-22,Centro,AV04,10314597,71.0,5.807142,-73.006556,5.712672589,-72.9311829,5.3676
2025-03-04,Centro,AV42,10279118,300.0,5.544456,-73.352553,5.631301,-73.527817,22.68
2025-03-18,Centro,AV06,13667629,1000.0,4.946467,-73.941175,4.80119,-74.0525,75.6
2025-03-05,Centro,AV26,11487790,1000.0,4.596453,-74.148856,4.572063,-74.094715,75.6
2025-03-15,Centro,AV50,11677477,160.0,4.742992,-74.164592,4.817271,-74.099505,12.096
2025-03-23,Centro,AV26,11338767,188.0,4.596453,-74.148856,4.5317,-73.9223,14.2128
2025-03-31,Centro,AV26,11487790,1000.0,4.596453,-74.148856,4.572063,-74.094715,75.6
2025-03-01,Centro,AV47,10596108,500.0,4.541264,-74.251706,4.333963,-74.363534,37.8
2025-03-21,Centro,AV26,13649612,180.0,4.596453,-74.148856,4.532392317,-74.1521557,13.608
2025-03-15,Centro,AV04,13866825,326.0,5.807142,-73.006556,5.994968,-72.691329,24.6456
2025-03-07,Centro,AV06,10795272,73.0,4.946467,-73.941175,4.76102,-74.0441,5.5188
2025-03-31,Centro,AV47,12969860,450.0,4.541264,-74.251706,4.32979,-74.38234,34.02
2025-03-28,Centro,AV47,12434217,158.0,4.541264,-74.251706,4.578303278,-74.21317856,11.9448
2025-03-27,Centro,AV06,14228850,836.0,4.946467,-73.941175,4.60675053,-74.08641235,63.2016
2025-03-07,Centro,AV42,14023747,150.0,5.544456,-73.352553,5.614839,-73.56659,11.34
2025-03-11,Centro,AV06,14234261,650.0,4.946467,-73.941175,4.75279326,-74.04555369,49.14
2025-03-28,Centro,AV26,10794827,179.05,4.596453,-74.148856,4.63091,-74.1938,13.536180000000002
2025-03-25,Centro,AV06,13212663,260.0,4.946467,-73.941175,4.988522714,-73.87359044,19.656
2025-03-31,Centro,AV06,11468625,480.0,4.946467,-73.941175,5.08345,-73.3664,36.288
2025-03-29,Centro,AV26,14171456,400.0,4.596453,-74.148856,4.611028,-74.136923,30.24
2025-03-11,Centro,AV26,13227016,330.0,4.596453,-74.148856,4.456089,-74.132163,24.948
2025-03-23,Centro,AV47,12684327,270.0,4.541264,-74.251706,4.5862,-74.211721,20.412
2025-03-13,Centro,AV26,10795439,430.0,4.596453,-74.148856,4.5884985,-74.1667259,32.508
2025-03-17,Centro,AV06,13200543,103.0,4.946467,-73.941175,5.096067362,-73.44583247,7.7868
2025-03-04,Centro,AV06,12565696,900.0,4.946467,-73.941175,4.723704455,-74.12314348,68.04
2025-03-23,Centro,AV06,12291316,1620.0,4.946467,-73.941175,4.176519148,-73.64177585,122.472
2025-03-07,Centro,AV47,13409261,530.0,4.541264,-74.251706,4.570519666,-74.23725,40.068
2025-03-18,Centro,AV06,12282136,2450.0,4.946467,-73.941175,4.628470408,-74.16017318,185.22
2025-03-05,Centro,AV04,12291658,2040.0,5.807142,-73.006556,5.805537,-73.004589,154.224
2025-03-30,Centro,AV06,12565696,900.0,4.946467,-73.941175,4.723704455,-74.12314348,68.04
2025-03-29,Centro,AV06,13969047,470.25,4.946467,-73.941175,4.64254126,-74.07741204,35.5509
2025-03-26,Centro,AV04,12291672,3840.0,5.807142,-73.006556,5.805537,-73.004589,290.304
2025-03-27,Centro,AV04,11702610,490.0,5.807142,-73.006556,5.782401,-73.115921,37.044
2025-03-25,Centro,AV47,12231633,200.0,4.541264,-74.251706,4.5783301,-74.2425625,15.12
2025-03-25,Centro,AV50,11261079,250.0,4.742992,-74.164592,4.819015,-74.359999,18.9
2025-03-08,Centro,AV06,10795230,2000.0,4.946467,-73.941175,4.629552,-74.125001,151.2
2025-03-01,Centro,AV50,13216000,20.0,4.742992,-74.164592,4.749443,-74.112656,1.512
2025-03-28,Centro,AV06,10795339,31.0,4.946467,-73.941175,4.74906,-74.0971,2.3436
2025-03-14,Centro,AV06,10794820,330.0,4.946467,-73.941175,4.76339,-74.0466,24.948
2025-03-14,Centro,AV26,12551327,250.0,4.596453,-74.148856,4.590592,-74.154526,18.9
2025-03-10,Centro,AV26,14030147,575.5,4.596453,-74.148856,4.5724047,-74.0921837,43.5078
2025-03-12,Centro,AV06,10795272,8.35,4.946467,-73.941175,4.76102,-74.0441,0.6312599999999999
2025-03-27,Centro,AV04,10282280,92.0,5.807142,-73.006556,5.80194,-72.799173,6.9552
2025-03-05,Centro,AV06,11757042,153.0,4.946467,-73.941175,4.74046,-74.0429,11.5668
2025-03-12,Centro,AV47,12231633,401.0,4.541264,-74.251706,4.5783301,-74.2425625,30.3156
2025-03-03,Centro,AV04,12291672,3866.25,5.807142,-73.006556,5.805537,-73.004589,292.2885
2025-03-19,Centro,AV06,10490080,149.0,4.946467,-73.941175,4.91794,-74.0989,11.2644
2025-03-31,Centro,AV06,10795336,150.0,4.946467,-73.941175,4.68776,-74.0514,11.34
2025-03-24,Centro,AV26,14028107,203.0,4.596453,-74.148856,4.55676041,-74.109222,15.3468
2025-03-27,Centro,AV06,10795261,500.0,4.946467,-73.941175,4.71272,-74.0344,37.8
2025-03-15,Centro,AV06,12404538,3456.0,4.946467,-73.941175,4.6065,-74.0837,261.2736
2025-03-17,Centro,AV04,10279095,480.0,5.807142,-73.006556,5.80617,-73.00564,36.288
2025-03-22,Centro,AV26,11061177,50.0,4.596453,-74.148856,4.6175,-74.1654,3.78
2025-03-15,Centro,AV26,12559216,100.0,4.596453,-74.148856,4.628072,-74.15658,7.56
2025-03-11,Centro,AV06,12468175,100.0,4.946467,-73.941175,4.6064848,-74.08507,7.56
2025-03-08,Centro,AV06,13027936,152.4,4.946467,-73.941175,4.680525,-74.050063,11.52144
2025-03-12,Centro,AV06,12291574,1750.0,4.946467,-73.941175,2.55768,-72.638,132.3
2025-03-12,Centro,AV50,13777408,324.0,4.742992,-74.164592,4.697317416,-74.09515155,24.4944
2025-03-04,Centro,AV06,10795300,162.8333333,4.946467,-73.941175,4.67013,-74.0559,12.31019999748
2025-03-22,Centro,AV06,12611980,900.0,4.946467,-73.941175,4.949344,-73.94425,68.04
2025-03-06,Centro,AV47,11036318,8.6666665,4.541264,-74.251706,4.60178141,-74.18254633,0.6551999874
2025-03-01,Centro,AV42,14127356,50.0,5.544456,-73.352553,5.5007074,-73.3329194,3.78
2025-03-03,Centro,AV06,13747932,150.0,4.946467,-73.941175,4.8638156,-74.06109901,11.34
2025-03-10,Centro,AV42,14001746,20.0,5.544456,-73.352553,5.573639,-73.343056,1.512
2025-03-10,Centro,AV06,10795230,2000.0,4.946467,-73.941175,4.629552,-74.125001,151.2
2025-03-21,Centro,AV47,14242114,900.0,4.541264,-74.251706,4.32876,-74.38622,68.04
2025-03-03,Centro,AV47,13849853,450.0,4.541264,-74.251706,4.596548,-74.197851,34.02
2025-03-28,Centro,AV06,10795441,500.0,4.946467,-73.941175,4.77137,-74.0404,37.8
2025-03-08,Centro,AV47,12231633,100.0,4.541264,-74.251706,4.5783301,-74.2425625,7.56
2025-03-07,Centro,AV26,10933055,90.0,4.596453,-74.148856,4.46202,-74.1296,6.804
2025-03-03,Centro,AV06,13027936,93.6,4.946467,-73.941175,4.680525,-74.050063,7.07616
2025-03-11,Centro,AV06,14234261,960.0,4.946467,-73.941175,4.75279326,-74.04555369,72.576
2025-03-23,Centro,AV47,11788240,590.0,4.541264,-74.251706,4.5804,-74.4455,44.604
2025-03-15,Centro,AV50,13754617,112.0,4.742992,-74.164592,4.71382388,-74.10081664,8.4672
2025-03-13,Centro,AV50,13111699,195.0,4.742992,-74.164592,4.730840799,-74.43834745,14.742
2025-03-10,Centro,AV06,10795260,501.5,4.946467,-73.941175,4.73446,-74.0656,37.9134
2025-03-05,Centro,AV06,12258437,50.0,4.946467,-73.941175,4.864536,-74.060555,3.78
2025-03-03,Centro,AV47,12231633,450.0,4.541264,-74.251706,4.5783301,-74.2425625,34.02
2025-03-01,Centro,AV06,12207480,490.0,4.946467,-73.941175,4.963782953,-73.91485868,37.044
2025-03-06,Centro,AV06,10485724,2.8,4.946467,-73.941175,4.87218,-74.1462,0.2116799999999999
2025-03-19,Centro,AV04,11874240,83.0,5.807142,-73.006556,5.7094289,-72.933467,6.2748
2025-03-14,Centro,AV47,14242114,705.0,4.541264,-74.251706,4.32876,-74.38622,53.298
2025-03-31,Centro,AV06,13547219,305.0,4.946467,-73.941175,4.732550824,-74.02601692,23.058
2025-03-19,Centro,AV06,12291320,1495.0,4.946467,-73.941175,4.176519148,-73.64177585,113.022
2025-03-13,Centro,AV06,13001713,1760.0,4.946467,-73.941175,4.6029336,-74.1826122,133.056
2025-03-30,Centro,AV26,13472905,500.0,4.596453,-74.148856,4.571113,-74.090515,37.8
2025-03-11,Centro,AV47,11308111,10.0,4.541264,-74.251706,4.611537,-74.22155,0.756
2025-03-15,Centro,AV04,12941201,150.0,5.807142,-73.006556,5.716109,-72.932758,11.34
2025-03-29,Centro,AV47,10623895,137.0,4.541264,-74.251706,4.63211,-74.4531,10.3572
2025-03-11,Centro,AV47,10770560,470.0,4.541264,-74.251706,4.48942,-74.2598,35.532000000000004
2025-03-14,Centro,AV47,13331083,376.8333332,4.541264,-74.251706,4.178581401,-74.42316647,28.48859998992
2025-03-15,Centro,AV26,12463363,253.0,4.596453,-74.148856,4.561855347,-74.14777318,19.1268
2025-03-10,Centro,AV06,11618884,3200.0,4.946467,-73.941175,4.60566,-74.0842,241.92
2025-03-05,Centro,AV50,14214600,250.0,4.742992,-74.164592,4.716938347,-74.21356135,18.9
2025-03-26,Centro,AV06,10795441,500.0,4.946467,-73.941175,4.77137,-74.0404,37.8
2025-03-08,Centro,AV47,11553757,130.0,4.541264,-74.251706,4.622261,-74.202565,9.828
2025-03-20,Centro,AV47,10637355,200.0,4.541264,-74.251706,4.407317,-74.387517,15.12
2025-03-18,Centro,AV26,12436775,500.0,4.596453,-74.148856,4.60287,-74.14647,37.8
2025-03-14,Centro,AV50,10791021,300.0,4.742992,-74.164592,4.81207,-74.3542,22.68
2025-03-27,Centro,AV06,10794838,22.6,4.946467,-73.941175,4.74957,-74.0968,1.70856
2025-03-19,Centro,AV06,13949640,1611.0,4.946467,-73.941175,3.53789,-73.7042,121.7916
2025-03-29,Centro,AV47,13855020,350.0,4.541264,-74.251706,4.326515,-74.4033,26.46
2025-03-17,Centro,AV06,10795331,6.25,4.946467,-73.941175,4.65374,-74.1095,0.4725
2025-03-22,Centro,AV06,10794836,1001.0,4.946467,-73.941175,4.617067,-74.090837,75.6756
2025-03-27,Centro,AV06,12750910,2110.0,4.946467,-73.941175,2.91574609,-75.28551127,159.516
2025-03-29,Centro,AV26,12749745,496.5,4.596453,-74.148856,4.33151,-73.871344,37.5354
2025-03-13,Centro,AV47,11382163,157.0,4.541264,-74.251706,4.6154733,-74.3523323,11.8692
2025-03-04,Centro,AV26,10933055,309.0,4.596453,-74.148856,4.46202,-74.1296,23.3604
2025-03-10,Centro,AV42,12533878,50.0,5.544456,-73.352553,5.50041729,-73.33237997,3.78
2025-03-25,Centro,AV06,13114898,146.7,4.946467,-73.941175,4.75116612,-74.05110926,11.09052
2025-03-29,Centro,AV47,11255477,450.0,4.541264,-74.251706,4.632231,-74.464926,34.02
2025-03-11,Centro,AV47,12969860,330.0,4.541264,-74.251706,4.32979,-74.38234,24.948
2025-03-10,Centro,AV06,13114893,16.5,4.946467,-73.941175,4.66751678,-74.11906,1.2474
2025-03-06,Centro,AV06,13852555,470.0,4.946467,-73.941175,4.758558885,-74.05030478,35.532000000000004
2025-03-03,Centro,AV04,11874240,350.0,5.807142,-73.006556,5.7094289,-72.933467,26.46
2025-03-28,Centro,AV26,12767171,746.325,4.596453,-74.148856,4.600081412,-74.16501213,56.42217
2025-03-14,Centro,AV06,13114894,76.5,4.946467,-73.941175,4.632056,-74.093952,5.7834
2025-03-11,Centro,AV47,13409261,490.0,4.541264,-74.251706,4.570519666,-74.23725,37.044
2025-03-17,Centro,AV42,10475307,110.0,5.544456,-73.352553,5.40236,-73.3364,8.316
2025-03-29,Centro,AV26,13221447,500.0,4.596453,-74.148856,4.599024841,-74.14789657,37.8
2025-03-21,Centro,AV47,14013391,217.25,4.541264,-74.251706,4.578067,-74.4440807,16.4241
2025-03-21,Centro,AV06,13385441,125.0,4.946467,-73.941175,4.74623392,-74.05896575,9.45
2025-03-23,Centro,AV06,13200543,73.0,4.946467,-73.941175,5.096067362,-73.44583247,5.5188
2025-03-11,Centro,AV06,12291578,1620.0,4.946467,-73.941175,3.53789,-73.7042,122.472
2025-03-13,Centro,AV50,11411107,884.0,4.742992,-74.164592,4.742676,-74.164932,66.8304
2025-03-31,Centro,AV47,12549072,500.0,4.541264,-74.251706,4.600005032,-74.1804782,37.8
2025-03-08,Centro,AV06,10795331,5.25,4.946467,-73.941175,4.65374,-74.1095,0.3969
2025-03-05,Centro,AV26,13201665,400.0,4.596453,-74.148856,4.574178825,-74.15203345,30.24
2025-03-29,Centro,AV26,11487790,500.0,4.596453,-74.148856,4.572063,-74.094715,37.8
2025-03-29,Centro,AV26,13237618,42.1833334,4.596453,-74.148856,4.58276,-74.124281,3.18906000504
2025-03-03,Centro,AV50,12399495,480.0,4.742992,-74.164592,4.728201,-74.219292,36.288
2025-03-26,Centro,AV04,13074910,84.0,5.807142,-73.006556,5.710793,-72.944327,6.3504000000000005
2025-03-03,Centro,AV50,14232230,450.0,4.742992,-74.164592,4.709523835,-74.21910298,34.02
2025-03-19,Centro,AV26,12620294,515.25,4.596453,-74.148856,4.408011,-73.95057,38.9529
2025-03-25,Centro,AV26,13649612,73.0,4.596453,-74.148856,4.532392317,-74.1521557,5.5188
2025-03-12,Centro,AV47,10623895,386.0,4.541264,-74.251706,4.63211,-74.4531,29.1816
2025-03-31,Centro,AV06,10794839,102.0,4.946467,-73.941175,4.69012,-74.0366,7.7112
2025-03-10,Centro,AV50,12211377,485.0,4.742992,-74.164592,5.011516303,-74.46906948,36.666
2025-03-25,Centro,AV06,11433642,606.0,4.946467,-73.941175,5.21594,-73.5969,45.8136
2025-03-23,Centro,AV06,13975849,3000.0,4.946467,-73.941175,2.56805,-72.6411,226.8
2025-03-01,Centro,AV06,12611980,1010.0,4.946467,-73.941175,4.949344,-73.94425,76.356
2025-03-03,Centro,AV06,13114893,32.5,4.946467,-73.941175,4.66751678,-74.11906,2.457
2025-03-04,Centro,AV06,13662499,183.0,4.946467,-73.941175,5.144974134,-73.68733397,13.8348
2025-03-04,Centro,AV04,12291672,1620.0,5.807142,-73.006556,5.805537,-73.004589,122.472
2025-03-23,Centro,AV06,13027924,52.3333333,4.946467,-73.941175,4.732307319,-74.04493192,3.95639999748
2025-03-05,Centro,AV50,11798605,183.3333333,4.742992,-74.164592,4.74583,-74.117192,13.85999999748
2025-03-31,Centro,AV50,12443998,0.8416667,4.742992,-74.164592,5.01138,-74.4709,0.06363000252
2025-03-23,Centro,AV50,12937600,80.0,4.742992,-74.164592,4.731025711,-74.43521896,6.048
2025-03-12,Centro,AV26,12767171,602.0,4.596453,-74.148856,4.600081412,-74.16501213,45.5112
2025-03-31,Centro,AV04,12571274,260.0,5.807142,-73.006556,5.818957417,-73.03599237,19.656
2025-03-04,Centro,AV50,14175304,185.0,4.742992,-74.164592,4.7277416,-74.08926753,13.986
2025-03-04,Centro,AV04,13929223,489.0,5.807142,-73.006556,5.56090395,-72.57729,36.9684
2025-03-17,Centro,AV06,13027933,204.45,4.946467,-73.941175,4.64169,-74.06218,15.45642
2025-03-31,Centro,AV50,12443998,675.0,4.742992,-74.164592,5.01138,-74.4709,51.03
2025-03-25,Centro,AV06,12965841,285.8,4.946467,-73.941175,4.639588,-74.141083,21.60648
2025-03-17,Centro,AV47,10623895,500.0,4.541264,-74.251706,4.63211,-74.4531,37.8
2025-03-20,Centro,AV26,14136396,500.0,4.596453,-74.148856,4.5461179,-74.10619086,37.8
2025-03-06,Centro,AV06,13876661,445.0,4.946467,-73.941175,4.66308425,-74.06331785,33.642
2025-03-04,Centro,AV06,13114888,148.1666667,4.946467,-73.941175,4.61955,-74.06643,11.20140000252
2025-03-29,Centro,AV06,10794825,1000.0,4.946467,-73.941175,4.68015,-74.1525,75.6
2025-03-07,Centro,AV47,14022774,31.2777776,4.541264,-74.251706,4.586334725,-74.21671449,2.36459998656
2025-03-29,Centro,AV47,14013391,440.0,4.541264,-74.251706,4.578067,-74.4440807,33.264
2025-03-27,Centro,AV04,11702610,300.0,5.807142,-73.006556,5.782401,-73.115921,22.68
2025-03-22,Centro,AV06,14130070,436.0,4.946467,-73.941175,4.720915,-73.967129,32.9616
2025-03-23,Centro,AV47,10769925,20.0,4.541264,-74.251706,4.60073,-74.189,1.512
2025-03-06,Centro,AV06,13227723,161.0,4.946467,-73.941175,4.73022578,-74.02875564,12.1716
2025-03-19,Centro,AV50,12297130,480.0,4.742992,-74.164592,4.728168,-74.093705,36.288
2025-03-28,Centro,AV04,12291292,1458.0,5.807142,-73.006556,5.805537,-73.004589,110.2248
2025-03-13,Centro,AV26,13198090,509.0,4.596453,-74.148856,4.548856612,-74.14520477,38.4804
2025-03-21,Centro,AV42,13950910,65.25,5.544456,-73.352553,5.620435893,-73.62114196,4.9329
2025-03-14,Centro,AV50,12399495,450.0,4.742992,-74.164592,4.728201,-74.219292,34.02
2025-03-01,Centro,AV06,11433642,297.0,4.946467,-73.941175,5.21594,-73.5969,22.4532
2025-03-28,Centro,AV26,12551327,250.0,4.596453,-74.148856,4.590592,-74.154526,18.9
2025-03-28,Centro,AV06,13200055,217.5,4.946467,-73.941175,5.008394228,-73.47196365,16.443
2025-03-25,Centro,AV06,13975849,1920.0,4.946467,-73.941175,2.56805,-72.6411,145.152
2025-03-17,Centro,AV06,13027925,59.25,4.946467,-73.941175,4.705158511,-74.07078,4.4793
2025-03-15,Centro,AV06,14011040,100.0,4.946467,-73.941175,4.959900173,-73.93440914,7.56
2025-03-19,Centro,AV06,11153203,68.0,4.946467,-73.941175,4.73877,-74.0286,5.1408000000000005
2025-03-01,Centro,AV04,13866825,250.0,5.807142,-73.006556,5.994968,-72.691329,18.9
2025-03-14,Centro,AV04,12632206,708.0,5.807142,-73.006556,5.525715,-73.3452019,53.5248
2025-03-28,Centro,AV47,13849853,500.0,4.541264,-74.251706,4.596548,-74.197851,37.8
2025-03-17,Centro,AV50,12580142,250.0,4.742992,-74.164592,4.756615,-74.114014,18.9
2025-03-10,Centro,AV04,12291672,1620.0,5.807142,-73.006556,5.805537,-73.004589,122.472
2025-03-15,Centro,AV04,12291292,3840.0,5.807142,-73.006556,5.805537,-73.004589,290.304
2025-03-10,Centro,AV06,13001713,900.0,4.946467,-73.941175,4.6029336,-74.1826122,68.04
2025-03-18,Centro,AV06,10794840,27.0,4.946467,-73.941175,4.86314,-74.0437,2.0412
2025-03-21,Centro,AV06,12291605,1620.0,4.946467,-73.941175,4.949344,-73.94424999,122.472
2025-03-31,Centro,AV06,11762583,505.4,4.946467,-73.941175,4.896857163,-74.0340109,38.20824
2025-03-31,Centro,AV26,11487790,500.0,4.596453,-74.148856,4.572063,-74.094715,37.8
2025-03-26,Centro,AV06,13114895,107.5,4.946467,-73.941175,4.701902481,-74.03092152,8.127
2025-03-17,Centro,AV06,10795272,7.0833333,4.946467,-73.941175,4.76102,-74.0441,0.53549999748
2025-03-28,Centro,AV47,13331083,117.0,4.541264,-74.251706,4.178581401,-74.42316647,8.8452
2025-03-05,Centro,AV06,12404538,3300.0,4.946467,-73.941175,4.6065,-74.0837,249.48
2025-03-25,Centro,AV06,11598825,1900.0,4.946467,-73.941175,4.60566,-74.0841,143.64
2025-03-26,Centro,AV47,13409261,490.0,4.541264,-74.251706,4.570519666,-74.23725,37.044
2025-03-05,Centro,AV50,12488464,510.6333333,4.742992,-74.164592,4.713582469,-74.21394763,38.60387999748
2025-03-03,Centro,AV47,13409261,490.0,4.541264,-74.251706,4.570519666,-74.23725,37.044
2025-03-17,Centro,AV26,12752013,250.0,4.596453,-74.148856,4.548462,-74.093207,18.9
2025-03-31,Centro,AV06,11130349,1620.0,4.946467,-73.941175,4.61316998,-74.09457806,122.472
2025-03-14,Centro,AV47,12784751,700.0,4.541264,-74.251706,4.522614,-74.241185,52.92
2025-03-23,Centro,AV06,10794836,2000.0,4.946467,-73.941175,4.617067,-74.090837,151.2
2025-03-11,Centro,AV50,12930072,450.0,4.742992,-74.164592,4.743923531,-74.09349544,34.02
2025-03-13,Centro,AV06,13969057,120.0,4.946467,-73.941175,5.219172777,-73.45740583,9.072
2025-03-05,Centro,AV06,10795230,3000.0,4.946467,-73.941175,4.629552,-74.125001,226.8
2025-03-07,Centro,AV47,10794821,167.8,4.541264,-74.251706,4.589759,-74.204982,12.68568
2025-03-17,Centro,AV06,10794839,82.25,4.946467,-73.941175,4.69012,-74.0366,6.2181
2025-03-28,Centro,AV06,10795263,16.5,4.946467,-73.941175,4.631956,-74.124151,1.2474
2025-03-28,Centro,AV06,13046623,2.0,4.946467,-73.941175,5.319175927,-73.39584551,0.1512
2025-03-10,Centro,AV47,10623895,500.0,4.541264,-74.251706,4.63211,-74.4531,37.8
2025-03-13,Centro,AV06,14014639,450.0,4.946467,-73.941175,4.68012026,-74.03777427,34.02
2025-03-03,Centro,AV47,12408426,450.0,4.541264,-74.251706,4.540471,-74.25511,34.02
2025-03-10,Centro,AV47,11382163,105.0,4.541264,-74.251706,4.6154733,-74.3523323,7.938
2025-03-12,Centro,AV26,12551327,251.0,4.596453,-74.148856,4.590592,-74.154526,18.9756
2025-03-28,Centro,AV26,13201665,500.0,4.596453,-74.148856,4.574178825,-74.15203345,37.8
2025-03-18,Centro,AV06,13975701,500.0,4.946467,-73.941175,4.648427,-74.060859,37.8
2025-03-29,Centro,AV06,14121551,800.0,4.946467,-73.941175,4.62709004,-74.09909111,60.48
2025-03-19,Centro,AV06,10795261,1000.0,4.946467,-73.941175,4.71272,-74.0344,75.6
2025-03-17,Centro,AV06,12291320,1377.0,4.946467,-73.941175,4.176519148,-73.64177585,104.1012
2025-03-26,Centro,AV04,12291658,2004.0,5.807142,-73.006556,5.805537,-73.004589,151.5024
2025-03-23,Centro,AV42,10475307,360.0,5.544456,-73.352553,5.40236,-73.3364,27.216
2025-03-15,Centro,AV26,10794833,120.0,4.596453,-74.148856,4.598146,-74.165831,9.072
2025-03-31,Centro,AV06,13027932,91.0,4.946467,-73.941175,4.639718799,-74.07337601,6.8796
2025-03-18,Centro,AV04,12291366,490.0,5.807142,-73.006556,5.805537,-73.004589,37.044
2025-03-19,Centro,AV06,10795339,77.75,4.946467,-73.941175,4.74906,-74.0971,5.8779
2025-03-17,Centro,AV50,10650277,150.0,4.742992,-74.164592,4.74346,-74.1221,11.34
2025-03-15,Centro,AV42,14031165,195.0,5.544456,-73.352553,5.199111,-73.149194,14.742
2025-03-08,Centro,AV06,13969047,860.0,4.946467,-73.941175,4.64254126,-74.07741204,65.016
2025-03-07,Centro,AV26,10947192,346.0,4.596453,-74.148856,4.57861,-74.10259,26.1576
2025-03-07,Centro,AV42,11730329,143.0,5.544456,-73.352553,5.56347,-73.346564,10.8108
2025-03-26,Centro,AV47,14257816,259.0,4.541264,-74.251706,4.3261743,-74.3617077,19.5804
2025-03-24,Centro,AV26,10747995,185.0,4.596453,-74.148856,4.54784,-74.1416,13.986
2025-03-06,Centro,AV42,14150049,10.0,5.544456,-73.352553,5.3997727,-73.3356032,0.756
2025-03-03,Centro,AV42,11730329,153.5,5.544456,-73.352553,5.56347,-73.346564,11.6046
2025-03-18,Centro,AV47,12547383,473.5,4.541264,-74.251706,4.327155,-74.403891,35.7966
2025-03-22,Centro,AV06,14234318,750.0,4.946467,-73.941175,4.63763283,-74.06995454,56.7
2025-03-12,Centro,AV06,13114887,103.7,4.946467,-73.941175,4.729824162,-74.02424657,7.839720000000001
2025-03-25,Centro,AV06,13027927,117.5,4.946467,-73.941175,4.726194,-74.055209,8.883000000000001
2025-03-15,Centro,AV04,12537667,105.0,5.807142,-73.006556,5.78107081,-73.12024286,7.938
2025-03-10,Centro,AV06,13001713,900.0,4.946467,-73.941175,4.6029336,-74.1826122,68.04
2025-03-28,Centro,AV06,10795441,500.0,4.946467,-73.941175,4.77137,-74.0404,37.8
2025-03-29,Centro,AV06,12207480,110.0,4.946467,-73.941175,4.963782953,-73.91485868,8.316
2025-03-19,Centro,AV06,13114893,41.5,4.946467,-73.941175,4.66751678,-74.11906,3.1374
2025-03-27,Centro,AV06,10795264,500.0,4.946467,-73.941175,4.59352,-74.1244,37.8
2025-03-25,Centro,AV26,10947192,574.0,4.596453,-74.148856,4.57861,-74.10259,43.3944
2025-03-17,Centro,AV06,13114887,117.0,4.946467,-73.941175,4.729824162,-74.02424657,8.8452
2025-03-20,Centro,AV06,10795311,88.8166667,4.946467,-73.941175,4.64266,-74.0757,6.71454000252
2025-03-12,Centro,AV06,12727839,1000.5,4.946467,-73.941175,4.702051327,-74.18407664,75.6378
2025-03-26,Centro,AV26,10607681,100.0,4.596453,-74.148856,4.621239,-74.153751,7.56
2025-03-21,Centro,AV06,12771595,50.0,4.946467,-73.941175,5.36487,-73.5211,3.78
2025-03-20,Centro,AV50,10618957,50.0,4.742992,-74.164592,5.00943,-74.4682,3.78
2025-03-29,Centro,AV04,12941201,20.0,5.807142,-73.006556,5.716109,-72.932758,1.512
2025-03-27,Centro,AV47,13449228,70.0,4.541264,-74.251706,4.490725562,-74.26046997,5.292
2025-03-04,Centro,AV06,10795180,76.5,4.946467,-73.941175,4.85152,-74.0295,5.7834
2025-03-01,Centro,AV26,10947192,300.0,4.596453,-74.148856,4.57861,-74.10259,22.68
2025-03-20,Centro,AV50,10650277,10.0,4.742992,-74.164592,4.74346,-74.1221,0.756
2025-03-26,Centro,AV47,11372715,500.0,4.541264,-74.251706,4.573843,-74.162496,37.8
2025-03-07,Centro,AV04,13406834,240.0,5.807142,-73.006556,5.809665746,-73.02541697,18.144
2025-03-07,Centro,AV04,10279095,480.0,5.807142,-73.006556,5.80617,-73.00564,36.288
2025-03-29,Centro,AV47,13759677,450.0,4.541264,-74.251706,4.633,-74.197718,34.02
2025-03-28,Centro,AV06,12566225,3600.0,4.946467,-73.941175,4.628305,-74.159196,272.16
2025-03-27,Centro,AV47,10623895,132.0,4.541264,-74.251706,4.63211,-74.4531,9.9792
2025-03-03,Centro,AV06,14144703,97.2,4.946467,-73.941175,4.65529,-74.06044,7.34832
2025-03-23,Centro,AV42,10294392,150.0,5.544456,-73.352553,5.40864,-73.2965,11.34
2025-03-07,Centro,AV04,10314596,3.2,5.807142,-73.006556,5.832941105,-73.0318982,0.24192
2025-03-31,Centro,AV26,10747995,500.0,4.596453,-74.148856,4.54784,-74.1416,37.8
2025-03-27,Centro,AV06,14121551,800.0,4.946467,-73.941175,4.62709004,-74.09909111,60.48
2025-03-11,Centro,AV06,12459872,546.2,4.946467,-73.941175,4.646603,-74.129483,41.29272
2025-03-20,Centro,AV06,12727839,800.0,4.946467,-73.941175,4.702051327,-74.18407664,60.48
2025-03-12,Centro,AV50,11677477,60.0,4.742992,-74.164592,4.817271,-74.099505,4.536
2025-03-21,Centro,AV26,10753140,324.0,4.596453,-74.148856,4.370634,-74.187603,24.4944
2025-03-07,Centro,AV47,11255477,145.0,4.541264,-74.251706,4.632231,-74.464926,10.962
2025-03-15,Centro,AV47,12408426,470.0,4.541264,-74.251706,4.540471,-74.25511,35.532000000000004
2025-03-28,Centro,AV42,12490276,100.0,5.544456,-73.352553,5.522266459,-73.36141833,7.56
2025-03-15,Centro,AV04,13196543,50.0,5.807142,-73.006556,5.718660305,-72.939781,3.78
2025-03-13,Centro,AV06,12637278,2110.0,4.946467,-73.941175,1.851860173,-76.04231015,159.516
2025-03-19,Centro,AV47,13849853,300.4166667,4.541264,-74.251706,4.596548,-74.197851,22.71150000252
2025-03-22,Centro,AV06,12565696,2700.0,4.946467,-73.941175,4.723704455,-74.12314348,204.12
2025-03-29,Centro,AV26,13817212,500.0,4.596453,-74.148856,4.588597,-74.101661,37.8
2025-03-03,Centro,AV06,10795161,54.0,4.946467,-73.941175,4.72711,-74.0654,4.0824
2025-03-26,Centro,AV42,11194949,120.0,5.544456,-73.352553,5.536846,-73.366079,9.072
2025-03-18,Centro,AV26,14192257,15.0,4.596453,-74.148856,4.510155614,-74.11143333,1.134
2025-03-23,Centro,AV50,13189153,155.0,4.742992,-74.164592,4.96595503,-74.43643969,11.718
2025-03-19,Centro,AV06,13114888,19.5,4.946467,-73.941175,4.61955,-74.06643,1.4742
2025-03-26,Centro,AV06,14060458,1800.0,4.946467,-73.941175,3.625529,-75.093183,136.08
2025-03-12,Centro,AV06,12727839,1000.5,4.946467,-73.941175,4.702051327,-74.18407664,75.6378
2025-03-18,Centro,AV06,13358879,20.0,4.946467,-73.941175,4.757170912,-74.0644936,1.512
2025-03-04,Centro,AV50,14121538,5.0,4.742992,-74.164592,4.9949002,-74.3384418,0.378
2025-03-28,Centro,AV47,13855020,135.0,4.541264,-74.251706,4.326515,-74.4033,10.206
2025-03-06,Centro,AV04,11702610,343.5,5.807142,-73.006556,5.782401,-73.115921,25.9686
2025-03-06,Centro,AV47,12734015,121.75,4.541264,-74.251706,4.580243563,-74.16733645,9.2043
2025-03-01,Centro,AV47,14022774,70.0,4.541264,-74.251706,4.586334725,-74.21671449,5.292
2025-03-31,Centro,AV47,13352758,450.0,4.541264,-74.251706,4.302037,-74.45062,34.02
2025-03-03,Centro,AV42,12236591,100.0,5.544456,-73.352553,5.521355754,-73.36934245,7.56
2025-03-14,Centro,AV06,14228850,800.0,4.946467,-73.941175,4.60675053,-74.08641235,60.48
2025-03-31,Centro,AV50,11875087,400.0,4.742992,-74.164592,4.693936,-74.122116,30.24
2025-03-10,Centro,AV26,10947192,324.0,4.596453,-74.148856,4.57861,-74.10259,24.4944
2025-03-14,Centro,AV50,12399495,450.0,4.742992,-74.164592,4.728201,-74.219292,34.02
2025-03-06,Centro,AV06,10795272,20.75,4.946467,-73.941175,4.76102,-74.0441,1.5687
2025-03-20,Centro,AV06,14206523,400.0,4.946467,-73.941175,5.0839107,-73.3675403,30.24
2025-03-11,Centro,AV47,12549072,500.0,4.541264,-74.251706,4.600005032,-74.1804782,37.8
2025-03-25,Centro,AV26,13923102,270.0,4.596453,-74.148856,4.5797734,-74.127761,20.412
2025-03-19,Centro,AV50,12517979,230.0,4.742992,-74.164592,4.818830341,-74.36503956,17.388
2025-03-01,Centro,AV06,14121551,900.0,4.946467,-73.941175,4.62709004,-74.09909111,68.04
2025-03-04,Centro,AV06,10794839,20.0,4.946467,-73.941175,4.69012,-74.0366,1.512
2025-03-21,Centro,AV04,12537667,188.0,5.807142,-73.006556,5.78107081,-73.12024286,14.2128
2025-03-31,Centro,AV26,12222414,200.0,4.596453,-74.148856,4.560526085,-74.12947503,15.12
2025-03-17,Centro,AV06,12291316,450.0,4.946467,-73.941175,4.176519148,-73.64177585,34.02
2025-03-18,Centro,AV26,10755524,270.0,4.596453,-74.148856,4.5066,-74.1475,20.412
2025-03-03,Centro,AV47,11372715,480.0,4.541264,-74.251706,4.573843,-74.162496,36.288
2025-03-19,Centro,AV47,10770560,450.0,4.541264,-74.251706,4.48942,-74.2598,34.02
2025-03-20,Centro,AV26,13994969,511.0,4.596453,-74.148856,4.57952229,-74.1015,38.6316
2025-03-28,Centro,AV06,13667629,1520.0,4.946467,-73.941175,4.80119,-74.0525,114.912
2025-03-08,Centro,AV06,10795230,2000.0,4.946467,-73.941175,4.629552,-74.125001,151.2
2025-03-06,Centro,AV47,12975871,450.0,4.541264,-74.251706,4.5719835,-74.16588616,34.02
2025-03-20,Centro,AV06,10795261,392.1,4.946467,-73.941175,4.71272,-74.0344,29.642760000000003
2025-03-23,Centro,AV06,14144703,123.0,4.946467,-73.941175,4.65529,-74.06044,9.2988
2025-03-31,Centro,AV26,12718397,400.0,4.596453,-74.148856,4.613049,-74.143699,30.24
2025-03-18,Centro,AV50,14073246,1038.0,4.742992,-74.164592,4.77281,-74.16497,78.4728
2025-03-31,Centro,AV50,10679116,240.0,4.742992,-74.164592,4.725908,-74.092818,18.144
2025-03-25,Centro,AV26,12436775,150.0,4.596453,-74.148856,4.60287,-74.14647,11.34
2025-03-17,Centro,AV47,11372715,500.0,4.541264,-74.251706,4.573843,-74.162496,37.8
2025-03-23,Centro,AV04,12291672,3117.0,5.807142,-73.006556,5.805537,-73.004589,235.6452
2025-03-05,Centro,AV47,14013391,380.0,4.541264,-74.251706,4.578067,-74.4440807,28.728
2025-03-07,Centro,AV06,13107443,511.0,4.946467,-73.941175,4.746166,-74.049683,38.6316
2025-03-17,Centro,AV06,13114898,68.75,4.946467,-73.941175,4.75116612,-74.05110926,5.1975
2025-03-08,Centro,AV47,12734015,200.0,4.541264,-74.251706,4.580243563,-74.16733645,15.12
2025-03-07,Centro,AV47,13216043,162.25,4.541264,-74.251706,4.583030277,-74.19050536,12.2661
2025-03-17,Centro,AV50,14241671,100.0,4.742992,-74.164592,4.712148,-74.218138,7.56
2025-03-13,Centro,AV26,10794631,40.0,4.596453,-74.148856,4.6096,-74.1126,3.024
2025-03-08,Centro,AV26,12109406,336.5,4.596453,-74.148856,4.627036478,-74.14946091,25.4394
2025-03-31,Centro,AV06,13864058,1000.0,4.946467,-73.941175,4.63122,-74.15941,75.6
2025-03-26,Centro,AV04,10279115,500.0,5.807142,-73.006556,5.825424,-73.03205,37.8
2025-03-03,Centro,AV47,12408426,470.0,4.541264,-74.251706,4.540471,-74.25511,35.532000000000004
2025-03-30,Centro,AV06,11618884,3200.0,4.946467,-73.941175,4.60566,-74.0842,241.92
2025-03-01,Centro,AV47,12976166,292.6,4.541264,-74.251706,4.62037,-74.19797,22.12056
2025-03-08,Centro,AV06,10795225,47.25,4.946467,-73.941175,4.74047,-74.064,3.5721
2025-03-26,Centro,AV50,12620287,360.5,4.742992,-74.164592,5.129153532,-74.3945193,27.2538
2025-03-11,Centro,AV26,12109406,324.0,4.596453,-74.148856,4.627036478,-74.14946091,24.4944
2025-03-13,Centro,AV47,12408426,470.0,4.541264,-74.251706,4.540471,-74.25511,35.532000000000004
2025-03-22,Centro,AV06,10795180,120.0,4.946467,-73.941175,4.85152,-74.0295,9.072
2025-03-26,Centro,AV06,10795339,250.0,4.946467,-73.941175,4.74906,-74.0971,18.9
2025-03-26,Centro,AV06,13114888,113.0,4.946467,-73.941175,4.61955,-74.06643,8.5428
2025-03-19,Centro,AV06,12207480,516.0,4.946467,-73.941175,4.963782953,-73.91485868,39.0096
2025-03-24,Centro,AV26,12754826,470.0,4.596453,-74.148856,4.566603809,-74.08116971,35.532000000000004
2025-03-05,Centro,AV04,12632206,783.0,5.807142,-73.006556,5.525715,-73.3452019,59.1948
2025-03-05,Centro,AV50,13754617,380.0,4.742992,-74.164592,4.71382388,-74.10081664,28.728
2025-03-06,Centro,AV06,12996139,450.0,4.946467,-73.941175,4.62811,-74.160094,34.02
2025-03-25,Centro,AV04,13406834,100.0,5.807142,-73.006556,5.809665746,-73.02541697,7.56
2025-03-05,Centro,AV50,10587658,450.0,4.742992,-74.164592,4.74348,-74.1221,34.02
2025-03-08,Centro,AV06,13969047,1700.0,4.946467,-73.941175,4.64254126,-74.07741204,128.52
2025-03-26,Centro,AV26,10584114,504.0,4.596453,-74.148856,4.64380959,-74.063973,38.1024
2025-03-07,Centro,AV26,10947192,334.0,4.596453,-74.148856,4.57861,-74.10259,25.2504
2025-03-10,Centro,AV26,12752013,250.0,4.596453,-74.148856,4.548462,-74.093207,18.9
2025-03-11,Centro,AV06,12291320,1530.0,4.946467,-73.941175,4.176519148,-73.64177585,115.668
2025-03-17,Centro,AV26,10744947,312.0,4.596453,-74.148856,4.5649221,-74.12598261,23.5872
2025-03-19,Centro,AV26,13749431,111.0,4.596453,-74.148856,4.60543236,-74.13633567,8.3916
2025-03-13,Centro,AV47,13945963,385.0,4.541264,-74.251706,4.57213145,-74.222751,29.106
2025-03-21,Centro,AV04,12291366,465.0,5.807142,-73.006556,5.805537,-73.004589,35.154
2025-03-14,Centro,AV06,10795340,98.0,4.946467,-73.941175,4.71935,-74.0362,7.4088
2025-03-10,Centro,AV50,12783067,200.0,4.742992,-74.164592,5.004283036,-74.47233542,15.12
2025-03-10,Centro,AV50,10587658,450.0,4.742992,-74.164592,4.74348,-74.1221,34.02
2025-03-13,Centro,AV47,13806693,71.5,4.541264,-74.251706,4.5858716,-74.1797364,5.4054
2025-03-15,Centro,AV26,12752013,251.0,4.596453,-74.148856,4.548462,-74.093207,18.9756
2025-03-18,Centro,AV06,10561291,291.0,4.946467,-73.941175,5.14491,-73.6844,21.9996
2025-03-19,Centro,AV47,11342449,449.0,4.541264,-74.251706,4.58077835,-74.16751408,33.9444
2025-03-11,Centro,AV06,10795310,131.0833333,4.946467,-73.941175,4.6321,-74.0755,9.90989999748
2025-03-19,Centro,AV06,10795300,9.0,4.946467,-73.941175,4.67013,-74.0559,0.6804
2025-03-05,Centro,AV42,14031165,120.2416667,5.544456,-73.352553,5.199111,-73.149194,9.09027000252
2025-03-21,Centro,AV50,14121538,100.0,4.742992,-74.164592,4.9949002,-74.3384418,7.56
2025-03-28,Centro,AV04,12291292,1620.0,5.807142,-73.006556,5.805537,-73.004589,122.472
2025-03-04,Centro,AV06,14121551,900.0,4.946467,-73.941175,4.62709004,-74.09909111,68.04
2025-03-31,Centro,AV06,11130349,1600.0,4.946467,-73.941175,4.61316998,-74.09457806,120.96
2025-03-11,Centro,AV06,10791145,645.0,4.946467,-73.941175,5.02783,-73.9997,48.762
2025-03-13,Centro,AV26,10584114,432.0,4.596453,-74.148856,4.64380959,-74.063973,32.6592
2025-03-11,Centro,AV26,13649612,55.25,4.596453,-74.148856,4.532392317,-74.1521557,4.1769
2025-03-08,Centro,AV50,12399495,451.0,4.742992,-74.164592,4.728201,-74.219292,34.0956
2025-03-12,Centro,AV06,10658724,800.0,4.946467,-73.941175,4.708185,-74.116536,60.48
2025-03-21,Centro,AV50,14018361,254.5,4.742992,-74.164592,4.75714,-74.099829,19.2402
2025-03-03,Centro,AV50,10634200,283.0,4.742992,-74.164592,4.78465,-74.3323,21.3948
2025-03-30,Centro,AV06,12565696,650.0,4.946467,-73.941175,4.723704455,-74.12314348,49.14
2025-03-26,Centro,AV47,14126343,500.0,4.541264,-74.251706,4.342643462,-74.36591,37.8
2025-03-12,Centro,AV47,13409261,490.0,4.541264,-74.251706,4.570519666,-74.23725,37.044
2025-03-18,Centro,AV06,13855464,151.0,4.946467,-73.941175,4.7594841,-74.0562124,11.4156
2025-03-27,Centro,AV50,12580142,207.0,4.742992,-74.164592,4.756615,-74.114014,15.6492
2025-03-03,Centro,AV50,12399495,450.0,4.742992,-74.164592,4.728201,-74.219292,34.02
2025-03-29,Centro,AV06,12258437,142.0,4.946467,-73.941175,4.864536,-74.060555,10.7352
2025-03-29,Centro,AV06,14234318,500.0,4.946467,-73.941175,4.63763283,-74.06995454,37.8
2025-03-19,Centro,AV50,11199877,56.2333333,4.742992,-74.164592,4.714186,-74.219022,4.25123999748
2025-03-12,Centro,AV06,10795295,8.1,4.946467,-73.941175,4.69637,-74.0427,0.61236
2025-03-27,Centro,AV26,10584114,432.0,4.596453,-74.148856,4.64380959,-74.063973,32.6592
2025-03-11,Centro,AV04,13406834,84.25,5.807142,-73.006556,5.809665746,-73.02541697,6.3693
2025-03-18,Centro,AV06,13114893,101.2,4.946467,-73.941175,4.66751678,-74.11906,7.650720000000001
2025-03-05,Centro,AV06,13001713,900.0,4.946467,-73.941175,4.6029336,-74.1826122,68.04
2025-03-04,Centro,AV26,10771994,500.0,4.596453,-74.148856,4.57196,-74.0933,37.8
2025-03-25,Centro,AV04,13074910,51.0,5.807142,-73.006556,5.710793,-72.944327,3.8556
2025-03-12,Centro,AV06,10795225,25.0,4.946467,-73.941175,4.74047,-74.064,1.89
2025-03-13,Centro,AV06,13975701,600.0,4.946467,-73.941175,4.648427,-74.060859,45.36
2025-03-07,Centro,AV50,13235995,274.5833333,4.742992,-74.164592,5.001163532,-74.33941038,20.75849999748
2025-03-17,Centro,AV50,14232230,450.0,4.742992,-74.164592,4.709523835,-74.21910298,34.02
2025-03-05,Centro,AV50,14175053,1800.0,4.742992,-74.164592,4.707255696,-74.21586094,136.08
2025-03-18,Centro,AV06,11268397,172.0,4.946467,-73.941175,4.92073,-74.0242,13.0032
2025-03-17,Centro,AV04,10279115,500.25,5.807142,-73.006556,5.825424,-73.03205,37.8189
2025-03-03,Centro,AV06,14130070,453.0,4.946467,-73.941175,4.720915,-73.967129,34.2468
2025-03-10,Centro,AV06,12902117,150.0,4.946467,-73.941175,5.083033188,-73.36519122,11.34
2025-03-04,Centro,AV06,13716030,231.0,4.946467,-73.941175,5.346726086,-73.51313679,17.4636
2025-03-19,Centro,AV50,12399495,115.0,4.742992,-74.164592,4.728201,-74.219292,8.694
2025-03-08,Centro,AV26,13749431,466.0,4.596453,-74.148856,4.60543236,-74.13633567,35.2296
2025-03-11,Centro,AV04,12632206,716.0,5.807142,-73.006556,5.525715,-73.3452019,54.1296
2025-03-03,Centro,AV26,13201665,302.0,4.596453,-74.148856,4.574178825,-74.15203345,22.8312
2025-03-11,Centro,AV06,10794825,117.85,4.946467,-73.941175,4.68015,-74.1525,8.90946
2025-03-21,Centro,AV06,12298011,500.0,4.946467,-73.941175,5.0792216,-73.3639895,37.8
2025-03-15,Centro,AV04,10279095,500.0,5.807142,-73.006556,5.80617,-73.00564,37.8
2025-03-29,Centro,AV47,12549072,500.0,4.541264,-74.251706,4.600005032,-74.1804782,37.8
2025-03-03,Centro,AV06,10795309,293.75,4.946467,-73.941175,4.68689,-74.0737,22.2075
2025-03-20,Centro,AV04,10279095,480.0,5.807142,-73.006556,5.80617,-73.00564,36.288
2025-03-04,Centro,AV06,11059874,93.0,4.946467,-73.941175,5.25647,-73.6728,7.0308
2025-03-12,Centro,AV50,14214600,20.0,4.742992,-74.164592,4.716938347,-74.21356135,1.512
2025-03-10,Centro,AV50,13954336,400.0,4.742992,-74.164592,4.81423,-74.35357,30.24
2025-03-14,Centro,AV47,12231633,315.0,4.541264,-74.251706,4.5783301,-74.2425625,23.814
2025-03-28,Centro,AV06,10795260,500.0,4.946467,-73.941175,4.73446,-74.0656,37.8
2025-03-26,Centro,AV06,13027931,181.2,4.946467,-73.941175,4.720215,-74.045457,13.69872
2025-03-13,Centro,AV04,12632206,712.0,5.807142,-73.006556,5.525715,-73.3452019,53.8272
2025-03-27,Centro,AV06,13114894,53.6666667,4.946467,-73.941175,4.632056,-74.093952,4.05720000252
2025-03-05,Centro,AV06,10795161,107.7,4.946467,-73.941175,4.72711,-74.0654,8.14212
2025-03-06,Centro,AV47,14047817,33.5,4.541264,-74.251706,4.582914,-74.445193,2.5326
2025-03-11,Centro,AV06,10481909,480.0,4.946467,-73.941175,5.00816,-73.4721,36.288
2025-03-03,Centro,AV04,11383983,564.0,5.807142,-73.006556,5.808149,-73.026729,42.6384
2025-03-13,Centro,AV26,10934717,156.25,4.596453,-74.148856,4.53215,-73.922833,11.8125
2025-03-14,Centro,AV50,14041147,102.0,4.742992,-74.164592,4.8141195,-74.350649,7.7112
2025-03-21,Centro,AV26,11487790,500.0,4.596453,-74.148856,4.572063,-74.094715,37.8
2025-03-01,Centro,AV06,13058910,100.0,4.946467,-73.941175,4.925306382,-74.03565813,7.56
2025-03-28,Centro,AV04,12291292,1476.0,5.807142,-73.006556,5.805537,-73.004589,111.5856
2025-03-23,Centro,AV06,12637278,450.0,4.946467,-73.941175,1.851860173,-76.04231015,34.02
2025-03-06,Centro,AV50,13054404,8.0,4.742992,-74.164592,4.744539017,-74.12446454,0.6048
2025-03-08,Centro,AV47,10623895,900.0,4.541264,-74.251706,4.63211,-74.4531,68.04
2025-03-05,Centro,AV06,14234318,800.0,4.946467,-73.941175,4.63763283,-74.06995454,60.48
2025-03-20,Centro,AV26,10947192,233.5,4.596453,-74.148856,4.57861,-74.10259,17.6526
2025-03-28,Centro,AV26,10584114,432.0,4.596453,-74.148856,4.64380959,-74.063973,32.6592
2025-03-19,Centro,AV06,13978658,230.0,4.946467,-73.941175,5.0227742,-73.9822619,17.388
2025-03-10,Centro,AV06,12291320,1620.0,4.946467,-73.941175,4.176519148,-73.64177585,122.472
2025-03-18,Centro,AV04,13074910,70.0,5.807142,-73.006556,5.710793,-72.944327,5.292
2025-03-21,Centro,AV06,10791145,650.0,4.946467,-73.941175,5.02783,-73.9997,49.14
2025-03-31,Centro,AV06,11762583,1500.0,4.946467,-73.941175,4.896857163,-74.0340109,113.4
2025-03-19,Centro,AV06,12291574,1720.0,4.946467,-73.941175,2.55768,-72.638,130.032
2025-03-31,Centro,AV47,13799819,225.0,4.541264,-74.251706,4.60043548,-74.18824768,17.01
2025-03-12,Centro,AV06,10794820,150.3,4.946467,-73.941175,4.76339,-74.0466,11.36268
2025-03-17,Centro,AV47,13397914,270.0,4.541264,-74.251706,4.622057692,-74.19658869,20.412
2025-03-08,Centro,AV06,10795294,28.75,4.946467,-73.941175,4.70363,-74.0413,2.1735
2025-03-11,Centro,AV47,13107246,465.9166667,4.541264,-74.251706,4.570981081,-74.17763771,35.22330000252
2025-03-21,Centro,AV06,12976160,2.0,4.946467,-73.941175,4.66587,-74.11944,0.1512
2025-03-14,Centro,AV06,12976160,430.0,4.946467,-73.941175,4.66587,-74.11944,32.508
2025-03-13,Centro,AV50,13940463,465.0,4.742992,-74.164592,4.7280188,-74.091833,35.154
2025-03-08,Centro,AV06,13949640,1863.0,4.946467,-73.941175,3.53789,-73.7042,140.8428
2025-03-27,Centro,AV50,10634200,150.0,4.742992,-74.164592,4.78465,-74.3323,11.34
2025-03-23,Centro,AV47,13409261,490.0,4.541264,-74.251706,4.570519666,-74.23725,37.044
2025-03-27,Centro,AV06,10794820,41.5,4.946467,-73.941175,4.76339,-74.0466,3.1374
2025-03-19,Centro,AV06,14011040,450.25,4.946467,-73.941175,4.959900173,-73.93440914,34.0389
2025-03-13,Centro,AV06,13547219,50.0,4.946467,-73.941175,4.732550824,-74.02601692,3.78
2025-03-18,Centro,AV42,11730329,150.0,5.544456,-73.352553,5.56347,-73.346564,11.34
2025-03-03,Centro,AV26,14028107,208.0,4.596453,-74.148856,4.55676041,-74.109222,15.7248
2025-03-10,Centro,AV06,13027936,104.6,4.946467,-73.941175,4.680525,-74.050063,7.90776
2025-03-13,Centro,AV06,12611980,975.0,4.946467,-73.941175,4.949344,-73.94425,73.71
2025-03-22,Centro,AV04,13866825,1000.0,5.807142,-73.006556,5.994968,-72.691329,75.6
2025-03-21,Centro,AV06,10794839,45.6,4.946467,-73.941175,4.69012,-74.0366,3.44736
2025-03-29,Centro,AV06,10795230,1000.0,4.946467,-73.941175,4.629552,-74.125001,75.6
2025-03-31,Centro,AV06,12291334,937.0,4.946467,-73.941175,4.949344,-73.94424999,70.8372
2025-03-05,Centro,AV26,11473204,597.25,4.596453,-74.148856,4.59425,-74.157,45.1521
2025-03-20,Centro,AV06,10794826,1000.0,4.946467,-73.941175,4.67675,-74.1168,75.6
2025-03-13,Centro,AV06,13027933,185.4,4.946467,-73.941175,4.64169,-74.06218,14.01624
2025-03-23,Centro,AV06,10794826,1000.0,4.946467,-73.941175,4.67675,-74.1168,75.6
2025-03-18,Centro,AV50,11261079,102.5,4.742992,-74.164592,4.819015,-74.359999,7.749
2025-03-17,Centro,AV06,13027932,123.5,4.946467,-73.941175,4.639718799,-74.07337601,9.3366
2025-03-28,Centro,AV26,10771994,500.0,4.596453,-74.148856,4.57196,-74.0933,37.8
2025-03-30,Centro,AV47,12408426,470.0,4.541264,-74.251706,4.540471,-74.25511,35.532000000000004
2025-03-26,Centro,AV50,13172257,120.0,4.742992,-74.164592,4.71773,-74.2121,9.072
2025-03-01,Centro,AV50,12211377,503.0,4.742992,-74.164592,5.011516303,-74.46906948,38.0268
2025-03-28,Centro,AV50,12930072,520.0,4.742992,-74.164592,4.743923531,-74.09349544,39.312
2025-03-29,Centro,AV26,11487790,5.0,4.596453,-74.148856,4.572063,-74.094715,0.378
2025-03-23,Centro,AV50,13054404,100.0,4.742992,-74.164592,4.744539017,-74.12446454,7.56
2025-03-08,Centro,AV06,12554259,66.0,4.946467,-73.941175,4.96221815,-73.92167273,4.9896
2025-03-03,Centro,AV06,13172099,31.0,4.946467,-73.941175,4.742306,-74.086621,2.3436
2025-03-29,Centro,AV26,12436775,500.0,4.596453,-74.148856,4.60287,-74.14647,37.8
2025-03-21,Centro,AV47,11255477,450.0,4.541264,-74.251706,4.632231,-74.464926,34.02
2025-03-26,Centro,AV06,12570303,500.0,4.946467,-73.941175,5.027085099,-73.99887073,37.8
2025-03-27,Centro,AV47,12408426,470.0,4.541264,-74.251706,4.540471,-74.25511,35.532000000000004
2025-03-31,Centro,AV06,13027935,15.5,4.946467,-73.941175,4.664516,-74.056235,1.1718
2025-03-14,Centro,AV50,14175304,60.0,4.742992,-74.164592,4.7277416,-74.08926753,4.536
2025-03-20,Centro,AV06,10794826,1000.0,4.946467,-73.941175,4.67675,-74.1168,75.6
2025-03-13,Centro,AV42,12461640,70.0,5.544456,-73.352553,5.509702,-73.373098,5.292
2025-03-01,Centro,AV06,13027932,34.0,4.946467,-73.941175,4.639718799,-74.07337601,2.5704
2025-03-19,Centro,AV06,13114898,154.0,4.946467,-73.941175,4.75116612,-74.05110926,11.6424
2025-03-04,Centro,AV47,13495219,141.0,4.541264,-74.251706,4.590032,-74.193944,10.6596
2025-03-01,Centro,AV06,10795339,527.0,4.946467,-73.941175,4.74906,-74.0971,39.8412
2025-03-29,Centro,AV47,10623895,500.0,4.541264,-74.251706,4.63211,-74.4531,37.8
2025-03-07,Centro,AV26,12131610,275.0,4.596453,-74.148856,4.5171633,-74.0894824,20.79
2025-03-11,Centro,AV06,12298011,10.0,4.946467,-73.941175,5.0792216,-73.3639895,0.756
2025-03-01,Centro,AV50,14175053,900.0,4.742992,-74.164592,4.707255696,-74.21586094,68.04
2025-03-29,Centro,AV06,10795264,5.25,4.946467,-73.941175,4.59352,-74.1244,0.3969
2025-03-22,Centro,AV06,10795294,10.25,4.946467,-73.941175,4.70363,-74.0413,0.7749
2025-03-30,Centro,AV47,12408426,470.0,4.541264,-74.251706,4.540471,-74.25511,35.532000000000004
2025-03-08,Centro,AV04,10279115,391.0,5.807142,-73.006556,5.825424,-73.03205,29.5596
2025-03-31,Centro,AV06,12747783,488.0,4.946467,-73.941175,4.917219898,-74.03792938,36.8928
2025-03-27,Centro,AV06,12404538,2228.0,4.946467,-73.941175,4.6065,-74.0837,168.4368
2025-03-06,Centro,AV06,12637278,2609.0,4.946467,-73.941175,1.851860173,-76.04231015,197.2404
2025-03-22,Centro,AV26,12463363,150.0,4.596453,-74.148856,4.561855347,-74.14777318,11.34
2025-03-20,Centro,AV50,14046991,319.0,4.742992,-74.164592,4.73791,-74.16065,24.1164
2025-03-08,Centro,AV04,13196543,200.0,5.807142,-73.006556,5.718660305,-72.939781,15.12
2025-03-04,Centro,AV47,13997851,204.4166666,4.541264,-74.251706,4.33549402,-74.362647,15.45389999496
2025-03-07,Centro,AV06,13027927,62.4,4.946467,-73.941175,4.726194,-74.055209,4.71744
2025-03-19,Centro,AV26,13923102,288.0,4.596453,-74.148856,4.5797734,-74.127761,21.7728
2025-03-19,Centro,AV47,11372715,500.0,4.541264,-74.251706,4.573843,-74.162496,37.8
2025-03-27,Centro,AV06,12223810,46.0833333,4.946467,-73.941175,4.65159597,-74.10677234,3.48389999748
2025-03-14,Centro,AV06,11188850,708.0,4.946467,-73.941175,4.940174,-73.943858,53.5248
2025-03-05,Centro,AV06,10795263,803.6333333,4.946467,-73.941175,4.631956,-74.124151,60.75467999748
2025-03-21,Centro,AV04,12291366,490.0,5.807142,-73.006556,5.805537,-73.004589,37.044
2025-03-31,Centro,AV06,13172099,96.0,4.946467,-73.941175,4.742306,-74.086621,7.2576
2025-03-03,Centro,AV50,12783067,150.0,4.742992,-74.164592,5.004283036,-74.47233542,11.34
2025-03-13,Centro,AV50,12211377,90.0,4.742992,-74.164592,5.011516303,-74.46906948,6.804
2025-03-29,Centro,AV47,13971914,450.0,4.541264,-74.251706,4.6163854,-74.1879468,34.02
2025-03-29,Centro,AV26,13184232,6.0,4.596453,-74.148856,4.55314082,-74.15900274,0.4536
2025-03-01,Centro,AV50,14232230,300.0,4.742992,-74.164592,4.709523835,-74.21910298,22.68
2025-03-19,Centro,AV06,11598825,278.0,4.946467,-73.941175,4.60566,-74.0841,21.0168
2025-03-01,Centro,AV50,11628254,20.0,4.742992,-74.164592,4.7177,-74.2241,1.512
2025-03-03,Centro,AV26,13201665,500.0,4.596453,-74.148856,4.574178825,-74.15203345,37.8
2025-03-11,Centro,AV42,12216123,51.0,5.544456,-73.352553,5.28224,-73.1679,3.8556
2025-03-17,Centro,AV50,11199877,1.0,4.742992,-74.164592,4.714186,-74.219022,0.0756
2025-03-26,Centro,AV42,13819724,372.0,5.544456,-73.352553,5.537685538,-73.63436671,28.1232
2025-03-20,Centro,AV42,11194949,95.0,5.544456,-73.352553,5.536846,-73.366079,7.182
2025-03-21,Centro,AV47,11255477,450.0,4.541264,-74.251706,4.632231,-74.464926,34.02
2025-03-04,Centro,AV06,14121551,900.0,4.946467,-73.941175,4.62709004,-74.09909111,68.04
2025-03-28,Centro,AV06,10794837,615.0,4.946467,-73.941175,4.66261,-74.13209,46.494
2025-03-06,Centro,AV06,12637278,240.0,4.946467,-73.941175,1.851860173,-76.04231015,18.144
2025-03-06,Centro,AV06,13380672,124.0,4.946467,-73.941175,4.96430731,-73.9068416,9.3744
2025-03-18,Centro,AV47,11342449,450.0,4.541264,-74.251706,4.58077835,-74.16751408,34.02
2025-03-03,Centro,AV04,13929223,499.0,5.807142,-73.006556,5.56090395,-72.57729,37.7244
2025-03-29,Centro,AV26,12109406,324.0,4.596453,-74.148856,4.627036478,-74.14946091,24.4944
2025-03-14,Centro,AV50,12297130,202.0,4.742992,-74.164592,4.728168,-74.093705,15.2712
2025-03-05,Centro,AV42,10279105,480.0,5.544456,-73.352553,5.403232,-73.335933,36.288
2025-03-31,Centro,AV06,10598284,335.0,4.946467,-73.941175,4.68517,-74.0894,25.326
2025-03-23,Centro,AV06,13027932,93.5,4.946467,-73.941175,4.639718799,-74.07337601,7.0686
2025-03-07,Centro,AV42,10279118,51.4,5.544456,-73.352553,5.631301,-73.527817,3.88584
2025-03-27,Centro,AV50,14175053,900.0,4.742992,-74.164592,4.707255696,-74.21586094,68.04
2025-03-04,Centro,AV50,14175053,1800.0,4.742992,-74.164592,4.707255696,-74.21586094,136.08
2025-03-26,Centro,AV47,12969860,300.0,4.541264,-74.251706,4.32979,-74.38234,22.68
2025-03-19,Centro,AV06,14007868,108.5,4.946467,-73.941175,4.68456,-74.09137,8.2026
2025-03-17,Centro,AV26,10584114,504.0,4.596453,-74.148856,4.64380959,-74.063973,38.1024
2025-03-04,Centro,AV42,13819724,197.0,5.544456,-73.352553,5.537685538,-73.63436671,14.8932
2025-03-20,Centro,AV50,13949583,540.0,4.742992,-74.164592,4.63932278,-74.13553191,40.824
2025-03-01,Centro,AV06,13519206,294.0,4.946467,-73.941175,4.6411483,-74.0719684,22.2264
2025-03-19,Centro,AV06,10795442,1000.0,4.946467,-73.941175,4.69719,-74.087,75.6
2025-03-28,Centro,AV47,13449228,71.0,4.541264,-74.251706,4.490725562,-74.26046997,5.3676
2025-03-28,Centro,AV50,13216000,110.0,4.742992,-74.164592,4.749443,-74.112656,8.316
2025-03-10,Centro,AV47,14126343,500.0,4.541264,-74.251706,4.342643462,-74.36591,37.8
2025-03-10,Centro,AV06,13172099,23.0,4.946467,-73.941175,4.742306,-74.086621,1.7388
2025-03-12,Centro,AV06,12738954,250.0,4.946467,-73.941175,4.873950071,-74.141887,18.9
2025-03-10,Centro,AV42,12490276,390.0,5.544456,-73.352553,5.522266459,-73.36141833,29.484
2025-03-17,Centro,AV47,14013391,272.0,4.541264,-74.251706,4.578067,-74.4440807,20.5632
2025-03-28,Centro,AV06,10795262,512.3333333,4.946467,-73.941175,4.68332,-74.0807,38.73239999748
2025-03-10,Centro,AV42,13354095,301.5,5.544456,-73.352553,5.51768,-73.365112,22.7934
2025-03-28,Centro,AV26,14046990,842.0,4.596453,-74.148856,4.59661,-74.14933,63.6552
2025-03-19,Centro,AV06,10658724,906.0,4.946467,-73.941175,4.708185,-74.116536,68.4936
2025-03-31,Centro,AV50,14034022,450.0,4.742992,-74.164592,5.008651,-74.477925,34.02
2025-03-18,Centro,AV50,12440403,400.0,4.742992,-74.164592,4.73271982,-74.09319294,30.24
2025-03-01,Centro,AV04,13871266,50.0,5.807142,-73.006556,5.51914731,-72.88562433,3.78
2025-03-27,Centro,AV06,12611980,900.0,4.946467,-73.941175,4.949344,-73.94425,68.04
2025-03-05,Centro,AV06,14121551,900.0,4.946467,-73.941175,4.62709004,-74.09909111,68.04
2025-03-21,Centro,AV47,14022774,450.0,4.541264,-74.251706,4.586334725,-74.21671449,34.02
2025-03-03,Centro,AV06,10795331,26.25,4.946467,-73.941175,4.65374,-74.1095,1.9845
2025-03-31,Centro,AV47,13200950,450.0,4.541264,-74.251706,4.632617,-74.452641,34.02
2025-03-19,Centro,AV06,10794825,1000.0,4.946467,-73.941175,4.68015,-74.1525,75.6
2025-03-12,Centro,AV50,11349249,375.0,4.742992,-74.164592,4.73513,-74.101089,28.35
2025-03-19,Centro,AV06,13971700,85.75,4.946467,-73.941175,4.74662428,-74.097665,6.4827
2025-03-26,Centro,AV47,11255477,450.0,4.541264,-74.251706,4.632231,-74.464926,34.02
2025-03-19,Centro,AV47,11019248,40.0,4.541264,-74.251706,4.57208,-74.168,3.024
2025-03-29,Centro,AV06,10795262,1000.0,4.946467,-73.941175,4.68332,-74.0807,75.6
2025-03-10,Centro,AV06,10795264,500.0,4.946467,-73.941175,4.59352,-74.1244,37.8
2025-03-26,Centro,AV47,13759677,900.0,4.541264,-74.251706,4.633,-74.197718,68.04
2025-03-21,Centro,AV06,10794840,25.0,4.946467,-73.941175,4.86314,-74.0437,1.89
2025-03-01,Centro,AV26,12767171,602.3333333,4.596453,-74.148856,4.600081412,-74.16501213,45.53639999748
2025-03-12,Centro,AV06,10795219,61.1333333,4.946467,-73.941175,4.72112517,-74.12188288,4.621679997479999
2025-03-10,Centro,AV26,13994969,224.0,4.596453,-74.148856,4.57952229,-74.1015,16.9344
2025-03-03,Centro,AV06,13058910,100.0,4.946467,-73.941175,4.925306382,-74.03565813,7.56
2025-03-08,Centro,AV47,10633887,559.0,4.541264,-74.251706,4.64906,-74.414,42.2604
2025-03-01,Centro,AV50,11677477,315.0,4.742992,-74.164592,4.817271,-74.099505,23.814
2025-03-13,Centro,AV50,13481027,156.0,4.742992,-74.164592,5.018217,-74.468255,11.7936
2025-03-17,Centro,AV04,12291672,1620.0,5.807142,-73.006556,5.805537,-73.004589,122.472
2025-03-27,Centro,AV47,13759677,900.0,4.541264,-74.251706,4.633,-74.197718,68.04
2025-03-07,Centro,AV47,12231633,450.0,4.541264,-74.251706,4.5783301,-74.2425625,34.02
2025-03-14,Centro,AV06,10486749,358.0,4.946467,-73.941175,5.36846,-73.5213,27.0648
2025-03-28,Centro,AV04,11702610,530.0,5.807142,-73.006556,5.782401,-73.115921,40.068
2025-03-31,Centro,AV50,13825518,241.4166667,4.742992,-74.164592,4.69929111,-74.12478684,18.25110000252
2025-03-10,Centro,AV04,11702610,313.0,5.807142,-73.006556,5.782401,-73.115921,23.6628
2025-03-14,Centro,AV47,13495219,106.5,4.541264,-74.251706,4.590032,-74.193944,8.0514
2025-03-19,Centro,AV06,14136526,380.0,4.946467,-73.941175,5.0230682,-73.970343,28.728
2025-03-08,Centro,AV47,13949971,200.0,4.541264,-74.251706,4.5823227,-74.215674,15.12
2025-03-03,Centro,AV50,13481027,50.0,4.742992,-74.164592,5.018217,-74.468255,3.78
2025-03-26,Centro,AV50,13234994,70.0,4.742992,-74.164592,4.710877,-74.108131,5.292
2025-03-19,Centro,AV06,13114887,129.0,4.946467,-73.941175,4.729824162,-74.02424657,9.7524
2025-03-12,Centro,AV50,12488464,121.0,4.742992,-74.164592,4.713582469,-74.21394763,9.1476
2025-03-29,Centro,AV04,12537667,67.5,5.807142,-73.006556,5.78107081,-73.12024286,5.103
2025-03-29,Centro,AV26,12620294,500.0,4.596453,-74.148856,4.408011,-73.95057,37.8
2025-03-21,Centro,AV04,11702610,180.0,5.807142,-73.006556,5.782401,-73.115921,13.608
2025-03-11,Centro,AV04,10314596,142.85,5.807142,-73.006556,5.832941105,-73.0318982,10.79946
2025-03-28,Centro,AV06,13027930,126.5333333,4.946467,-73.941175,4.688543896,-74.0473645,9.56591999748
2025-03-21,Centro,AV42,12216123,300.0,5.544456,-73.352553,5.28224,-73.1679,22.68
2025-03-05,Centro,AV47,12784751,600.0,4.541264,-74.251706,4.522614,-74.241185,45.36
2025-03-29,Centro,AV06,11272034,40.0,4.946467,-73.941175,4.86747,-73.877,3.024
2025-03-14,Centro,AV50,12440403,100.0,4.742992,-74.164592,4.73271982,-74.09319294,7.56
2025-03-14,Centro,AV06,14026090,150.0,4.946467,-73.941175,4.920671395,-74.03295256,11.34
2025-03-26,Centro,AV26,11379155,150.0,4.596453,-74.148856,4.62193,-74.1678,11.34
2025-03-05,Centro,AV47,12434217,256.0,4.541264,-74.251706,4.578303278,-74.21317856,19.3536
2025-03-26,Centro,AV06,10483231,97.7333333,4.946467,-73.941175,4.96319,-73.9266,7.38863999748
2025-03-22,Centro,AV04,13074910,63.0,5.807142,-73.006556,5.710793,-72.944327,4.7628
2025-03-22,Centro,AV06,14234318,750.0,4.946467,-73.941175,4.63763283,-74.06995454,56.7
2025-03-12,Centro,AV04,12632206,350.0,5.807142,-73.006556,5.525715,-73.3452019,26.46
2025-03-04,Centro,AV06,12291660,2080.0,4.946467,-73.941175,7.90988,-72.46511,157.248
2025-03-20,Centro,AV06,13027932,18.6666667,4.946467,-73.941175,4.639718799,-74.07337601,1.41120000252
2025-03-20,Centro,AV06,12291578,1620.0,4.946467,-73.941175,3.53789,-73.7042,122.472
2025-03-01,Centro,AV04,10314592,735.6666667,5.807142,-73.006556,5.715429656,-72.92936,55.616400002519995
2025-03-01,Centro,AV42,13819724,171.0,5.544456,-73.352553,5.537685538,-73.63436671,12.9276
2025-03-05,Centro,AV50,13216000,200.0,4.742992,-74.164592,4.749443,-74.112656,15.12
2025-03-18,Centro,AV06,12291574,1700.0,4.946467,-73.941175,2.55768,-72.638,128.52
2025-03-10,Centro,AV06,13114898,50.2,4.946467,-73.941175,4.75116612,-74.05110926,3.79512
2025-03-08,Centro,AV26,12620294,600.0,4.596453,-74.148856,4.408011,-73.95057,45.36
2025-03-20,Centro,AV26,14261072,450.0,4.596453,-74.148856,4.5719627,-74.0952062,34.02
2025-03-22,Centro,AV06,10794840,396.0,4.946467,-73.941175,4.86314,-74.0437,29.9376
2025-03-21,Centro,AV50,14175053,900.0,4.742992,-74.164592,4.707255696,-74.21586094,68.04
2025-03-31,Centro,AV47,10633887,450.0,4.541264,-74.251706,4.64906,-74.414,34.02
2025-03-31,Centro,AV50,13949583,540.0,4.742992,-74.164592,4.63932278,-74.13553191,40.824
2025-03-05,Centro,AV26,11343110,70.0,4.596453,-74.148856,4.58003937,-74.13044181,5.292
2025-03-08,Centro,AV26,13237618,99.25,4.596453,-74.148856,4.58276,-74.124281,7.5033
2025-03-06,Centro,AV26,13957832,100.0,4.596453,-74.148856,4.620287,-74.165646,7.56
2025-03-21,Centro,AV42,10279118,598.25,5.544456,-73.352553,5.631301,-73.527817,45.2277
2025-03-31,Centro,AV26,11487790,1000.0,4.596453,-74.148856,4.572063,-74.094715,75.6
2025-03-28,Centro,AV47,12434217,460.0,4.541264,-74.251706,4.578303278,-74.21317856,34.776
2025-03-14,Centro,AV47,10623895,854.0,4.541264,-74.251706,4.63211,-74.4531,64.5624
2025-03-24,Centro,AV26,12222414,5.0,4.596453,-74.148856,4.560526085,-74.12947503,0.378
2025-03-13,Centro,AV06,12721427,420.0,4.946467,-73.941175,4.86331003,-74.04791553,31.752
2025-03-01,Centro,AV26,12752013,550.0,4.596453,-74.148856,4.548462,-74.093207,41.58
2025-03-14,Centro,AV06,12767422,156.0,4.946467,-73.941175,4.7153125,-74.05881619,11.7936
2025-03-27,Centro,AV50,11767195,400.0,4.742992,-74.164592,5.00089,-74.3395,30.24
2025-03-19,Centro,AV50,14175053,900.0,4.742992,-74.164592,4.707255696,-74.21586094,68.04
2025-03-17,Centro,AV06,11240272,22.25,4.946467,-73.941175,4.7124,-74.0711,1.6821
2025-03-01,Centro,AV47,11372715,50.0,4.541264,-74.251706,4.573843,-74.162496,3.78
2025-03-13,Centro,AV26,14136396,165.0,4.596453,-74.148856,4.5461179,-74.10619086,12.474
2025-03-18,Centro,AV04,11702610,400.0,5.807142,-73.006556,5.782401,-73.115921,30.24
2025-03-07,Centro,AV26,12109406,320.0,4.596453,-74.148856,4.627036478,-74.14946091,24.192
2025-03-17,Centro,AV26,12752013,500.0,4.596453,-74.148856,4.548462,-74.093207,37.8
2025-03-11,Centro,AV26,13237618,462.9666666,4.596453,-74.148856,4.58276,-74.124281,35.00027999496
2025-03-29,Centro,AV04,10314597,565.0,5.807142,-73.006556,5.712672589,-72.9311829,42.714
2025-03-26,Centro,AV06,12592168,152.5,4.946467,-73.941175,4.904824,-73.943356,11.529
2025-03-20,Centro,AV06,10791145,952.0,4.946467,-73.941175,5.02783,-73.9997,71.9712
2025-03-19,Centro,AV50,14073246,1384.0,4.742992,-74.164592,4.77281,-74.16497,104.6304
2025-03-10,Centro,AV06,10795264,500.0,4.946467,-73.941175,4.59352,-74.1244,37.8
2025-03-05,Centro,AV50,13777408,324.0,4.742992,-74.164592,4.697317416,-74.09515155,24.4944
2025-03-25,Centro,AV50,13719685,400.0,4.742992,-74.164592,4.70747,-74.23193,30.24
2025-03-06,Centro,AV50,11628254,715.0,4.742992,-74.164592,4.7177,-74.2241,54.054
2025-03-04,Centro,AV26,12436775,500.0,4.596453,-74.148856,4.60287,-74.14647,37.8
2025-03-23,Centro,AV47,14242114,450.0,4.541264,-74.251706,4.32876,-74.38622,34.02
2025-03-12,Centro,AV06,11757042,164.0,4.946467,-73.941175,4.74046,-74.0429,12.3984
2025-03-31,Centro,AV42,13203282,200.0,5.544456,-73.352553,5.500034504,-73.33289947,15.12
2025-03-10,Centro,AV26,12222414,191.5,4.596453,-74.148856,4.560526085,-74.12947503,14.4774
2025-03-26,Centro,AV26,12752013,200.0,4.596453,-74.148856,4.548462,-74.093207,15.12
2025-03-05,Centro,AV26,13237618,374.4166666,4.596453,-74.148856,4.58276,-74.124281,28.30589999496
2025-03-08,Centro,AV50,11667608,3.0,4.742992,-74.164592,4.851373037,-74.2688731,0.2268
2025-03-27,Centro,AV26,10757473,200.0,4.596453,-74.148856,4.554051,-74.093696,15.12
2025-03-12,Centro,AV26,12559216,160.0,4.596453,-74.148856,4.628072,-74.15658,12.096
2025-03-18,Centro,AV50,12549078,151.0,4.742992,-74.164592,4.8124403,-74.34956,11.4156
2025-03-31,Centro,AV06,13114888,42.8333333,4.946467,-73.941175,4.61955,-74.06643,3.23819999748
2025-03-01,Centro,AV06,10795309,1000.0,4.946467,-73.941175,4.68689,-74.0737,75.6
2025-03-31,Centro,AV06,13723755,5.4,4.946467,-73.941175,4.60349,-74.08485,0.40824
2025-03-29,Centro,AV26,10947192,324.0,4.596453,-74.148856,4.57861,-74.10259,24.4944
2025-03-11,Centro,AV06,11468625,450.0,4.946467,-73.941175,5.08345,-73.3664,34.02
2025-03-27,Centro,AV47,12549072,500.0,4.541264,-74.251706,4.600005032,-74.1804782,37.8
2025-03-17,Centro,AV26,12752013,51.0,4.596453,-74.148856,4.548462,-74.093207,3.8556
2025-03-26,Centro,AV50,14175053,375.0,4.742992,-74.164592,4.707255696,-74.21586094,28.35
2025-03-07,Centro,AV42,13950910,62.0,5.544456,-73.352553,5.620435893,-73.62114196,4.6872
2025-03-28,Centro,AV04,12291672,1620.0,5.807142,-73.006556,5.805537,-73.004589,122.472
2025-03-23,Centro,AV06,12258437,100.0,4.946467,-73.941175,4.864536,-74.060555,7.56
2025-03-03,Centro,AV50,12937600,20.0,4.742992,-74.164592,4.731025711,-74.43521896,1.512
2025-03-06,Centro,AV06,13114894,89.0,4.946467,-73.941175,4.632056,-74.093952,6.7284
2025-03-13,Centro,AV47,11308111,3.0,4.541264,-74.251706,4.611537,-74.22155,0.2268
2025-03-25,Centro,AV06,10794820,248.0,4.946467,-73.941175,4.76339,-74.0466,18.7488
2025-03-26,Centro,AV06,12404538,1000.0,4.946467,-73.941175,4.6065,-74.0837,75.6
2025-03-20,Centro,AV47,13849853,100.0,4.541264,-74.251706,4.596548,-74.197851,7.56
2025-03-21,Centro,AV47,13200950,101.0,4.541264,-74.251706,4.632617,-74.452641,7.6356
2025-03-13,Centro,AV50,13825518,120.5833333,4.742992,-74.164592,4.69929111,-74.12478684,9.11609999748
2025-03-05,Centro,AV06,13027927,131.0,4.946467,-73.941175,4.726194,-74.055209,9.9036
2025-03-11,Centro,AV26,10947192,437.0,4.596453,-74.148856,4.57861,-74.10259,33.0372
2025-03-06,Centro,AV06,11188850,712.0,4.946467,-73.941175,4.940174,-73.943858,53.8272
2025-03-26,Centro,AV06,12637278,3840.0,4.946467,-73.941175,1.851860173,-76.04231015,290.304
2025-03-21,Centro,AV26,10795381,637.75,4.596453,-74.148856,4.59669,-74.1397,48.2139
2025-03-08,Centro,AV06,10794840,400.0,4.946467,-73.941175,4.86314,-74.0437,30.24
2025-03-12,Centro,AV06,14014639,600.0,4.946467,-73.941175,4.68012026,-74.03777427,45.36
2025-03-25,Centro,AV50,10794823,54.35,4.742992,-74.164592,4.702974,-74.222416,4.10886
2025-03-22,Centro,AV06,12135753,864.8,4.946467,-73.941175,5.012731,-73.861147,65.37888
2025-03-29,Centro,AV06,10794826,1000.0,4.946467,-73.941175,4.67675,-74.1168,75.6
2025-03-20,Centro,AV26,13757740,450.0,4.596453,-74.148856,4.56657784,-74.10262175,34.02
2025-03-13,Centro,AV04,10282280,106.0,5.807142,-73.006556,5.80194,-72.799173,8.0136
2025-03-06,Centro,AV26,11487790,500.0,4.596453,-74.148856,4.572063,-74.094715,37.8
2025-03-25,Centro,AV06,10795300,7.6,4.946467,-73.941175,4.67013,-74.0559,0.57456
2025-03-27,Centro,AV06,10598284,600.0,4.946467,-73.941175,4.68517,-74.0894,45.36
2025-03-10,Centro,AV06,12611980,900.0,4.946467,-73.941175,4.949344,-73.94425,68.04
2025-03-21,Centro,AV04,11383983,432.0,5.807142,-73.006556,5.808149,-73.026729,32.6592
2025-03-29,Centro,AV06,14121551,900.0,4.946467,-73.941175,4.62709004,-74.09909111,68.04
2025-03-19,Centro,AV26,12620294,250.0,4.596453,-74.148856,4.408011,-73.95057,18.9
2025-03-03,Centro,AV47,13409261,480.0,4.541264,-74.251706,4.570519666,-74.23725,36.288
2025-03-29,Centro,AV50,14175053,900.0,4.742992,-74.164592,4.707255696,-74.21586094,68.04
2025-03-23,Centro,AV06,12721427,231.0,4.946467,-73.941175,4.86331003,-74.04791553,17.4636
2025-03-29,Centro,AV50,14232230,450.0,4.742992,-74.164592,4.709523835,-74.21910298,34.02
2025-03-13,Centro,AV26,13817212,383.2083332,4.596453,-74.148856,4.588597,-74.101661,28.97054998992
2025-03-03,Centro,AV47,12784751,720.0,4.541264,-74.251706,4.522614,-74.241185,54.432
2025-03-28,Centro,AV47,14022774,6.6666667,4.541264,-74.251706,4.586334725,-74.21671449,0.50400000252
2025-03-06,Centro,AV47,12434217,460.0,4.541264,-74.251706,4.578303278,-74.21317856,34.776
2025-03-17,Centro,AV47,11372715,500.0,4.541264,-74.251706,4.573843,-74.162496,37.8
2025-03-31,Centro,AV06,12721427,490.0,4.946467,-73.941175,4.86331003,-74.04791553,37.044
2025-03-11,Centro,AV06,11325369,16.5,4.946467,-73.941175,4.88527,-74.0368,1.2474
2025-03-08,Centro,AV06,10795304,57.0,4.946467,-73.941175,4.66689,-74.0499,4.3092
2025-03-17,Centro,AV06,10791145,1000.0,4.946467,-73.941175,5.02783,-73.9997,75.6
2025-03-21,Centro,AV42,13819724,110.0,5.544456,-73.352553,5.537685538,-73.63436671,8.316
2025-03-14,Centro,AV06,13114898,47.9,4.946467,-73.941175,4.75116612,-74.05110926,3.62124
2025-03-28,Centro,AV04,10279095,480.0,5.807142,-73.006556,5.80617,-73.00564,36.288
2025-03-05,Centro,AV06,14121551,1800.0,4.946467,-73.941175,4.62709004,-74.09909111,136.08
2025-03-12,Centro,AV06,12554259,200.0,4.946467,-73.941175,4.96221815,-73.92167273,15.12
2025-03-05,Centro,AV06,12928954,330.0,4.946467,-73.941175,5.00747,-73.9413,24.948
2025-03-18,Centro,AV26,14213196,540.0,4.596453,-74.148856,4.549718944,-74.16025758,40.824
2025-03-03,Centro,AV47,13409261,490.0,4.541264,-74.251706,4.570519666,-74.23725,37.044
2025-03-21,Centro,AV26,10933055,133.0,4.596453,-74.148856,4.46202,-74.1296,10.0548
2025-03-29,Centro,AV04,12291366,541.0,5.807142,-73.006556,5.805537,-73.004589,40.8996
2025-03-12,Centro,AV06,12928954,190.0,4.946467,-73.941175,5.00747,-73.9413,14.364
2025-03-29,Centro,AV47,10596108,100.0,4.541264,-74.251706,4.333963,-74.363534,7.56
2025-03-28,Centro,AV26,10795381,436.3,4.596453,-74.148856,4.59669,-74.1397,32.98428
2025-03-15,Centro,AV04,13871266,100.0,5.807142,-73.006556,5.51914731,-72.88562433,7.56
2025-03-14,Centro,AV50,14018361,216.0,4.742992,-74.164592,4.75714,-74.099829,16.3296
2025-03-10,Centro,AV06,13027924,41.5,4.946467,-73.941175,4.732307319,-74.04493192,3.1374
2025-03-25,Centro,AV26,13227016,428.0,4.596453,-74.148856,4.456089,-74.132163,32.3568
2025-03-28,Centro,AV06,14206523,260.0,4.946467,-73.941175,5.0839107,-73.3675403,19.656
2025-03-29,Centro,AV50,10587658,156.0,4.742992,-74.164592,4.74348,-74.1221,11.7936
2025-03-20,Centro,AV06,10794825,1000.0,4.946467,-73.941175,4.68015,-74.1525,75.6
2025-03-20,Centro,AV06,12135753,123.0,4.946467,-73.941175,5.012731,-73.861147,9.2988
2025-03-17,Centro,AV06,13876661,366.0,4.946467,-73.941175,4.66308425,-74.06331785,27.6696
2025-03-12,Centro,AV04,10279095,480.0,5.807142,-73.006556,5.80617,-73.00564,36.288
2025-03-10,Centro,AV26,13757740,510.0,4.596453,-74.148856,4.56657784,-74.10262175,38.556
2025-03-04,Centro,AV04,12291292,1440.0,5.807142,-73.006556,5.805537,-73.004589,108.864
2025-03-07,Centro,AV06,11188850,300.0,4.946467,-73.941175,4.940174,-73.943858,22.68
2025-03-23,Centro,AV42,10292016,303.0,5.544456,-73.352553,5.52242,-73.3615,22.9068
2025-03-19,Centro,AV06,10483231,102.0,4.946467,-73.941175,4.96319,-73.9266,7.7112
2025-03-07,Centro,AV47,13945963,220.0,4.541264,-74.251706,4.57213145,-74.222751,16.632
2025-03-31,Centro,AV06,12637278,3900.0,4.946467,-73.941175,1.851860173,-76.04231015,294.84
2025-03-17,Centro,AV42,13203282,380.0,5.544456,-73.352553,5.500034504,-73.33289947,28.728
2025-03-20,Centro,AV50,11199877,892.4,4.742992,-74.164592,4.714186,-74.219022,67.46544
2025-03-05,Centro,AV06,10794834,391.2,4.946467,-73.941175,4.7573,-74.0645,29.57472
2025-03-05,Centro,AV04,10290373,463.0,5.807142,-73.006556,5.51897,-72.8845,35.0028
2025-03-03,Centro,AV50,13111699,59.0,4.742992,-74.164592,4.730840799,-74.43834745,4.4604
2025-03-07,Centro,AV50,10794822,213.0,4.742992,-74.164592,4.819796,-74.352228,16.1028
2025-03-27,Centro,AV06,10795261,500.0,4.946467,-73.941175,4.71272,-74.0344,37.8
2025-03-22,Centro,AV47,12938968,388.0,4.541264,-74.251706,4.308250101,-74.29906227,29.3328
2025-03-08,Centro,AV04,11874240,40.0,5.807142,-73.006556,5.7094289,-72.933467,3.024
2025-03-03,Centro,AV47,13409261,483.25,4.541264,-74.251706,4.570519666,-74.23725,36.5337
2025-03-26,Centro,AV06,13848816,3168.0,4.946467,-73.941175,3.72002778,-75.484073,239.5008
2025-03-11,Centro,AV42,13819724,246.0,5.544456,-73.352553,5.537685538,-73.63436671,18.5976
2025-03-03,Centro,AV26,12436775,500.0,4.596453,-74.148856,4.60287,-74.14647,37.8
2025-03-01,Centro,AV06,10795304,5.0,4.946467,-73.941175,4.66689,-74.0499,0.378
2025-03-22,Centro,AV06,10658724,900.0,4.946467,-73.941175,4.708185,-74.116536,68.04
2025-03-04,Centro,AV47,10596108,500.0,4.541264,-74.251706,4.333963,-74.363534,37.8
2025-03-11,Centro,AV06,10794836,450.0,4.946467,-73.941175,4.617067,-74.090837,34.02
2025-03-10,Centro,AV47,12434217,450.0,4.541264,-74.251706,4.578303278,-74.21317856,34.02
2025-03-17,Centro,AV04,13866825,960.0,5.807142,-73.006556,5.994968,-72.691329,72.576
2025-03-05,Centro,AV06,10795264,500.0,4.946467,-73.941175,4.59352,-74.1244,37.8
2025-03-04,Centro,AV42,11194949,500.0,5.544456,-73.352553,5.536846,-73.366079,37.8
2025-03-21,Centro,AV04,10314591,70.9166666,5.807142,-73.006556,5.826054498,-73.0333059,5.3612999949599995
2025-03-30,Centro,AV26,13472905,500.0,4.596453,-74.148856,4.571113,-74.090515,37.8
2025-03-12,Centro,AV06,12727839,1000.5,4.946467,-73.941175,4.702051327,-74.18407664,75.6378
2025-03-27,Centro,AV26,13817212,500.5,4.596453,-74.148856,4.588597,-74.101661,37.8378
2025-03-25,Centro,AV06,10794840,45.0,4.946467,-73.941175,4.86314,-74.0437,3.402
2025-03-17,Centro,AV06,12637278,2126.0,4.946467,-73.941175,1.851860173,-76.04231015,160.7256
2025-03-19,Centro,AV26,12749745,200.0,4.596453,-74.148856,4.33151,-73.871344,15.12
2025-03-21,Centro,AV50,14046991,429.0,4.742992,-74.164592,4.73791,-74.16065,32.4324
2025-03-19,Centro,AV06,12611980,1044.0,4.946467,-73.941175,4.949344,-73.94425,78.9264
2025-03-30,Centro,AV47,12231633,500.0,4.541264,-74.251706,4.5783301,-74.2425625,37.8
2025-03-01,Centro,AV50,14175053,900.0,4.742992,-74.164592,4.707255696,-74.21586094,68.04
2025-03-05,Centro,AV26,12796281,128.0,4.596453,-74.148856,4.584589,-74.125191,9.6768
2025-03-26,Centro,AV04,13196543,100.0,5.807142,-73.006556,5.718660305,-72.939781,7.56
2025-03-11,Centro,AV42,13950910,55.1,5.544456,-73.352553,5.620435893,-73.62114196,4.16556
2025-03-31,Centro,AV04,12989222,551.0,5.807142,-73.006556,5.56739162,-73.18388698,41.6556
2025-03-26,Centro,AV50,10592899,101.0,4.742992,-74.164592,4.81463,-74.3502,7.6356
2025-03-29,Centro,AV06,10598284,470.0,4.946467,-73.941175,4.68517,-74.0894,35.532000000000004
2025-03-13,Centro,AV04,12291658,750.0,5.807142,-73.006556,5.805537,-73.004589,56.7
2025-03-17,Centro,AV06,10794836,1000.0,4.946467,-73.941175,4.617067,-74.090837,75.6
2025-03-31,Centro,AV04,12537667,485.0,5.807142,-73.006556,5.78107081,-73.12024286,36.666
2025-03-29,Centro,AV06,13114893,78.2,4.946467,-73.941175,4.66751678,-74.11906,5.91192
2025-03-22,Centro,AV06,13114887,9.5,4.946467,-73.941175,4.729824162,-74.02424657,0.7182
2025-03-31,Centro,AV47,14126343,455.0,4.541264,-74.251706,4.342643462,-74.36591,34.398
2025-03-23,Centro,AV47,11372715,300.0,4.541264,-74.251706,4.573843,-74.162496,22.68
2025-03-11,Centro,AV06,10794838,26.3,4.946467,-73.941175,4.74957,-74.0968,1.98828
2025-03-29,Centro,AV50,12211377,0.5,4.742992,-74.164592,5.011516303,-74.46906948,0.0378
2025-03-12,Centro,AV26,10584114,432.0,4.596453,-74.148856,4.64380959,-74.063973,32.6592
2025-03-19,Centro,AV06,12727839,800.0,4.946467,-73.941175,4.702051327,-74.18407664,60.48
2025-03-23,Centro,AV50,14175304,100.0,4.742992,-74.164592,4.7277416,-74.08926753,7.56
2025-03-19,Centro,AV26,11487790,500.0,4.596453,-74.148856,4.572063,-74.094715,37.8
2025-03-04,Centro,AV06,10795304,122.0,4.946467,-73.941175,4.66689,-74.0499,9.2232
2025-03-05,Centro,AV06,13949640,1833.0,4.946467,-73.941175,3.53789,-73.7042,138.5748
2025-03-01,Centro,AV06,10491374,11.0,4.946467,-73.941175,5.02941,-73.9904,0.8316
2025-03-26,Centro,AV47,12408426,470.0,4.541264,-74.251706,4.540471,-74.25511,35.532000000000004
2025-03-29,Centro,AV04,13866825,510.0,5.807142,-73.006556,5.994968,-72.691329,38.556
2025-03-15,Centro,AV04,12291658,2074.0,5.807142,-73.006556,5.805537,-73.004589,156.7944
2025-03-13,Centro,AV47,14161351,495.0,4.541264,-74.251706,4.57983365,-74.17998191,37.422
2025-03-21,Centro,AV04,12291672,3782.0,5.807142,-73.006556,5.805537,-73.004589,285.9192
2025-03-31,Centro,AV26,11487790,500.0,4.596453,-74.148856,4.572063,-74.094715,37.8
2025-03-04,Centro,AV06,12771595,215.0,4.946467,-73.941175,5.36487,-73.5211,16.254
2025-03-28,Centro,AV06,10795380,925.3333333,4.946467,-73.941175,4.67992,-74.0851,69.95519999748001
2025-03-20,Centro,AV47,10623895,12.0,4.541264,-74.251706,4.63211,-74.4531,0.9072
2025-03-23,Centro,AV47,14161351,510.0,4.541264,-74.251706,4.57983365,-74.17998191,38.556
2025-03-20,Centro,AV26,10771994,500.0,4.596453,-74.148856,4.57196,-74.0933,37.8
2025-03-17,Centro,AV06,13114893,28.5,4.946467,-73.941175,4.66751678,-74.11906,2.1546
2025-03-19,Centro,AV26,13237618,500.0,4.596453,-74.148856,4.58276,-74.124281,37.8
2025-03-12,Centro,AV26,12620294,500.0,4.596453,-74.148856,4.408011,-73.95057,37.8
2025-03-12,Centro,AV06,12727839,1017.5,4.946467,-73.941175,4.702051327,-74.18407664,76.923
2025-03-27,Centro,AV06,13881550,120.0,4.946467,-73.941175,4.77376,-74.15948,9.072
2025-03-10,Centro,AV47,13806693,90.0,4.541264,-74.251706,4.5858716,-74.1797364,6.804
2025-03-14,Centro,AV26,10771994,360.0,4.596453,-74.148856,4.57196,-74.0933,27.216
2025-03-22,Centro,AV06,11268397,150.0,4.946467,-73.941175,4.92073,-74.0242,11.34
2025-03-19,Centro,AV06,10795264,1000.0,4.946467,-73.941175,4.59352,-74.1244,75.6
2025-03-03,Centro,AV50,12399495,450.0,4.742992,-74.164592,4.728201,-74.219292,34.02
2025-03-05,Centro,AV06,10795262,827.1333333,4.946467,-73.941175,4.68332,-74.0807,62.53127999748
2025-03-04,Centro,AV26,10794827,199.65,4.596453,-74.148856,4.63091,-74.1938,15.09354
2025-03-31,Centro,AV47,11372715,450.0,4.541264,-74.251706,4.573843,-74.162496,34.02
2025-03-18,Centro,AV06,10794825,501.0,4.946467,-73.941175,4.68015,-74.1525,37.8756
2025-03-03,Centro,AV26,10771994,500.0,4.596453,-74.148856,4.57196,-74.0933,37.8
2025-03-18,Centro,AV06,10795300,288.0,4.946467,-73.941175,4.67013,-74.0559,21.7728
2025-03-31,Centro,AV47,11382163,250.0,4.541264,-74.251706,4.6154733,-74.3523323,18.9
2025-03-18,Centro,AV50,12440403,100.0,4.742992,-74.164592,4.73271982,-74.09319294,7.56
2025-03-11,Centro,AV47,13409261,480.0,4.541264,-74.251706,4.570519666,-74.23725,36.288
2025-03-10,Centro,AV50,12783067,50.1666667,4.742992,-74.164592,5.004283036,-74.47233542,3.79260000252
2025-03-19,Centro,AV06,12291574,1650.0,4.946467,-73.941175,2.55768,-72.638,124.74
2025-03-27,Centro,AV06,13027935,27.6666667,4.946467,-73.941175,4.664516,-74.056235,2.09160000252
2025-03-22,Centro,AV06,10483231,19.0,4.946467,-73.941175,4.96319,-73.9266,1.4364
2025-03-19,Centro,AV06,10795311,39.1,4.946467,-73.941175,4.64266,-74.0757,2.95596
2025-03-21,Centro,AV50,12297130,60.0,4.742992,-74.164592,4.728168,-74.093705,4.536
2025-03-20,Centro,AV06,10598284,540.0,4.946467,-73.941175,4.68517,-74.0894,40.824
2025-03-28,Centro,AV47,14047817,29.5,4.541264,-74.251706,4.582914,-74.445193,2.2302
2025-03-03,Centro,AV26,10947192,401.0,4.596453,-74.148856,4.57861,-74.10259,30.3156
2025-03-28,Centro,AV06,13971700,118.0,4.946467,-73.941175,4.74662428,-74.097665,8.9208
2025-03-04,Centro,AV47,11553757,431.0,4.541264,-74.251706,4.622261,-74.202565,32.5836
2025-03-10,Centro,AV06,13975701,500.0,4.946467,-73.941175,4.648427,-74.060859,37.8
2025-03-03,Centro,AV42,10279105,55.75,5.544456,-73.352553,5.403232,-73.335933,4.2147
2025-03-12,Centro,AV06,13188397,300.0,4.946467,-73.941175,4.722754364,-74.06795843,22.68
2025-03-31,Centro,AV26,12767171,342.5,4.596453,-74.148856,4.600081412,-74.16501213,25.893
2025-03-19,Centro,AV50,11349249,46.0,4.742992,-74.164592,4.73513,-74.101089,3.4776
2025-03-11,Centro,AV06,14130070,460.0,4.946467,-73.941175,4.720915,-73.967129,34.776
2025-03-23,Centro,AV50,13725910,49.0,4.742992,-74.164592,4.732428582,-74.09620625,3.7044
2025-03-18,Centro,AV47,13849853,450.0,4.541264,-74.251706,4.596548,-74.197851,34.02
2025-03-29,Centro,AV06,12928954,12.5,4.946467,-73.941175,5.00747,-73.9413,0.945
2025-03-07,Centro,AV47,12549072,190.0,4.541264,-74.251706,4.600005032,-74.1804782,14.364
2025-03-13,Centro,AV47,11372715,461.0,4.541264,-74.251706,4.573843,-74.162496,34.8516
2025-03-01,Centro,AV06,10795180,74.5,4.946467,-73.941175,4.85152,-74.0295,5.6322
2025-03-08,Centro,AV06,10795261,503.0,4.946467,-73.941175,4.71272,-74.0344,38.0268
2025-03-05,Centro,AV06,13114898,123.7,4.946467,-73.941175,4.75116612,-74.05110926,9.35172
2025-03-14,Centro,AV47,11372715,760.0,4.541264,-74.251706,4.573843,-74.162496,57.456
2025-03-01,Centro,AV50,12297130,30.0,4.742992,-74.164592,4.728168,-74.093705,2.268
2025-03-03,Centro,AV04,10290373,500.0,5.807142,-73.006556,5.51897,-72.8845,37.8
2025-03-14,Centro,AV06,10795331,213.0,4.946467,-73.941175,4.65374,-74.1095,16.1028
2025-03-07,Centro,AV47,13449228,75.0,4.541264,-74.251706,4.490725562,-74.26046997,5.67
2025-03-19,Centro,AV06,12965841,533.0,4.946467,-73.941175,4.639588,-74.141083,40.2948
2025-03-14,Centro,AV06,14228850,3456.0,4.946467,-73.941175,4.60675053,-74.08641235,261.2736
2025-03-18,Centro,AV06,10795380,961.0,4.946467,-73.941175,4.67992,-74.0851,72.6516
2025-03-27,Centro,AV47,13945963,50.0,4.541264,-74.251706,4.57213145,-74.222751,3.78
2025-03-22,Centro,AV06,10795262,2000.0,4.946467,-73.941175,4.68332,-74.0807,151.2
2025-03-25,Centro,AV47,12231633,450.0,4.541264,-74.251706,4.5783301,-74.2425625,34.02
2025-03-19,Centro,AV47,12784751,600.0,4.541264,-74.251706,4.522614,-74.241185,45.36
2025-03-26,Centro,AV04,11383983,768.0,5.807142,-73.006556,5.808149,-73.026729,58.0608
2025-03-21,Centro,AV50,13777408,302.0,4.742992,-74.164592,4.697317416,-74.09515155,22.8312
2025-03-14,Centro,AV06,12291320,1605.0,4.946467,-73.941175,4.176519148,-73.64177585,121.338
2025-03-05,Centro,AV04,11383983,524.0,5.807142,-73.006556,5.808149,-73.026729,39.6144
2025-03-29,Centro,AV50,12499059,405.0,4.742992,-74.164592,4.70601106,-74.09347852,30.618
2025-03-22,Centro,AV26,12615703,100.0,4.596453,-74.148856,4.586901,-74.140201,7.56
2025-03-11,Centro,AV26,12109406,600.0,4.596453,-74.148856,4.627036478,-74.14946091,45.36
2025-03-03,Centro,AV26,10744947,41.0,4.596453,-74.148856,4.5649221,-74.12598261,3.0996
2025-03-29,Centro,AV26,12718397,106.0,4.596453,-74.148856,4.613049,-74.143699,8.0136
2025-03-05,Centro,AV06,12403625,278.0,4.946467,-73.941175,5.03795541,-73.9927692,21.0168
2025-03-25,Centro,AV06,11188850,1290.0,4.946467,-73.941175,4.940174,-73.943858,97.524
2025-03-06,Centro,AV06,12976160,228.0,4.946467,-73.941175,4.66587,-74.11944,17.2368
2025-03-01,Centro,AV06,10795335,16.0,4.946467,-73.941175,4.70021,-74.1155,1.2096
2025-03-10,Centro,AV26,10757473,120.0,4.596453,-74.148856,4.554051,-74.093696,9.072
2025-03-07,Centro,AV04,10279095,480.0,5.807142,-73.006556,5.80617,-73.00564,36.288
2025-03-10,Centro,AV50,12211377,480.0,4.742992,-74.164592,5.011516303,-74.46906948,36.288
2025-03-11,Centro,AV47,13409261,510.0,4.541264,-74.251706,4.570519666,-74.23725,38.556
2025-03-21,Centro,AV06,13027935,99.1666667,4.946467,-73.941175,4.664516,-74.056235,7.497000002519999
2025-03-14,Centro,AV06,13114888,29.0,4.946467,-73.941175,4.61955,-74.06643,2.1924
2025-03-05,Centro,AV42,11194949,220.0,5.544456,-73.352553,5.536846,-73.366079,16.632
2025-03-19,Centro,AV50,12399495,450.0,4.742992,-74.164592,4.728201,-74.219292,34.02
2025-03-28,Centro,AV06,13027931,125.0,4.946467,-73.941175,4.720215,-74.045457,9.45
2025-03-17,Centro,AV06,12291574,1700.0,4.946467,-73.941175,2.55768,-72.638,128.52
2025-03-31,Centro,AV47,14242114,650.0,4.541264,-74.251706,4.32876,-74.38622,49.14
2025-03-21,Centro,AV06,12727839,800.0,4.946467,-73.941175,4.702051327,-74.18407664,60.48
2025-03-01,Centro,AV26,11379155,66.0,4.596453,-74.148856,4.62193,-74.1678,4.9896
2025-03-15,Centro,AV06,10795358,9.0,4.946467,-73.941175,4.86638,-74.0372,0.6804
2025-03-29,Centro,AV06,11325369,45.0,4.946467,-73.941175,4.88527,-74.0368,3.402
2025-03-08,Centro,AV50,10791021,217.5,4.742992,-74.164592,4.81207,-74.3542,16.443
2025-03-22,Centro,AV47,10623895,200.0,4.541264,-74.251706,4.63211,-74.4531,15.12
2025-03-18,Centro,AV50,13719685,353.0,4.742992,-74.164592,4.70747,-74.23193,26.6868
2025-03-28,Centro,AV06,14121551,900.0,4.946467,-73.941175,4.62709004,-74.09909111,68.04
2025-03-21,Centro,AV06,10795261,1000.0,4.946467,-73.941175,4.71272,-74.0344,75.6
2025-03-08,Centro,AV04,13866825,460.0,5.807142,-73.006556,5.994968,-72.691329,34.776
2025-03-25,Centro,AV26,10947192,332.0,4.596453,-74.148856,4.57861,-74.10259,25.0992
2025-03-27,Centro,AV06,12468175,250.0,4.946467,-73.941175,4.6064848,-74.08507,18.9
2025-03-26,Centro,AV06,13027932,145.5,4.946467,-73.941175,4.639718799,-74.07337601,10.9998
2025-03-28,Centro,AV26,10771994,1000.0,4.596453,-74.148856,4.57196,-74.0933,75.6
2025-03-04,Centro,AV47,10596108,342.0,4.541264,-74.251706,4.333963,-74.363534,25.8552
2025-03-18,Centro,AV47,14047817,769.0,4.541264,-74.251706,4.582914,-74.445193,58.1364
2025-03-18,Centro,AV06,10795310,46.8333333,4.946467,-73.941175,4.6321,-74.0755,3.54059999748
2025-03-26,Centro,AV04,11383983,432.0,5.807142,-73.006556,5.808149,-73.026729,32.6592
2025-03-14,Centro,AV04,11383983,498.0,5.807142,-73.006556,5.808149,-73.026729,37.6488
2025-03-27,Centro,AV06,10795442,1000.0,4.946467,-73.941175,4.69719,-74.087,75.6
2025-03-28,Centro,AV04,11383983,432.0,5.807142,-73.006556,5.808149,-73.026729,32.6592
2025-03-22,Centro,AV06,14234318,750.0,4.946467,-73.941175,4.63763283,-74.06995454,56.7
2025-03-30,Centro,AV47,13759677,450.0,4.541264,-74.251706,4.633,-74.197718,34.02
2025-03-30,Centro,AV50,14175053,1800.0,4.742992,-74.164592,4.707255696,-74.21586094,136.08
2025-03-06,Centro,AV42,12461640,66.0,5.544456,-73.352553,5.509702,-73.373098,4.9896
2025-03-22,Centro,AV26,13201665,510.0,4.596453,-74.148856,4.574178825,-74.15203345,38.556
2025-03-13,Centro,AV50,13777408,450.0,4.742992,-74.164592,4.697317416,-74.09515155,34.02
2025-03-25,Centro,AV26,11487790,500.0,4.596453,-74.148856,4.572063,-74.094715,37.8
2025-03-08,Centro,AV47,12231633,500.0,4.541264,-74.251706,4.5783301,-74.2425625,37.8
2025-03-04,Centro,AV50,10600857,224.0,4.742992,-74.164592,4.74443,-74.1006,16.9344
2025-03-06,Centro,AV47,13806693,50.0,4.541264,-74.251706,4.5858716,-74.1797364,3.78
2025-03-15,Centro,AV04,11874240,173.0,5.807142,-73.006556,5.7094289,-72.933467,13.0788
2025-03-27,Centro,AV42,12490276,206.0,5.544456,-73.352553,5.522266459,-73.36141833,15.5736
2025-03-08,Centro,AV06,10795230,2000.0,4.946467,-73.941175,4.629552,-74.125001,151.2
2025-03-13,Centro,AV26,11487790,500.0,4.596453,-74.148856,4.572063,-74.094715,37.8
2025-03-17,Centro,AV26,10755524,465.0,4.596453,-74.148856,4.5066,-74.1475,35.154
2025-03-26,Centro,AV06,10794826,1000.0,4.946467,-73.941175,4.67675,-74.1168,75.6
2025-03-04,Centro,AV06,13200055,141.75,4.946467,-73.941175,5.008394228,-73.47196365,10.7163
2025-03-28,Centro,AV06,13969047,800.0,4.946467,-73.941175,4.64254126,-74.07741204,60.48
2025-03-28,Centro,AV06,13855464,201.0,4.946467,-73.941175,4.7594841,-74.0562124,15.1956
2025-03-18,Centro,AV47,11308111,30.0,4.541264,-74.251706,4.611537,-74.22155,2.268
2025-03-25,Centro,AV06,10794825,1000.0,4.946467,-73.941175,4.68015,-74.1525,75.6
2025-03-06,Centro,AV42,12236591,110.0,5.544456,-73.352553,5.521355754,-73.36934245,8.316
2025-03-10,Centro,AV04,11874240,350.0,5.807142,-73.006556,5.7094289,-72.933467,26.46
2025-03-08,Centro,AV06,10795262,1000.0,4.946467,-73.941175,4.68332,-74.0807,75.6
2025-03-07,Centro,AV26,12718397,485.0,4.596453,-74.148856,4.613049,-74.143699,36.666
2025-03-01,Centro,AV26,12109406,324.0,4.596453,-74.148856,4.627036478,-74.14946091,24.4944
2025-03-21,Centro,AV04,10314596,58.0,5.807142,-73.006556,5.832941105,-73.0318982,4.3848
2025-03-26,Centro,AV50,13111699,472.0,4.742992,-74.164592,4.730840799,-74.43834745,35.6832
2025-03-27,Centro,AV50,12211377,450.0,4.742992,-74.164592,5.011516303,-74.46906948,34.02
2025-03-11,Centro,AV42,10279118,413.0,5.544456,-73.352553,5.631301,-73.527817,31.2228
2025-03-19,Centro,AV06,13027932,23.0,4.946467,-73.941175,4.639718799,-74.07337601,1.7388
2025-03-13,Centro,AV06,14206523,105.0,4.946467,-73.941175,5.0839107,-73.3675403,7.938
2025-03-18,Centro,AV04,12989222,135.0,5.807142,-73.006556,5.56739162,-73.18388698,10.206
2025-03-04,Centro,AV06,12727839,1000.5,4.946467,-73.941175,4.702051327,-74.18407664,75.6378
2025-03-19,Centro,AV06,12592168,78.3333333,4.946467,-73.941175,4.904824,-73.943356,5.92199999748
2025-03-15,Centro,AV06,12135753,303.0,4.946467,-73.941175,5.012731,-73.861147,22.9068
2025-03-27,Centro,AV47,13200950,450.0,4.541264,-74.251706,4.632617,-74.452641,34.02
2025-03-28,Centro,AV50,10587658,300.0,4.742992,-74.164592,4.74348,-74.1221,22.68
2025-03-04,Centro,AV06,12282136,4450.0,4.946467,-73.941175,4.628470408,-74.16017318,336.42
2025-03-06,Centro,AV06,13027924,202.95,4.946467,-73.941175,4.732307319,-74.04493192,15.34302
2025-03-31,Centro,AV26,13749431,555.0,4.596453,-74.148856,4.60543236,-74.13633567,41.958
2025-03-05,Centro,AV26,11379155,178.0,4.596453,-74.148856,4.62193,-74.1678,13.4568
2025-03-31,Centro,AV06,13969047,900.0,4.946467,-73.941175,4.64254126,-74.07741204,68.04
2025-03-10,Centro,AV06,10791145,362.0,4.946467,-73.941175,5.02783,-73.9997,27.3672
2025-03-28,Centro,AV50,12186829,450.0,4.742992,-74.164592,4.751755,-74.144885,34.02
2025-03-15,Centro,AV26,13201665,410.0,4.596453,-74.148856,4.574178825,-74.15203345,30.996
2025-03-12,Centro,AV06,10795358,9.35,4.946467,-73.941175,4.86638,-74.0372,0.7068599999999999
2025-03-04,Centro,AV06,10795340,127.4333333,4.946467,-73.941175,4.71935,-74.0362,9.63395999748
2025-03-17,Centro,AV06,12565696,1500.0,4.946467,-73.941175,4.723704455,-74.12314348,113.4
2025-03-05,Centro,AV42,11730329,70.0,5.544456,-73.352553,5.56347,-73.346564,5.292
2025-03-22,Centro,AV06,12291574,1720.0,4.946467,-73.941175,2.55768,-72.638,130.032
2025-03-29,Centro,AV06,14228850,206.0,4.946467,-73.941175,4.60675053,-74.08641235,15.5736
2025-03-14,Centro,AV06,10794826,1130.0,4.946467,-73.941175,4.67675,-74.1168,85.428
2025-03-18,Centro,AV42,14001746,128.0,5.544456,-73.352553,5.573639,-73.343056,9.6768
2025-03-19,Centro,AV06,11660301,255.0,4.946467,-73.941175,5.07553,-73.5774,19.278
2025-03-26,Centro,AV50,12517979,328.0,4.742992,-74.164592,4.818830341,-74.36503956,24.7968
2025-03-15,Centro,AV06,12611980,1050.0,4.946467,-73.941175,4.949344,-73.94425,79.38
2025-03-08,Centro,AV47,14126343,476.0,4.541264,-74.251706,4.342643462,-74.36591,35.9856
2025-03-12,Centro,AV26,10584114,402.0,4.596453,-74.148856,4.64380959,-74.063973,30.3912
2025-03-11,Centro,AV06,11598825,2600.0,4.946467,-73.941175,4.60566,-74.0841,196.56
2025-03-15,Centro,AV47,14257816,140.0,4.541264,-74.251706,4.3261743,-74.3617077,10.584
2025-03-21,Centro,AV04,10279115,470.0,5.807142,-73.006556,5.825424,-73.03205,35.532000000000004
2025-03-13,Centro,AV06,13200543,150.0,4.946467,-73.941175,5.096067362,-73.44583247,11.34
2025-03-03,Centro,AV06,13001713,950.0,4.946467,-73.941175,4.6029336,-74.1826122,71.82000000000001
2025-03-25,Centro,AV47,11372715,480.0,4.541264,-74.251706,4.573843,-74.162496,36.288
2025-03-22,Centro,AV06,12637278,2473.0,4.946467,-73.941175,1.851860173,-76.04231015,186.9588
2025-03-06,Centro,AV04,11702610,300.0,5.807142,-73.006556,5.782401,-73.115921,22.68
2025-03-12,Centro,AV50,11199877,17.8333333,4.742992,-74.164592,4.714186,-74.219022,1.34819999748
2025-03-05,Centro,AV26,10771713,417.0,4.596453,-74.148856,4.56127,-74.1407,31.5252
2025-03-31,Centro,AV06,13027924,121.5,4.946467,-73.941175,4.732307319,-74.04493192,9.1854
2025-03-30,Centro,AV47,12408426,470.0,4.541264,-74.251706,4.540471,-74.25511,35.532000000000004
2025-03-29,Centro,AV04,13196543,100.0,5.807142,-73.006556,5.718660305,-72.939781,7.56
2025-03-23,Centro,AV06,10795219,500.0,4.946467,-73.941175,4.72112517,-74.12188288,37.8
2025-03-04,Centro,AV06,11240272,110.0,4.946467,-73.941175,4.7124,-74.0711,8.316
2025-03-28,Centro,AV06,12459391,100.0,4.946467,-73.941175,5.03249462,-73.99470548,7.56
2025-03-17,Centro,AV06,12529225,300.0,4.946467,-73.941175,4.85845,-74.0636,22.68
2025-03-20,Centro,AV06,10795339,12.0,4.946467,-73.941175,4.74906,-74.0971,0.9072
2025-03-08,Centro,AV04,12291672,1695.0,5.807142,-73.006556,5.805537,-73.004589,128.142
2025-03-29,Centro,AV50,12549078,236.0,4.742992,-74.164592,4.8124403,-74.34956,17.8416
2025-03-03,Centro,AV06,10794836,88.0,4.946467,-73.941175,4.617067,-74.090837,6.6528
2025-03-01,Centro,AV06,12565696,7200.0,4.946467,-73.941175,4.723704455,-74.12314348,544.32
2025-03-17,Centro,AV04,11674643,155.0,5.807142,-73.006556,5.82621,-73.0262,11.718
2025-03-26,Centro,AV26,12436775,500.0,4.596453,-74.148856,4.60287,-74.14647,37.8
2025-03-12,Centro,AV06,10794839,265.3,4.946467,-73.941175,4.69012,-74.0366,20.05668
2025-03-20,Centro,AV47,11788240,480.0,4.541264,-74.251706,4.5804,-74.4455,36.288
2025-03-31,Centro,AV06,12637278,2522.0,4.946467,-73.941175,1.851860173,-76.04231015,190.6632
2025-03-28,Centro,AV50,14046991,518.0,4.742992,-74.164592,4.73791,-74.16065,39.1608
2025-03-04,Centro,AV06,11268397,452.0,4.946467,-73.941175,4.92073,-74.0242,34.1712
2025-03-27,Centro,AV50,10650277,61.4166667,4.742992,-74.164592,4.74346,-74.1221,4.64310000252
2025-03-22,Centro,AV26,13221447,200.0,4.596453,-74.148856,4.599024841,-74.14789657,15.12
2025-03-05,Centro,AV06,12207480,376.0,4.946467,-73.941175,4.963782953,-73.91485868,28.4256
2025-03-11,Centro,AV26,13047321,261.52,4.596453,-74.148856,4.40398226,-74.02454929,19.770912
2025-03-25,Centro,AV47,13849853,220.0,4.541264,-74.251706,4.596548,-74.197851,16.632
2025-03-07,Centro,AV47,12676967,5.3666667,4.541264,-74.251706,4.577885,-74.443888,0.4057200025199999
2025-03-27,Centro,AV50,14241671,67.0,4.742992,-74.164592,4.712148,-74.218138,5.0652
2025-03-06,Centro,AV42,10292016,200.0,5.544456,-73.352553,5.52242,-73.3615,15.12
2025-03-18,Centro,AV06,10795294,22.1,4.946467,-73.941175,4.70363,-74.0413,1.67076
2025-03-15,Centro,AV50,12499059,127.0,4.742992,-74.164592,4.70601106,-74.09347852,9.6012
2025-03-01,Centro,AV50,14175053,900.0,4.742992,-74.164592,4.707255696,-74.21586094,68.04
2025-03-06,Centro,AV42,13203282,10.0,5.544456,-73.352553,5.500034504,-73.33289947,0.756
2025-03-21,Centro,AV06,14136526,240.0,4.946467,-73.941175,5.0230682,-73.970343,18.144
2025-03-10,Centro,AV06,14144703,54.0,4.946467,-73.941175,4.65529,-74.06044,4.0824
2025-03-18,Centro,AV50,13866799,1900.0,4.742992,-74.164592,4.742676,-74.164932,143.64
2025-03-08,Centro,AV26,11379155,4.0,4.596453,-74.148856,4.62193,-74.1678,0.3024
2025-03-11,Centro,AV50,14018361,313.75,4.742992,-74.164592,4.75714,-74.099829,23.7195
2025-03-06,Centro,AV06,14234318,900.0,4.946467,-73.941175,4.63763283,-74.06995454,68.04
2025-03-27,Centro,AV47,11255477,470.0,4.541264,-74.251706,4.632231,-74.464926,35.532000000000004
2025-03-20,Centro,AV50,14175053,1800.0,4.742992,-74.164592,4.707255696,-74.21586094,136.08
2025-03-06,Centro,AV06,10795310,18.5,4.946467,-73.941175,4.6321,-74.0755,1.3986
2025-03-01,Centro,AV50,12488464,210.0,4.742992,-74.164592,4.713582469,-74.21394763,15.876
2025-03-20,Centro,AV42,11730329,107.5,5.544456,-73.352553,5.56347,-73.346564,8.127
2025-03-29,Centro,AV47,12231633,265.0,4.541264,-74.251706,4.5783301,-74.2425625,20.034
2025-03-06,Centro,AV26,14136396,110.0,4.596453,-74.148856,4.5461179,-74.10619086,8.316
2025-03-11,Centro,AV47,11255477,450.0,4.541264,-74.251706,4.632231,-74.464926,34.02
2025-03-04,Centro,AV26,10753140,100.0,4.596453,-74.148856,4.370634,-74.187603,7.56
2025-03-22,Centro,AV04,11874240,150.0,5.807142,-73.006556,5.7094289,-72.933467,11.34
2025-03-04,Centro,AV50,14175053,1800.0,4.742992,-74.164592,4.707255696,-74.21586094,136.08
2025-03-06,Centro,AV06,13969047,1026.6666667,4.946467,-73.941175,4.64254126,-74.07741204,77.61600000252
2025-03-15,Centro,AV06,14228850,3456.0,4.946467,-73.941175,4.60675053,-74.08641235,261.2736
2025-03-19,Centro,AV50,11667608,52.0,4.742992,-74.164592,4.851373037,-74.2688731,3.9312
2025-03-19,Centro,AV06,10794841,320.25,4.946467,-73.941175,4.692325,-74.083317,24.2109
2025-03-20,Centro,AV50,12580142,131.0,4.742992,-74.164592,4.756615,-74.114014,9.9036
2025-03-17,Centro,AV26,10757473,141.4166667,4.596453,-74.148856,4.554051,-74.093696,10.69110000252
2025-03-05,Centro,AV06,10795230,3000.0,4.946467,-73.941175,4.629552,-74.125001,226.8
2025-03-31,Centro,AV47,12676967,272.0,4.541264,-74.251706,4.577885,-74.443888,20.5632
2025-03-26,Centro,AV04,13871266,50.0,5.807142,-73.006556,5.51914731,-72.88562433,3.78
2025-03-06,Centro,AV26,11670636,180.0,4.596453,-74.148856,4.569298,-74.080397,13.608
2025-03-04,Centro,AV06,10794632,350.0,4.946467,-73.941175,4.67961,-74.1076,26.46
2025-03-14,Centro,AV06,10794826,1000.0,4.946467,-73.941175,4.67675,-74.1168,75.6
2025-03-07,Centro,AV06,10795339,36.4,4.946467,-73.941175,4.74906,-74.0971,2.75184
2025-03-20,Centro,AV04,10282280,200.0,5.807142,-73.006556,5.80194,-72.799173,15.12
2025-03-12,Centro,AV06,10794837,424.45,4.946467,-73.941175,4.66261,-74.13209,32.08842
2025-03-26,Centro,AV06,13172099,84.5,4.946467,-73.941175,4.742306,-74.086621,6.3882
2025-03-05,Centro,AV50,13234994,255.0,4.742992,-74.164592,4.710877,-74.108131,19.278
2025-03-11,Centro,AV47,12549072,175.0,4.541264,-74.251706,4.600005032,-74.1804782,13.23
2025-03-06,Centro,AV04,10279095,480.0,5.807142,-73.006556,5.80617,-73.00564,36.288
2025-03-20,Centro,AV06,10598284,470.0,4.946467,-73.941175,4.68517,-74.0894,35.532000000000004
2025-03-10,Centro,AV50,12399495,450.0,4.742992,-74.164592,4.728201,-74.219292,34.02
2025-03-21,Centro,AV06,11325369,54.8,4.946467,-73.941175,4.88527,-74.0368,4.14288
2025-03-22,Centro,AV06,10795339,927.4,4.946467,-73.941175,4.74906,-74.0971,70.11144
2025-03-20,Centro,AV06,10795263,56.45,4.946467,-73.941175,4.631956,-74.124151,4.26762
2025-03-26,Centro,AV06,12291574,1700.0,4.946467,-73.941175,2.55768,-72.638,128.52
2025-03-07,Centro,AV50,12930072,470.0,4.742992,-74.164592,4.743923531,-74.09349544,35.532000000000004
2025-03-05,Centro,AV06,13027932,18.0,4.946467,-73.941175,4.639718799,-74.07337601,1.3608
2025-03-01,Centro,AV50,11199877,4.0,4.742992,-74.164592,4.714186,-74.219022,0.3024
2025-03-18,Centro,AV04,12291672,2400.0,5.807142,-73.006556,5.805537,-73.004589,181.44
2025-03-20,Centro,AV06,12955370,100.25,4.946467,-73.941175,4.732054621,-74.02572058,7.5789
2025-03-03,Centro,AV50,11875087,450.0,4.742992,-74.164592,4.693936,-74.122116,34.02
2025-03-21,Centro,AV04,11522328,510.0,5.807142,-73.006556,5.82610206,-73.025819,38.556
2025-03-03,Centro,AV06,13027924,72.7,4.946467,-73.941175,4.732307319,-74.04493192,5.49612
2025-03-25,Centro,AV26,13184232,258.0,4.596453,-74.148856,4.55314082,-74.15900274,19.5048
2025-03-17,Centro,AV50,12297130,105.0,4.742992,-74.164592,4.728168,-74.093705,7.938
2025-03-20,Centro,AV26,12575798,800.0,4.596453,-74.148856,4.57086917,-74.09455217,60.48
2025-03-29,Centro,AV06,12592168,61.0,4.946467,-73.941175,4.904824,-73.943356,4.6116
2025-03-01,Centro,AV50,12620287,216.8,4.742992,-74.164592,5.129153532,-74.3945193,16.39008
2025-03-13,Centro,AV26,12751277,282.0,4.596453,-74.148856,4.5786192,-74.1138589,21.3192
2025-03-04,Centro,AV06,10795272,60.2,4.946467,-73.941175,4.76102,-74.0441,4.55112
2025-03-20,Centro,AV06,12565696,1500.0,4.946467,-73.941175,4.723704455,-74.12314348,113.4
2025-03-04,Centro,AV04,11790664,20.0,5.807142,-73.006556,5.8143381,-73.031465,1.512
2025-03-20,Centro,AV04,12291672,3840.0,5.807142,-73.006556,5.805537,-73.004589,290.304
2025-03-06,Centro,AV26,13200008,501.75,4.596453,-74.148856,4.565739,-74.101753,37.9323
2025-03-11,Centro,AV50,14121538,50.0,4.742992,-74.164592,4.9949002,-74.3384418,3.78
2025-03-21,Centro,AV26,10755524,450.0,4.596453,-74.148856,4.5066,-74.1475,34.02
2025-03-22,Centro,AV04,12291292,4800.0,5.807142,-73.006556,5.805537,-73.004589,362.88
2025-03-05,Centro,AV06,13027935,24.0,4.946467,-73.941175,4.664516,-74.056235,1.8144
2025-03-28,Centro,AV26,13227016,140.0,4.596453,-74.148856,4.456089,-74.132163,10.584
2025-03-08,Centro,AV50,12499059,19.3333333,4.742992,-74.164592,4.70601106,-74.09347852,1.46159999748
2025-03-26,Centro,AV06,10795331,20.75,4.946467,-73.941175,4.65374,-74.1095,1.5687
2025-03-18,Centro,AV06,10794836,4000.0,4.946467,-73.941175,4.617067,-74.090837,302.4
2025-03-31,Centro,AV50,10592899,450.0,4.742992,-74.164592,4.81463,-74.3502,34.02
2025-03-25,Centro,AV42,10297082,480.0,5.544456,-73.352553,5.652462,-73.653313,36.288
2025-03-04,Centro,AV06,12201193,340.5,4.946467,-73.941175,4.710608514,-74.05899132,25.7418
2025-03-15,Centro,AV47,13849853,200.0,4.541264,-74.251706,4.596548,-74.197851,15.12
2025-03-14,Centro,AV04,12291672,1648.0,5.807142,-73.006556,5.805537,-73.004589,124.5888
2025-03-17,Centro,AV06,13469288,152.0,4.946467,-73.941175,4.737975642,-74.02879354,11.4912
2025-03-07,Centro,AV50,14046991,358.0,4.742992,-74.164592,4.73791,-74.16065,27.0648
2025-03-25,Centro,AV42,14023747,316.0,5.544456,-73.352553,5.614839,-73.56659,23.8896
2025-03-31,Centro,AV06,13027927,85.5333333,4.946467,-73.941175,4.726194,-74.055209,6.466319997479999
2025-03-01,Centro,AV06,10795225,400.0,4.946467,-73.941175,4.74047,-74.064,30.24
2025-03-28,Centro,AV06,13975701,500.0,4.946467,-73.941175,4.648427,-74.060859,37.8
2025-03-21,Centro,AV50,13400681,165.0,4.742992,-74.164592,4.996702164,-74.34008451,12.474
2025-03-05,Centro,AV06,14234318,1000.0,4.946467,-73.941175,4.63763283,-74.06995454,75.6
2025-03-10,Centro,AV04,12537667,485.0,5.807142,-73.006556,5.78107081,-73.12024286,36.666
2025-03-03,Centro,AV06,12404538,4000.0,4.946467,-73.941175,4.6065,-74.0837,302.4
2025-03-19,Centro,AV06,13027936,77.2,4.946467,-73.941175,4.680525,-74.050063,5.836320000000001
2025-03-22,Centro,AV06,10795304,51.0,4.946467,-73.941175,4.66689,-74.0499,3.8556
2025-03-06,Centro,AV50,12549078,200.0,4.742992,-74.164592,4.8124403,-74.34956,15.12
2025-03-21,Centro,AV06,10795336,373.75,4.946467,-73.941175,4.68776,-74.0514,28.2555
2025-03-25,Centro,AV26,10771994,1000.0,4.596453,-74.148856,4.57196,-74.0933,75.6
2025-03-18,Centro,AV04,12291672,4800.0,5.807142,-73.006556,5.805537,-73.004589,362.88
2025-03-19,Centro,AV06,14234942,1200.0,4.946467,-73.941175,4.60608827,-74.08382884,90.72
2025-03-07,Centro,AV04,11790664,27.0,5.807142,-73.006556,5.8143381,-73.031465,2.0412
2025-03-22,Centro,AV04,10314592,134.35,5.807142,-73.006556,5.715429656,-72.92936,10.15686
2025-03-07,Centro,AV06,13114895,27.0,4.946467,-73.941175,4.701902481,-74.03092152,2.0412
2025-03-03,Centro,AV47,13409261,490.0,4.541264,-74.251706,4.570519666,-74.23725,37.044
2025-03-11,Centro,AV47,10633887,450.0,4.541264,-74.251706,4.64906,-74.414,34.02
2025-03-22,Centro,AV50,13725910,177.0,4.742992,-74.164592,4.732428582,-74.09620625,13.3812
2025-03-06,Centro,AV26,12752013,333.0,4.596453,-74.148856,4.548462,-74.093207,25.1748
2025-03-15,Centro,AV06,14060458,1620.0,4.946467,-73.941175,3.625529,-75.093183,122.472
2025-03-27,Centro,AV47,13495219,138.0,4.541264,-74.251706,4.590032,-74.193944,10.4328
2025-03-25,Centro,AV47,14013391,150.0,4.541264,-74.251706,4.578067,-74.4440807,11.34
2025-03-31,Centro,AV04,11702610,500.0,5.807142,-73.006556,5.782401,-73.115921,37.8
2025-03-20,Centro,AV50,12783067,115.0,4.742992,-74.164592,5.004283036,-74.47233542,8.694
2025-03-11,Centro,AV06,14234261,807.0,4.946467,-73.941175,4.75279326,-74.04555369,61.0092
2025-03-28,Centro,AV50,12399495,450.0,4.742992,-74.164592,4.728201,-74.219292,34.02
2025-03-08,Centro,AV06,12976163,326.0,4.946467,-73.941175,4.67237,-74.15053,24.6456
2025-03-29,Centro,AV47,12231633,490.0,4.541264,-74.251706,4.5783301,-74.2425625,37.044
2025-03-11,Centro,AV26,11487790,500.0,4.596453,-74.148856,4.572063,-74.094715,37.8
2025-03-11,Centro,AV50,10794823,27.25,4.742992,-74.164592,4.702974,-74.222416,2.0601
2025-03-15,Centro,AV47,10623895,201.0,4.541264,-74.251706,4.63211,-74.4531,15.1956
2025-03-11,Centro,AV47,12408426,470.0,4.541264,-74.251706,4.540471,-74.25511,35.532000000000004
2025-03-07,Centro,AV06,10794820,44.8,4.946467,-73.941175,4.76339,-74.0466,3.3868799999999997
2025-03-26,Centro,AV47,12231633,110.0,4.541264,-74.251706,4.5783301,-74.2425625,8.316
2025-03-07,Centro,AV50,14018361,114.0,4.742992,-74.164592,4.75714,-74.099829,8.6184
2025-03-31,Centro,AV06,11468625,480.0,4.946467,-73.941175,5.08345,-73.3664,36.288
2025-03-21,Centro,AV06,10795161,25.0,4.946467,-73.941175,4.72711,-74.0654,1.89
2025-03-03,Centro,AV47,11788240,480.0,4.541264,-74.251706,4.5804,-74.4455,36.288
2025-03-08,Centro,AV06,12565696,1800.0,4.946467,-73.941175,4.723704455,-74.12314348,136.08
2025-03-30,Centro,AV06,12565696,900.0,4.946467,-73.941175,4.723704455,-74.12314348,68.04
2025-03-10,Centro,AV47,10637355,175.0,4.541264,-74.251706,4.407317,-74.387517,13.23
2025-03-22,Centro,AV47,11019248,40.0,4.541264,-74.251706,4.57208,-74.168,3.024
2025-03-01,Centro,AV04,10314597,425.0,5.807142,-73.006556,5.712672589,-72.9311829,32.13
2025-03-11,Centro,AV26,10933055,88.0,4.596453,-74.148856,4.46202,-74.1296,6.6528
2025-03-03,Centro,AV47,13409261,490.0,4.541264,-74.251706,4.570519666,-74.23725,37.044
2025-03-06,Centro,AV06,10795230,8000.0,4.946467,-73.941175,4.629552,-74.125001,604.8
2025-03-31,Centro,AV47,13971914,400.0,4.541264,-74.251706,4.6163854,-74.1879468,30.24
2025-03-17,Centro,AV06,14234261,1110.0,4.946467,-73.941175,4.75279326,-74.04555369,83.916
2025-03-19,Centro,AV04,12291672,3744.0,5.807142,-73.006556,5.805537,-73.004589,283.0464
2025-03-07,Centro,AV06,13027932,107.4,4.946467,-73.941175,4.639718799,-74.07337601,8.11944
2025-03-04,Centro,AV47,10794821,357.4,4.541264,-74.251706,4.589759,-74.204982,27.01944
2025-03-20,Centro,AV26,12575798,5.0,4.596453,-74.148856,4.57086917,-74.09455217,0.378
2025-03-17,Centro,AV06,13969047,462.0,4.946467,-73.941175,4.64254126,-74.07741204,34.9272
2025-03-25,Centro,AV50,13866799,464.0,4.742992,-74.164592,4.742676,-74.164932,35.0784
2025-03-01,Centro,AV47,12408426,500.0,4.541264,-74.251706,4.540471,-74.25511,37.8
2025-03-20,Centro,AV26,12767171,600.0,4.596453,-74.148856,4.600081412,-74.16501213,45.36
2025-03-31,Centro,AV06,13027925,108.0,4.946467,-73.941175,4.705158511,-74.07078,8.1648
2025-03-15,Centro,AV50,11349249,82.0,4.742992,-74.164592,4.73513,-74.101089,6.1992
2025-03-21,Centro,AV50,12399495,290.0,4.742992,-74.164592,4.728201,-74.219292,21.924
2025-03-14,Centro,AV26,10794828,300.0,4.596453,-74.148856,4.63195,-74.146,22.68
2025-03-29,Centro,AV06,12404538,4000.0,4.946467,-73.941175,4.6065,-74.0837,302.4
2025-03-28,Centro,AV47,13855020,486.0,4.541264,-74.251706,4.326515,-74.4033,36.7416
2025-03-22,Centro,AV06,10795264,1013.0,4.946467,-73.941175,4.59352,-74.1244,76.5828
2025-03-17,Centro,AV42,10292016,200.0,5.544456,-73.352553,5.52242,-73.3615,15.12
2025-03-06,Centro,AV47,10623895,500.0,4.541264,-74.251706,4.63211,-74.4531,37.8
2025-03-06,Centro,AV26,10771994,500.0,4.596453,-74.148856,4.57196,-74.0933,37.8
2025-03-27,Centro,AV26,10744947,37.0,4.596453,-74.148856,4.5649221,-74.12598261,2.7972
2025-03-12,Centro,AV42,11730329,140.0,5.544456,-73.352553,5.56347,-73.346564,10.584
2025-03-25,Centro,AV06,13027925,63.5,4.946467,-73.941175,4.705158511,-74.07078,4.8006
2025-03-04,Centro,AV47,12170393,269.0,4.541264,-74.251706,4.63768,-74.5195,20.3364
2025-03-18,Centro,AV26,11487790,1050.0,4.596453,-74.148856,4.572063,-74.094715,79.38
2025-03-31,Centro,AV06,12734639,96.0,4.946467,-73.941175,4.738837655,-74.02750148,7.2576
2025-03-25,Centro,AV06,13716030,17.0,4.946467,-73.941175,5.346726086,-73.51313679,1.2852
2025-03-14,Centro,AV26,11487790,500.0,4.596453,-74.148856,4.572063,-74.094715,37.8
2025-03-31,Centro,AV47,11372715,450.0,4.541264,-74.251706,4.573843,-74.162496,34.02
2025-03-14,Centro,AV42,11730329,157.0,5.544456,-73.352553,5.56347,-73.346564,11.8692
2025-03-27,Centro,AV04,12803863,500.0,5.807142,-73.006556,5.5627,-73.183,37.8
2025-03-05,Centro,AV06,12594389,172.0,4.946467,-73.941175,5.024403267,-74.00954433,13.0032
2025-03-06,Centro,AV42,11194949,60.0,5.544456,-73.352553,5.536846,-73.366079,4.536
2025-03-05,Centro,AV26,11061177,316.0,4.596453,-74.148856,4.6175,-74.1654,23.8896
2025-03-23,Centro,AV04,12459839,150.0,5.807142,-73.006556,5.806357,-73.005643,11.34
2025-03-11,Centro,AV04,11383983,524.0,5.807142,-73.006556,5.808149,-73.026729,39.6144
2025-03-19,Centro,AV06,10795331,103.25,4.946467,-73.941175,4.65374,-74.1095,7.8057
2025-03-08,Centro,AV06,14130070,450.0,4.946467,-73.941175,4.720915,-73.967129,34.02
2025-03-06,Centro,AV26,11487790,1000.0,4.596453,-74.148856,4.572063,-74.094715,75.6
2025-03-04,Centro,AV50,14175053,900.0,4.742992,-74.164592,4.707255696,-74.21586094,68.04
2025-03-05,Centro,AV26,10607681,60.0,4.596453,-74.148856,4.621239,-74.153751,4.536
2025-03-31,Centro,AV47,12231633,70.0,4.541264,-74.251706,4.5783301,-74.2425625,5.292
2025-03-10,Centro,AV26,12754826,462.1666666,4.596453,-74.148856,4.566603809,-74.08116971,34.93979999496
2025-03-26,Centro,AV47,14013391,478.2222222,4.541264,-74.251706,4.578067,-74.4440807,36.15359999832
2025-03-27,Centro,AV47,13409261,605.0,4.541264,-74.251706,4.570519666,-74.23725,45.738
2025-03-18,Centro,AV04,12632206,708.0,5.807142,-73.006556,5.525715,-73.3452019,53.5248
2025-03-10,Centro,AV50,10634200,342.0,4.742992,-74.164592,4.78465,-74.3323,25.8552
2025-03-21,Centro,AV06,10795180,562.0,4.946467,-73.941175,4.85152,-74.0295,42.4872
2025-03-22,Centro,AV04,13196543,70.0,5.807142,-73.006556,5.718660305,-72.939781,5.292
2025-03-19,Centro,AV06,10795219,2000.0,4.946467,-73.941175,4.72112517,-74.12188288,151.2
2025-03-15,Centro,AV26,12436775,500.0,4.596453,-74.148856,4.60287,-74.14647,37.8
2025-03-31,Centro,AV26,14028107,1.75,4.596453,-74.148856,4.55676041,-74.109222,0.1323
2025-03-17,Centro,AV50,10587658,450.0,4.742992,-74.164592,4.74348,-74.1221,34.02
2025-03-03,Centro,AV06,14228850,1710.0,4.946467,-73.941175,4.60675053,-74.08641235,129.276
2025-03-05,Centro,AV06,10794839,436.0,4.946467,-73.941175,4.69012,-74.0366,32.9616
2025-03-22,Centro,AV06,12459391,17.0,4.946467,-73.941175,5.03249462,-73.99470548,1.2852
2025-03-03,Centro,AV26,10771994,100.0,4.596453,-74.148856,4.57196,-74.0933,7.56
2025-03-08,Centro,AV26,12551327,162.0,4.596453,-74.148856,4.590592,-74.154526,12.2472
2025-03-07,Centro,AV06,10794836,1000.0,4.946467,-73.941175,4.617067,-74.090837,75.6
2025-03-20,Centro,AV06,10598284,470.0,4.946467,-73.941175,4.68517,-74.0894,35.532000000000004
2025-03-18,Centro,AV06,10794826,1007.0,4.946467,-73.941175,4.67675,-74.1168,76.1292
2025-03-08,Centro,AV47,13997851,89.25,4.541264,-74.251706,4.33549402,-74.362647,6.7473
2025-03-17,Centro,AV06,13969057,101.0,4.946467,-73.941175,5.219172777,-73.45740583,7.6356
2025-03-29,Centro,AV26,10584114,432.0,4.596453,-74.148856,4.64380959,-74.063973,32.6592
2025-03-25,Centro,AV06,12291574,1700.0,4.946467,-73.941175,2.55768,-72.638,128.52
2025-03-11,Centro,AV50,13400681,110.0,4.742992,-74.164592,4.996702164,-74.34008451,8.316
2025-03-10,Centro,AV42,13205019,50.0,5.544456,-73.352553,5.50021727,-73.33286303,3.78
2025-03-26,Centro,AV04,12291366,657.0,5.807142,-73.006556,5.805537,-73.004589,49.6692
2025-03-19,Centro,AV26,12436775,500.0,4.596453,-74.148856,4.60287,-74.14647,37.8
2025-03-17,Centro,AV47,11036318,34.5,4.541264,-74.251706,4.60178141,-74.18254633,2.6082
2025-03-07,Centro,AV26,13515444,120.0,4.596453,-74.148856,4.563871173,-74.14415934,9.072
2025-03-28,Centro,AV26,14046990,825.0,4.596453,-74.148856,4.59661,-74.14933,62.37
2025-03-20,Centro,AV50,12937600,36.0,4.742992,-74.164592,4.731025711,-74.43521896,2.7216
2025-03-04,Centro,AV06,12291574,2284.0,4.946467,-73.941175,2.55768,-72.638,172.6704
2025-03-07,Centro,AV50,12399495,450.0,4.742992,-74.164592,4.728201,-74.219292,34.02
2025-03-25,Centro,AV47,13075818,210.0,4.541264,-74.251706,4.329918852,-74.39155623,15.876
2025-03-18,Centro,AV26,10771994,215.0,4.596453,-74.148856,4.57196,-74.0933,16.254
2025-03-26,Centro,AV06,10794839,161.4,4.946467,-73.941175,4.69012,-74.0366,12.20184
2025-03-18,Centro,AV06,12298011,470.0,4.946467,-73.941175,5.0792216,-73.3639895,35.532000000000004
2025-03-27,Centro,AV42,13203282,151.0,5.544456,-73.352553,5.500034504,-73.33289947,11.4156
2025-03-18,Centro,AV26,12109406,316.0,4.596453,-74.148856,4.627036478,-74.14946091,23.8896
2025-03-14,Centro,AV06,14234318,400.0,4.946467,-73.941175,4.63763283,-74.06995454,30.24
2025-03-18,Centro,AV47,13997851,255.0,4.541264,-74.251706,4.33549402,-74.362647,19.278
2025-03-04,Centro,AV50,10791021,547.5,4.742992,-74.164592,4.81207,-74.3542,41.391
2025-03-01,Centro,AV04,12291658,1995.0,5.807142,-73.006556,5.805537,-73.004589,150.822
2025-03-06,Centro,AV06,12996139,450.0,4.946467,-73.941175,4.62811,-74.160094,34.02
2025-03-22,Centro,AV06,11598825,1000.0,4.946467,-73.941175,4.60566,-74.0841,75.6
2025-03-17,Centro,AV06,10791145,1000.0,4.946467,-73.941175,5.02783,-73.9997,75.6
2025-03-18,Centro,AV06,10791145,271.0,4.946467,-73.941175,5.02783,-73.9997,20.4876
2025-03-10,Centro,AV06,13027930,68.2,4.946467,-73.941175,4.688543896,-74.0473645,5.15592
2025-03-07,Centro,AV47,12761449,50.0,4.541264,-74.251706,4.343973,-74.377068,3.78
2025-03-25,Centro,AV06,10795441,1000.0,4.946467,-73.941175,4.77137,-74.0404,75.6
2025-03-03,Centro,AV06,10794820,73.3,4.946467,-73.941175,4.76339,-74.0466,5.54148
2025-03-02,Centro,AV04,13929223,485.0,5.807142,-73.006556,5.56090395,-72.57729,36.666
2025-03-05,Centro,AV06,10795335,42.7333333,4.946467,-73.941175,4.70021,-74.1155,3.23063999748
2025-03-21,Centro,AV47,13945963,200.0,4.541264,-74.251706,4.57213145,-74.222751,15.12
2025-03-03,Centro,AV06,10795261,431.45,4.946467,-73.941175,4.71272,-74.0344,32.61762
2025-03-29,Centro,AV06,12594389,110.0,4.946467,-73.941175,5.024403267,-74.00954433,8.316
2025-03-26,Centro,AV47,10596108,530.0,4.541264,-74.251706,4.333963,-74.363534,40.068
2025-03-06,Centro,AV06,13651177,230.25,4.946467,-73.941175,4.6490629,-74.124193,17.4069
2025-03-18,Centro,AV06,13848816,3072.0,4.946467,-73.941175,3.72002778,-75.484073,232.2432
2025-03-08,Centro,AV47,12938968,230.0,4.541264,-74.251706,4.308250101,-74.29906227,17.388
2025-03-26,Centro,AV47,14242114,825.0,4.541264,-74.251706,4.32876,-74.38622,62.37
2025-03-03,Centro,AV47,13409261,490.0,4.541264,-74.251706,4.570519666,-74.23725,37.044
2025-03-07,Centro,AV06,12291320,1650.0,4.946467,-73.941175,4.176519148,-73.64177585,124.74
2025-03-12,Centro,AV50,13866799,880.0,4.742992,-74.164592,4.742676,-74.164932,66.528
2025-03-14,Centro,AV06,13027925,54.9,4.946467,-73.941175,4.705158511,-74.07078,4.15044
2025-03-13,Centro,AV06,13475905,16.0,4.946467,-73.941175,4.858848616,-74.06224406,1.2096
2025-03-19,Centro,AV06,12468175,1000.0,4.946467,-73.941175,4.6064848,-74.08507,75.6
2025-03-19,Centro,AV26,12749745,732.8333333,4.596453,-74.148856,4.33151,-73.871344,55.40219999748
2025-03-05,Centro,AV06,10483231,94.0,4.946467,-73.941175,4.96319,-73.9266,7.1064
2025-03-11,Centro,AV04,12291292,1620.0,5.807142,-73.006556,5.805537,-73.004589,122.472
2025-03-17,Centro,AV50,12186829,461.0,4.742992,-74.164592,4.751755,-74.144885,34.8516
2025-03-13,Centro,AV47,10769925,240.0,4.541264,-74.251706,4.60073,-74.189,18.144
2025-03-07,Centro,AV47,12547383,1097.0,4.541264,-74.251706,4.327155,-74.403891,82.9332
2025-03-20,Centro,AV50,13719685,30.0,4.742992,-74.164592,4.70747,-74.23193,2.268
2025-03-07,Centro,AV04,10314591,105.6666667,5.807142,-73.006556,5.826054498,-73.0333059,7.98840000252
2025-03-17,Centro,AV06,10795311,34.1666667,4.946467,-73.941175,4.64266,-74.0757,2.58300000252
2025-03-22,Centro,AV26,11487790,1250.0,4.596453,-74.148856,4.572063,-74.094715,94.5
2025-03-22,Centro,AV26,12620294,500.0,4.596453,-74.148856,4.408011,-73.95057,37.8
2025-03-28,Centro,AV50,11702125,460.0,4.742992,-74.164592,5.11716,-74.3459,34.776
2025-03-26,Centro,AV06,12291605,1620.0,4.946467,-73.941175,4.949344,-73.94424999,122.472
2025-03-29,Centro,AV06,11757042,359.0,4.946467,-73.941175,4.74046,-74.0429,27.1404
2025-03-10,Centro,AV47,13397914,150.0,4.541264,-74.251706,4.622057692,-74.19658869,11.34
2025-03-25,Centro,AV06,10795264,500.0,4.946467,-73.941175,4.59352,-74.1244,37.8
2025-03-10,Centro,AV04,10279115,465.0,5.807142,-73.006556,5.825424,-73.03205,35.154
2025-03-05,Centro,AV50,14175053,1800.0,4.742992,-74.164592,4.707255696,-74.21586094,136.08
2025-03-18,Centro,AV06,13212663,226.0,4.946467,-73.941175,4.988522714,-73.87359044,17.0856
2025-03-08,Centro,AV06,10491374,80.0,4.946467,-73.941175,5.02941,-73.9904,6.048
2025-03-04,Centro,AV06,10794841,150.0,4.946467,-73.941175,4.692325,-74.083317,11.34
2025-03-18,Centro,AV50,12532263,85.0,4.742992,-74.164592,4.735897491,-74.26588789,6.426
2025-03-03,Centro,AV26,12109406,324.0,4.596453,-74.148856,4.627036478,-74.14946091,24.4944
2025-03-31,Centro,AV26,12752013,220.0,4.596453,-74.148856,4.548462,-74.093207,16.632
2025-03-08,Centro,AV26,11343110,170.0,4.596453,-74.148856,4.58003937,-74.13044181,12.852
2025-03-27,Centro,AV06,14121551,900.0,4.946467,-73.941175,4.62709004,-74.09909111,68.04
2025-03-07,Centro,AV50,13866799,2600.0,4.742992,-74.164592,4.742676,-74.164932,196.56
2025-03-01,Centro,AV04,11702610,200.0,5.807142,-73.006556,5.782401,-73.115921,15.12
2025-03-30,Centro,AV47,10770560,480.0,4.541264,-74.251706,4.48942,-74.2598,36.288
2025-03-05,Centro,AV06,10795261,1000.0,4.946467,-73.941175,4.71272,-74.0344,75.6
2025-03-18,Centro,AV06,12727839,800.0,4.946467,-73.941175,4.702051327,-74.18407664,60.48
2025-03-26,Centro,AV50,12297130,480.0,4.742992,-74.164592,4.728168,-74.093705,36.288
2025-03-19,Centro,AV06,11188850,600.0,4.946467,-73.941175,4.940174,-73.943858,45.36
2025-03-21,Centro,AV06,11240272,108.0,4.946467,-73.941175,4.7124,-74.0711,8.1648
2025-03-17,Centro,AV06,10794834,9.5,4.946467,-73.941175,4.7573,-74.0645,0.7182
2025-03-13,Centro,AV42,12533878,224.0,5.544456,-73.352553,5.50041729,-73.33237997,16.9344
2025-03-07,Centro,AV06,13027935,35.4,4.946467,-73.941175,4.664516,-74.056235,2.67624
2025-03-01,Centro,AV06,12565696,3600.0,4.946467,-73.941175,4.723704455,-74.12314348,272.16
2025-03-18,Centro,AV26,12767171,400.0,4.596453,-74.148856,4.600081412,-74.16501213,30.24
2025-03-12,Centro,AV50,14073246,719.0,4.742992,-74.164592,4.77281,-74.16497,54.3564
2025-03-13,Centro,AV06,10795335,6.0,4.946467,-73.941175,4.70021,-74.1155,0.4536
2025-03-06,Centro,AV47,13397914,106.9166665,4.541264,-74.251706,4.622057692,-74.19658869,8.082899987400001
2025-03-31,Centro,AV06,13969057,88.0,4.946467,-73.941175,5.219172777,-73.45740583,6.6528
2025-03-31,Centro,AV06,12282136,3624.0,4.946467,-73.941175,4.628470408,-74.16017318,273.9744
2025-03-05,Centro,AV06,10795219,1000.0,4.946467,-73.941175,4.72112517,-74.12188288,75.6
2025-03-22,Centro,AV42,11194949,350.0,5.544456,-73.352553,5.536846,-73.366079,26.46
2025-03-26,Centro,AV06,10794837,50.0,4.946467,-73.941175,4.66261,-74.13209,3.78
2025-03-03,Centro,AV26,11487790,1000.0,4.596453,-74.148856,4.572063,-74.094715,75.6
2025-03-07,Centro,AV47,13807597,110.0,4.541264,-74.251706,4.271503977,-74.41609114,8.316
2025-03-23,Centro,AV06,10795441,1000.0,4.946467,-73.941175,4.77137,-74.0404,75.6
2025-03-10,Centro,AV42,10279105,488.0,5.544456,-73.352553,5.403232,-73.335933,36.8928
2025-03-27,Centro,AV26,12751277,153.6666667,4.596453,-74.148856,4.5786192,-74.1138589,11.61720000252
2025-03-20,Centro,AV47,14161351,460.08,4.541264,-74.251706,4.57983365,-74.17998191,34.782047999999996
2025-03-19,Centro,AV06,10795442,500.0,4.946467,-73.941175,4.69719,-74.087,37.8
2025-03-03,Centro,AV06,12565696,2000.0,4.946467,-73.941175,4.723704455,-74.12314348,151.2
2025-03-29,Centro,AV06,10598284,250.0,4.946467,-73.941175,4.68517,-74.0894,18.9
2025-03-14,Centro,AV26,10607681,142.0,4.596453,-74.148856,4.621239,-74.153751,10.7352
2025-03-05,Centro,AV06,13114888,18.0,4.946467,-73.941175,4.61955,-74.06643,1.3608
2025-03-26,Centro,AV06,13949640,2334.0,4.946467,-73.941175,3.53789,-73.7042,176.4504
2025-03-25,Centro,AV26,14171456,350.0,4.596453,-74.148856,4.611028,-74.136923,26.46
2025-03-07,Centro,AV47,14242114,300.0,4.541264,-74.251706,4.32876,-74.38622,22.68
2025-03-26,Centro,AV06,10794826,1000.0,4.946467,-73.941175,4.67675,-74.1168,75.6
2025-03-15,Centro,AV06,10794838,403.35,4.946467,-73.941175,4.74957,-74.0968,30.493260000000003
2025-03-28,Centro,AV06,11279874,268.0,4.946467,-73.941175,4.665369,-74.1105,20.2608
2025-03-20,Centro,AV06,13027935,22.1666667,4.946467,-73.941175,4.664516,-74.056235,1.67580000252
2025-03-21,Centro,AV06,10795339,1000.0,4.946467,-73.941175,4.74906,-74.0971,75.6
2025-03-12,Centro,AV47,13849853,450.0,4.541264,-74.251706,4.596548,-74.197851,34.02
2025-03-17,Centro,AV06,12565696,1500.0,4.946467,-73.941175,4.723704455,-74.12314348,113.4
2025-03-13,Centro,AV47,14126343,475.0,4.541264,-74.251706,4.342643462,-74.36591,35.910000000000004
2025-03-27,Centro,AV26,13749431,250.0,4.596453,-74.148856,4.60543236,-74.13633567,18.9
2025-03-13,Centro,AV26,12752013,450.0,4.596453,-74.148856,4.548462,-74.093207,34.02
2025-03-21,Centro,AV50,11349249,195.0,4.742992,-74.164592,4.73513,-74.101089,14.742
2025-03-31,Centro,AV26,13923102,277.25,4.596453,-74.148856,4.5797734,-74.127761,20.9601
2025-03-17,Centro,AV50,12399495,450.0,4.742992,-74.164592,4.728201,-74.219292,34.02
2025-03-20,Centro,AV50,13521177,449.0,4.742992,-74.164592,4.735906631,-74.25319652,33.9444
2025-03-19,Centro,AV47,12504113,450.0,4.541264,-74.251706,4.4548752,-74.37992376,34.02
2025-03-25,Centro,AV04,11702610,300.0,5.807142,-73.006556,5.782401,-73.115921,22.68
2025-03-18,Centro,AV50,10679116,118.0,4.742992,-74.164592,4.725908,-74.092818,8.9208
2025-03-17,Centro,AV42,12461640,495.0,5.544456,-73.352553,5.509702,-73.373098,37.422
2025-03-19,Centro,AV06,13975701,600.0,4.946467,-73.941175,4.648427,-74.060859,45.36
2025-03-21,Centro,AV47,10623895,505.0,4.541264,-74.251706,4.63211,-74.4531,38.178
2025-03-22,Centro,AV04,13871266,50.0,5.807142,-73.006556,5.51914731,-72.88562433,3.78
2025-03-18,Centro,AV04,10288879,513.0,5.807142,-73.006556,5.69004,-73.229,38.7828
2025-03-19,Centro,AV26,12718397,160.0,4.596453,-74.148856,4.613049,-74.143699,12.096
2025-03-20,Centro,AV06,10795335,30.0,4.946467,-73.941175,4.70021,-74.1155,2.268
2025-03-12,Centro,AV26,13184232,164.0,4.596453,-74.148856,4.55314082,-74.15900274,12.3984
2025-03-19,Centro,AV06,14121551,1500.0,4.946467,-73.941175,4.62709004,-74.09909111,113.4
2025-03-26,Centro,AV50,12499059,65.3833333,4.742992,-74.164592,4.70601106,-74.09347852,4.94297999748
2025-03-31,Centro,AV50,10592899,455.0,4.742992,-74.164592,4.81463,-74.3502,34.398
2025-03-12,Centro,AV50,12297130,51.0,4.742992,-74.164592,4.728168,-74.093705,3.8556
2025-03-01,Centro,AV47,12684327,450.0,4.541264,-74.251706,4.5862,-74.211721,34.02
2025-03-29,Centro,AV06,13975701,582.5833333,4.946467,-73.941175,4.648427,-74.060859,44.043299997480005
2025-03-05,Centro,AV26,10761840,260.0,4.596453,-74.148856,4.61977,-74.1732,19.656
2025-03-01,Centro,AV42,13901899,500.0,5.544456,-73.352553,5.51417,-73.36679,37.8
2025-03-26,Centro,AV06,12743623,51.0,4.946467,-73.941175,4.947990606,-73.9227088,3.8556
2025-03-13,Centro,AV50,14265717,125.0,4.742992,-74.164592,4.746062,-74.123646,9.45
2025-03-22,Centro,AV50,14214600,150.0,4.742992,-74.164592,4.716938347,-74.21356135,11.34
2025-03-28,Centro,AV50,13328342,410.0,4.742992,-74.164592,4.705759797,-74.20956137,30.996
2025-03-28,Centro,AV50,14018361,209.0,4.742992,-74.164592,4.75714,-74.099829,15.8004
2025-03-29,Centro,AV47,12408426,470.0,4.541264,-74.251706,4.540471,-74.25511,35.532000000000004
2025-03-07,Centro,AV06,10795335,32.6,4.946467,-73.941175,4.70021,-74.1155,2.46456
2025-03-21,Centro,AV04,13929223,400.0,5.807142,-73.006556,5.56090395,-72.57729,30.24
2025-03-27,Centro,AV47,11308111,242.0,4.541264,-74.251706,4.611537,-74.22155,18.2952
2025-03-05,Centro,AV47,13849853,400.0,4.541264,-74.251706,4.596548,-74.197851,30.24
2025-03-11,Centro,AV06,10560251,102.0,4.946467,-73.941175,5.14431,-73.6865,7.7112
2025-03-31,Centro,AV47,14126343,450.0,4.541264,-74.251706,4.342643462,-74.36591,34.02
2025-03-22,Centro,AV47,12549072,500.0,4.541264,-74.251706,4.600005032,-74.1804782,37.8
2025-03-27,Centro,AV06,10795294,370.75,4.946467,-73.941175,4.70363,-74.0413,28.0287
2025-03-21,Centro,AV06,12594389,80.0,4.946467,-73.941175,5.024403267,-74.00954433,6.048
2025-03-31,Centro,AV50,10639080,450.0,4.742992,-74.164592,4.76032,-74.4665,34.02
2025-03-20,Centro,AV06,13723755,800.0,4.946467,-73.941175,4.60349,-74.08485,60.48
2025-03-31,Centro,AV47,12549072,500.0,4.541264,-74.251706,4.600005032,-74.1804782,37.8
2025-03-08,Centro,AV06,14228850,256.0,4.946467,-73.941175,4.60675053,-74.08641235,19.3536
2025-03-25,Centro,AV50,14175053,1512.5,4.742992,-74.164592,4.707255696,-74.21586094,114.345
2025-03-23,Centro,AV47,13409261,490.0,4.541264,-74.251706,4.570519666,-74.23725,37.044
2025-03-31,Centro,AV26,14171456,450.0,4.596453,-74.148856,4.611028,-74.136923,34.02
2025-03-19,Centro,AV06,13001713,900.0,4.946467,-73.941175,4.6029336,-74.1826122,68.04
2025-03-05,Centro,AV26,10794835,155.2,4.596453,-74.148856,4.569162,-74.099182,11.73312
2025-03-03,Centro,AV47,12684327,450.0,4.541264,-74.251706,4.5862,-74.211721,34.02
2025-03-06,Centro,AV26,12109406,324.0,4.596453,-74.148856,4.627036478,-74.14946091,24.4944
2025-03-05,Centro,AV06,12611980,900.0,4.946467,-73.941175,4.949344,-73.94425,68.04
2025-03-20,Centro,AV06,13200543,120.0,4.946467,-73.941175,5.096067362,-73.44583247,9.072
2025-03-31,Centro,AV50,10587658,280.0,4.742992,-74.164592,4.74348,-74.1221,21.168
2025-03-28,Centro,AV06,14228850,185.0,4.946467,-73.941175,4.60675053,-74.08641235,13.986
2025-03-29,Centro,AV06,13027932,90.5,4.946467,-73.941175,4.639718799,-74.07337601,6.8418
2025-03-14,Centro,AV26,10794842,513.0,4.596453,-74.148856,4.63042,-74.168,38.7828
2025-03-29,Centro,AV50,14214600,164.5,4.742992,-74.164592,4.716938347,-74.21356135,12.4362
2025-03-07,Centro,AV50,13328342,50.0,4.742992,-74.164592,4.705759797,-74.20956137,3.78
2025-03-03,Centro,AV26,13923102,351.0,4.596453,-74.148856,4.5797734,-74.127761,26.5356
2025-03-29,Centro,AV06,10794836,1000.0,4.946467,-73.941175,4.617067,-74.090837,75.6
2025-03-23,Centro,AV06,13876661,200.0,4.946467,-73.941175,4.66308425,-74.06331785,15.12
2025-03-19,Centro,AV47,14257816,390.0,4.541264,-74.251706,4.3261743,-74.3617077,29.484
2025-03-05,Centro,AV50,14073246,1275.0,4.742992,-74.164592,4.77281,-74.16497,96.39
2025-03-31,Centro,AV47,13945963,450.0,4.541264,-74.251706,4.57213145,-74.222751,34.02
2025-03-06,Centro,AV50,13189153,201.0,4.742992,-74.164592,4.96595503,-74.43643969,15.1956
2025-03-10,Centro,AV06,12258437,40.0,4.946467,-73.941175,4.864536,-74.060555,3.024
2025-03-25,Centro,AV47,12408426,450.0,4.541264,-74.251706,4.540471,-74.25511,34.02
2025-03-21,Centro,AV04,11874240,100.0,5.807142,-73.006556,5.7094289,-72.933467,7.56
2025-03-05,Centro,AV06,10795261,500.0,4.946467,-73.941175,4.71272,-74.0344,37.8
2025-03-05,Centro,AV06,10795310,6.2,4.946467,-73.941175,4.6321,-74.0755,0.46872
2025-03-03,Centro,AV50,12399495,450.0,4.742992,-74.164592,4.728201,-74.219292,34.02
2025-03-29,Centro,AV26,11487790,500.0,4.596453,-74.148856,4.572063,-74.094715,37.8
2025-03-28,Centro,AV06,14007868,50.0,4.946467,-73.941175,4.68456,-74.09137,3.78
2025-03-03,Centro,AV47,13200950,101.0,4.541264,-74.251706,4.632617,-74.452641,7.6356
2025-03-29,Centro,AV06,10795441,1500.0,4.946467,-73.941175,4.77137,-74.0404,113.4
2025-03-17,Centro,AV42,12236591,60.0,5.544456,-73.352553,5.521355754,-73.36934245,4.536
2025-03-12,Centro,AV50,12517979,295.3333333,4.742992,-74.164592,4.818830341,-74.36503956,22.32719999748
2025-03-28,Centro,AV06,11279874,605.0,4.946467,-73.941175,4.665369,-74.1105,45.738
2025-03-26,Centro,AV06,11660301,10.0,4.946467,-73.941175,5.07553,-73.5774,0.756
2025-03-19,Centro,AV50,12533013,317.5,4.742992,-74.164592,4.99699,-74.3394,24.003
2025-03-06,Centro,AV06,10481909,490.0,4.946467,-73.941175,5.00816,-73.4721,37.044
2025-03-26,Centro,AV06,11130349,1620.0,4.946467,-73.941175,4.61316998,-74.09457806,122.472
2025-03-23,Centro,AV06,13058910,113.4166665,4.946467,-73.941175,4.925306382,-74.03565813,8.5742999874
2025-03-15,Centro,AV06,12592168,175.2499999,4.946467,-73.941175,4.904824,-73.943356,13.24889999244
2025-03-17,Centro,AV42,10279105,480.0,5.544456,-73.352553,5.403232,-73.335933,36.288
2025-03-26,Centro,AV47,13107246,450.0,4.541264,-74.251706,4.570981081,-74.17763771,34.02
2025-03-18,Centro,AV06,13027935,60.5,4.946467,-73.941175,4.664516,-74.056235,4.5738
2025-03-15,Centro,AV26,10947192,504.0,4.596453,-74.148856,4.57861,-74.10259,38.1024
2025-03-26,Centro,AV47,13107246,475.0,4.541264,-74.251706,4.570981081,-74.17763771,35.910000000000004
2025-03-11,Centro,AV04,12291672,1296.0,5.807142,-73.006556,5.805537,-73.004589,97.9776
2025-03-18,Centro,AV06,10795379,932.8333333,4.946467,-73.941175,4.75915,-74.0636,70.52219999748
2025-03-06,Centro,AV50,13730987,200.0,4.742992,-74.164592,4.8031426,-74.351643,15.12
2025-03-05,Centro,AV06,12459391,406.0,4.946467,-73.941175,5.03249462,-73.99470548,30.6936
2025-03-15,Centro,AV06,14234318,1100.0,4.946467,-73.941175,4.63763283,-74.06995454,83.16
2025-03-13,Centro,AV06,13852555,480.0,4.946467,-73.941175,4.758558885,-74.05030478,36.288
2025-03-20,Centro,AV42,12533878,310.0,5.544456,-73.352553,5.50041729,-73.33237997,23.436
2025-03-15,Centro,AV06,10483231,81.0,4.946467,-73.941175,4.96319,-73.9266,6.1236
2025-03-11,Centro,AV06,13716030,311.5,4.946467,-73.941175,5.346726086,-73.51313679,23.5494
2025-03-21,Centro,AV06,14228850,300.0,4.946467,-73.941175,4.60675053,-74.08641235,22.68
2025-03-04,Centro,AV06,12727839,2001.0,4.946467,-73.941175,4.702051327,-74.18407664,151.2756
2025-03-14,Centro,AV06,13001713,1400.0,4.946467,-73.941175,4.6029336,-74.1826122,105.84
2025-03-21,Centro,AV06,13046623,450.0,4.946467,-73.941175,5.319175927,-73.39584551,34.02
2025-03-13,Centro,AV26,10947192,436.0,4.596453,-74.148856,4.57861,-74.10259,32.9616
2025-03-28,Centro,AV50,14232230,450.0,4.742992,-74.164592,4.709523835,-74.21910298,34.02
2025-03-03,Centro,AV04,12291366,490.0,5.807142,-73.006556,5.805537,-73.004589,37.044
2025-03-11,Centro,AV26,10794842,47.0,4.596453,-74.148856,4.63042,-74.168,3.5532
2025-03-04,Centro,AV47,10763531,350.0,4.541264,-74.251706,4.49389,-74.26,26.46
2025-03-23,Centro,AV42,10279105,350.0,5.544456,-73.352553,5.403232,-73.335933,26.46
2025-03-25,Centro,AV04,12537667,500.0,5.807142,-73.006556,5.78107081,-73.12024286,37.8
2025-03-27,Centro,AV50,14175053,1800.0,4.742992,-74.164592,4.707255696,-74.21586094,136.08
2025-03-22,Centro,AV50,14175053,150.0,4.742992,-74.164592,4.707255696,-74.21586094,11.34
2025-03-04,Centro,AV50,10679116,226.0,4.742992,-74.164592,4.725908,-74.092818,17.0856
2025-03-03,Centro,AV26,13749431,200.0,4.596453,-74.148856,4.60543236,-74.13633567,15.12
2025-03-17,Centro,AV26,14192257,535.0,4.596453,-74.148856,4.510155614,-74.11143333,40.446
2025-03-25,Centro,AV06,12771595,410.0,4.946467,-73.941175,5.36487,-73.5211,30.996
2025-03-05,Centro,AV06,12743623,163.5,4.946467,-73.941175,4.947990606,-73.9227088,12.3606
2025-03-25,Centro,AV47,10770560,315.0,4.541264,-74.251706,4.48942,-74.2598,23.814
2025-03-14,Centro,AV06,10795441,500.0,4.946467,-73.941175,4.77137,-74.0404,37.8
2025-03-12,Centro,AV06,14121551,841.6666667,4.946467,-73.941175,4.62709004,-74.09909111,63.63000000252
2025-03-03,Centro,AV47,12231633,450.0,4.541264,-74.251706,4.5783301,-74.2425625,34.02
2025-03-28,Centro,AV06,12637278,2122.0,4.946467,-73.941175,1.851860173,-76.04231015,160.4232
2025-03-28,Centro,AV06,13001713,900.0,4.946467,-73.941175,4.6029336,-74.1826122,68.04
2025-03-29,Centro,AV26,12559216,134.5,4.596453,-74.148856,4.628072,-74.15658,10.1682
2025-03-25,Centro,AV50,14232230,450.0,4.742992,-74.164592,4.709523835,-74.21910298,34.02
2025-03-04,Centro,AV06,10795358,27.75,4.946467,-73.941175,4.86638,-74.0372,2.0979
2025-03-01,Centro,AV06,10598284,450.0,4.946467,-73.941175,4.68517,-74.0894,34.02
2025-03-13,Centro,AV47,12975871,468.9999999,4.541264,-74.251706,4.5719835,-74.16588616,35.45639999244
2025-03-21,Centro,AV06,10795442,1000.0,4.946467,-73.941175,4.69719,-74.087,75.6
2025-03-12,Centro,AV47,12938968,121.9583333,4.541264,-74.251706,4.308250101,-74.29906227,9.22004999748
2025-03-15,Centro,AV50,13216000,200.0,4.742992,-74.164592,4.749443,-74.112656,15.12
2025-03-27,Centro,AV06,14234318,500.0,4.946467,-73.941175,4.63763283,-74.06995454,37.8
2025-03-30,Centro,AV06,14121551,900.0,4.946467,-73.941175,4.62709004,-74.09909111,68.04
2025-03-06,Centro,AV47,10768627,100.0,4.541264,-74.251706,4.5787952,-74.1795615,7.56
2025-03-13,Centro,AV06,11188850,708.0,4.946467,-73.941175,4.940174,-73.943858,53.5248
2025-03-20,Centro,AV06,13547219,110.0,4.946467,-73.941175,4.732550824,-74.02601692,8.316
2025-03-29,Centro,AV26,13472905,500.0,4.596453,-74.148856,4.571113,-74.090515,37.8
2025-03-27,Centro,AV06,10658724,807.0,4.946467,-73.941175,4.708185,-74.116536,61.0092
2025-03-27,Centro,AV47,13670955,75.0,4.541264,-74.251706,4.586101,-74.167068,5.67
2025-03-04,Centro,AV47,13945963,150.0,4.541264,-74.251706,4.57213145,-74.222751,11.34
2025-03-14,Centro,AV50,10794822,466.5,4.742992,-74.164592,4.819796,-74.352228,35.2674
2025-03-14,Centro,AV26,12615703,450.0,4.596453,-74.148856,4.586901,-74.140201,34.02
2025-03-15,Centro,AV06,13027924,171.5,4.946467,-73.941175,4.732307319,-74.04493192,12.9654
2025-03-17,Centro,AV06,14130070,10.0,4.946467,-73.941175,4.720915,-73.967129,0.756
2025-03-31,Centro,AV06,13027933,217.7,4.946467,-73.941175,4.64169,-74.06218,16.45812
2025-03-28,Centro,AV26,13221447,200.0,4.596453,-74.148856,4.599024841,-74.14789657,15.12
2025-03-19,Centro,AV50,10794822,301.8,4.742992,-74.164592,4.819796,-74.352228,22.81608
2025-03-23,Centro,AV04,12291672,1620.0,5.807142,-73.006556,5.805537,-73.004589,122.472
2025-03-04,Centro,AV06,13385441,75.0,4.946467,-73.941175,4.74623392,-74.05896575,5.67
2025-03-28,Centro,AV42,10292016,100.0,5.544456,-73.352553,5.52242,-73.3615,7.56
2025-03-14,Centro,AV06,10794825,1016.0,4.946467,-73.941175,4.68015,-74.1525,76.8096
2025-03-27,Centro,AV06,13975701,600.0,4.946467,-73.941175,4.648427,-74.060859,45.36
2025-03-07,Centro,AV50,12930072,570.0,4.742992,-74.164592,4.743923531,-74.09349544,43.092
2025-03-27,Centro,AV26,13200008,123.0,4.596453,-74.148856,4.565739,-74.101753,9.2988
2025-03-22,Centro,AV04,12459839,200.0,5.807142,-73.006556,5.806357,-73.005643,15.12
2025-03-12,Centro,AV50,11411107,980.0,4.742992,-74.164592,4.742676,-74.164932,74.088
2025-03-26,Centro,AV04,11874240,160.0,5.807142,-73.006556,5.7094289,-72.933467,12.096
2025-03-07,Centro,AV50,14175304,72.0,4.742992,-74.164592,4.7277416,-74.08926753,5.4432
2025-03-10,Centro,AV47,12784751,720.0,4.541264,-74.251706,4.522614,-74.241185,54.432
2025-03-22,Centro,AV47,11372715,601.0,4.541264,-74.251706,4.573843,-74.162496,45.4356
2025-03-03,Centro,AV47,11372715,500.0,4.541264,-74.251706,4.573843,-74.162496,37.8
2025-03-08,Centro,AV50,10587658,100.0,4.742992,-74.164592,4.74348,-74.1221,7.56
2025-03-17,Centro,AV50,13054404,130.0,4.742992,-74.164592,4.744539017,-74.12446454,9.828
2025-03-27,Centro,AV50,13054404,30.0,4.742992,-74.164592,4.744539017,-74.12446454,2.268
2025-03-17,Centro,AV26,13923102,282.0,4.596453,-74.148856,4.5797734,-74.127761,21.3192
2025-03-06,Centro,AV47,12408426,450.0,4.541264,-74.251706,4.540471,-74.25511,34.02
2025-03-31,Centro,AV06,11240272,168.0,4.946467,-73.941175,4.7124,-74.0711,12.7008
2025-03-10,Centro,AV47,12504113,450.0,4.541264,-74.251706,4.4548752,-74.37992376,34.02
2025-03-04,Centro,AV26,13047321,410.0,4.596453,-74.148856,4.40398226,-74.02454929,30.996
2025-03-07,Centro,AV06,12767422,120.0,4.946467,-73.941175,4.7153125,-74.05881619,9.072
2025-03-10,Centro,AV06,13775130,200.0,4.946467,-73.941175,5.153408,-74.1445,15.12
2025-03-27,Centro,AV06,13200543,75.0,4.946467,-73.941175,5.096067362,-73.44583247,5.67
2025-03-06,Centro,AV06,13027936,163.75,4.946467,-73.941175,4.680525,-74.050063,12.3795
2025-03-17,Centro,AV47,12734015,100.0,4.541264,-74.251706,4.580243563,-74.16733645,7.56
2025-03-15,Centro,AV06,12223810,167.5,4.946467,-73.941175,4.65159597,-74.10677234,12.663
2025-03-22,Centro,AV47,14240020,129.0,4.541264,-74.251706,4.56868019,-74.22995928,9.7524
2025-03-29,Centro,AV06,13949640,1917.0,4.946467,-73.941175,3.53789,-73.7042,144.9252
2025-03-27,Centro,AV04,12955588,330.0,5.807142,-73.006556,5.988616513,-72.91161493,24.948
2025-03-10,Centro,AV26,10753538,101.0,4.596453,-74.148856,4.55464,-74.0846,7.6356
2025-03-22,Centro,AV47,12408426,450.0,4.541264,-74.251706,4.540471,-74.25511,34.02
2025-03-07,Centro,AV06,12291574,2568.0,4.946467,-73.941175,2.55768,-72.638,194.1408
2025-03-12,Centro,AV26,11473204,52.7777778,4.596453,-74.148856,4.59425,-74.157,3.99000000168
2025-03-27,Centro,AV06,10795262,1000.0,4.946467,-73.941175,4.68332,-74.0807,75.6
2025-03-31,Centro,AV42,13822840,462.25,5.544456,-73.352553,5.400237,-73.336135,34.9461
2025-03-28,Centro,AV47,13807597,39.5,4.541264,-74.251706,4.271503977,-74.41609114,2.9862
2025-03-04,Centro,AV06,13046623,60.0,4.946467,-73.941175,5.319175927,-73.39584551,4.536
2025-03-01,Centro,AV06,12403625,74.0,4.946467,-73.941175,5.03795541,-73.9927692,5.5944
2025-03-23,Centro,AV47,12408426,450.0,4.541264,-74.251706,4.540471,-74.25511,34.02
2025-03-10,Centro,AV26,14125886,166.5,4.596453,-74.148856,4.58599508,-74.11364358,12.5874
2025-03-25,Centro,AV06,14228850,1050.0,4.946467,-73.941175,4.60675053,-74.08641235,79.38
2025-03-10,Centro,AV04,12571274,70.0,5.807142,-73.006556,5.818957417,-73.03599237,5.292
2025-03-18,Centro,AV47,13216043,450.0,4.541264,-74.251706,4.583030277,-74.19050536,34.02
2025-03-07,Centro,AV47,14013391,307.0,4.541264,-74.251706,4.578067,-74.4440807,23.2092
2025-03-17,Centro,AV47,12975871,203.6666666,4.541264,-74.251706,4.5719835,-74.16588616,15.39719999496
2025-03-27,Centro,AV47,13759677,782.0,4.541264,-74.251706,4.633,-74.197718,59.1192
2025-03-04,Centro,AV04,11702610,500.0,5.807142,-73.006556,5.782401,-73.115921,37.8
2025-03-26,Centro,AV26,11487790,600.0,4.596453,-74.148856,4.572063,-74.094715,45.36
2025-03-20,Centro,AV47,11019248,480.0,4.541264,-74.251706,4.57208,-74.168,36.288
2025-03-10,Centro,AV04,13406834,180.0,5.807142,-73.006556,5.809665746,-73.02541697,13.608
2025-03-14,Centro,AV06,10791145,465.3333333,4.946467,-73.941175,5.02783,-73.9997,35.17919999748
2025-03-31,Centro,AV50,12443998,791.6666667,4.742992,-74.164592,5.01138,-74.4709,59.85000000252
2025-03-27,Centro,AV26,13817212,74.5555555,4.596453,-74.148856,4.588597,-74.101661,5.6363999958
2025-03-22,Centro,AV06,14121551,1800.0,4.946467,-73.941175,4.62709004,-74.09909111,136.08
2025-03-05,Centro,AV06,10795311,11.95,4.946467,-73.941175,4.64266,-74.0757,0.90342
2025-03-21,Centro,AV50,12930072,500.0,4.742992,-74.164592,4.743923531,-74.09349544,37.8
2025-03-13,Centro,AV06,12291316,1923.0,4.946467,-73.941175,4.176519148,-73.64177585,145.3788
2025-03-29,Centro,AV26,12620294,471.0,4.596453,-74.148856,4.408011,-73.95057,35.6076
2025-03-08,Centro,AV06,12291574,1700.0,4.946467,-73.941175,2.55768,-72.638,128.52
2025-03-21,Centro,AV50,12532263,135.0,4.742992,-74.164592,4.735897491,-74.26588789,10.206
2025-03-11,Centro,AV06,10795225,63.85,4.946467,-73.941175,4.74047,-74.064,4.82706
2025-03-21,Centro,AV06,10658724,750.0,4.946467,-73.941175,4.708185,-74.116536,56.7
2025-03-25,Centro,AV50,10639080,500.0,4.742992,-74.164592,4.76032,-74.4665,37.8
2025-03-10,Centro,AV26,13649612,161.0,4.596453,-74.148856,4.532392317,-74.1521557,12.1716
2025-03-22,Centro,AV06,12258437,106.0,4.946467,-73.941175,4.864536,-74.060555,8.0136
2025-03-05,Centro,AV06,13651177,255.5,4.946467,-73.941175,4.6490629,-74.124193,19.3158
2025-03-12,Centro,AV26,12767171,301.0,4.596453,-74.148856,4.600081412,-74.16501213,22.7556
2025-03-26,Centro,AV06,10795161,211.8,4.946467,-73.941175,4.72711,-74.0654,16.01208
2025-03-06,Centro,AV47,14161351,470.0,4.541264,-74.251706,4.57983365,-74.17998191,35.532000000000004
2025-03-05,Centro,AV47,12549072,50.0,4.541264,-74.251706,4.600005032,-74.1804782,3.78
2025-03-08,Centro,AV06,10795340,13.9166667,4.946467,-73.941175,4.71935,-74.0362,1.05210000252
2025-03-26,Centro,AV50,13949583,540.0,4.742992,-74.164592,4.63932278,-74.13553191,40.824
2025-03-27,Centro,AV06,10490080,13.0,4.946467,-73.941175,4.91794,-74.0989,0.9828
2025-03-23,Centro,AV06,13027931,100.9,4.946467,-73.941175,4.720215,-74.045457,7.62804
2025-03-31,Centro,AV47,11036318,30.0,4.541264,-74.251706,4.60178141,-74.18254633,2.268
2025-03-13,Centro,AV50,11261079,53.0,4.742992,-74.164592,4.819015,-74.359999,4.0068
2025-03-28,Centro,AV04,12291366,490.0,5.807142,-73.006556,5.805537,-73.004589,37.044
2025-03-22,Centro,AV26,12767171,200.0,4.596453,-74.148856,4.600081412,-74.16501213,15.12
2025-03-05,Centro,AV06,10795358,177.0,4.946467,-73.941175,4.86638,-74.0372,13.3812
2025-03-14,Centro,AV47,11788240,475.0,4.541264,-74.251706,4.5804,-74.4455,35.910000000000004
2025-03-25,Centro,AV47,13997851,50.0,4.541264,-74.251706,4.33549402,-74.362647,3.78
2025-03-01,Centro,AV06,12223810,3.0,4.946467,-73.941175,4.65159597,-74.10677234,0.2268
2025-03-10,Centro,AV47,12975871,460.0,4.541264,-74.251706,4.5719835,-74.16588616,34.776
2025-03-01,Centro,AV26,10794835,50.0,4.596453,-74.148856,4.569162,-74.099182,3.78
2025-03-28,Centro,AV47,14242114,450.0,4.541264,-74.251706,4.32876,-74.38622,34.02
2025-03-12,Centro,AV06,10795309,48.0333333,4.946467,-73.941175,4.68689,-74.0737,3.63131999748
2025-03-05,Centro,AV50,14046991,518.0,4.742992,-74.164592,4.73791,-74.16065,39.1608
2025-03-29,Centro,AV26,13201665,129.0,4.596453,-74.148856,4.574178825,-74.15203345,9.7524
2025-03-24,Centro,AV26,11487790,1000.0,4.596453,-74.148856,4.572063,-74.094715,75.6
2025-03-19,Centro,AV06,13775130,270.0,4.946467,-73.941175,5.153408,-74.1445,20.412
2025-03-31,Centro,AV26,10771994,500.0,4.596453,-74.148856,4.57196,-74.0933,37.8
2025-03-06,Centro,AV26,12767171,500.0,4.596453,-74.148856,4.600081412,-74.16501213,37.8
2025-03-29,Centro,AV06,11153203,71.0,4.946467,-73.941175,4.73877,-74.0286,5.3676
2025-03-06,Centro,AV06,10795339,500.0,4.946467,-73.941175,4.74906,-74.0971,37.8
2025-03-20,Centro,AV04,12537667,490.0,5.807142,-73.006556,5.78107081,-73.12024286,37.044
2025-03-10,Centro,AV26,11487790,500.0,4.596453,-74.148856,4.572063,-74.094715,37.8
2025-03-19,Centro,AV06,10795336,8.0,4.946467,-73.941175,4.68776,-74.0514,0.6048
2025-03-01,Centro,AV06,12291574,1730.0,4.946467,-73.941175,2.55768,-72.638,130.788
2025-03-21,Centro,AV06,13027930,250.9,4.946467,-73.941175,4.688543896,-74.0473645,18.96804
2025-03-17,Centro,AV04,13866825,480.0,5.807142,-73.006556,5.994968,-72.691329,36.288
2025-03-07,Centro,AV06,10598284,450.0,4.946467,-73.941175,4.68517,-74.0894,34.02
2025-03-08,Centro,AV47,13806693,235.5,4.541264,-74.251706,4.5858716,-74.1797364,17.8038
2025-03-25,Centro,AV06,13188397,65.0,4.946467,-73.941175,4.722754364,-74.06795843,4.914
2025-03-25,Centro,AV47,10794821,410.25,4.541264,-74.251706,4.589759,-74.204982,31.0149
2025-03-31,Centro,AV06,12291660,1797.0,4.946467,-73.941175,7.90988,-72.46511,135.8532
2025-03-26,Centro,AV04,12291672,1620.0,5.807142,-73.006556,5.805537,-73.004589,122.472
2025-03-19,Centro,AV06,10795442,500.0,4.946467,-73.941175,4.69719,-74.087,37.8
2025-03-10,Centro,AV26,12109406,324.0,4.596453,-74.148856,4.627036478,-74.14946091,24.4944
2025-03-21,Centro,AV26,13047321,50.0,4.596453,-74.148856,4.40398226,-74.02454929,3.78
2025-03-04,Centro,AV47,11372715,60.0,4.541264,-74.251706,4.573843,-74.162496,4.536
2025-03-31,Centro,AV47,13409261,490.0,4.541264,-74.251706,4.570519666,-74.23725,37.044
2025-03-28,Centro,AV06,10795230,3000.0,4.946467,-73.941175,4.629552,-74.125001,226.8
2025-03-19,Centro,AV26,10947192,403.0,4.596453,-74.148856,4.57861,-74.10259,30.4668
2025-03-12,Centro,AV50,11667608,480.0,4.742992,-74.164592,4.851373037,-74.2688731,36.288
2025-03-03,Centro,AV47,12180705,100.0,4.541264,-74.251706,4.59129,-74.3401,7.56
2025-03-18,Centro,AV50,14232230,450.0,4.742992,-74.164592,4.709523835,-74.21910298,34.02
2025-03-01,Centro,AV50,11261079,300.0,4.742992,-74.164592,4.819015,-74.359999,22.68
2025-03-11,Centro,AV04,10288879,100.0,5.807142,-73.006556,5.69004,-73.229,7.56
2025-03-11,Centro,AV04,10288879,395.0,5.807142,-73.006556,5.69004,-73.229,29.862
2025-03-11,Centro,AV47,13807597,39.0,4.541264,-74.251706,4.271503977,-74.41609114,2.9484
2025-03-28,Centro,AV50,14232230,450.0,4.742992,-74.164592,4.709523835,-74.21910298,34.02
2025-03-10,Centro,AV06,12637278,1800.0,4.946467,-73.941175,1.851860173,-76.04231015,136.08
2025-03-14,Centro,AV06,10794839,480.0,4.946467,-73.941175,4.69012,-74.0366,36.288
2025-03-17,Centro,AV06,13027930,126.5,4.946467,-73.941175,4.688543896,-74.0473645,9.5634
2025-03-28,Centro,AV06,13172099,48.0,4.946467,-73.941175,4.742306,-74.086621,3.6288
2025-03-07,Centro,AV47,12784751,720.0,4.541264,-74.251706,4.522614,-74.241185,54.432
2025-03-19,Centro,AV06,12743623,51.0,4.946467,-73.941175,4.947990606,-73.9227088,3.8556
2025-03-10,Centro,AV26,10584114,438.0,4.596453,-74.148856,4.64380959,-74.063973,33.1128
2025-03-03,Centro,AV06,13027931,82.0,4.946467,-73.941175,4.720215,-74.045457,6.1992
2025-03-03,Centro,AV06,13114888,25.0,4.946467,-73.941175,4.61955,-74.06643,1.89
2025-03-22,Centro,AV06,14011040,154.25,4.946467,-73.941175,4.959900173,-73.93440914,11.6613
2025-03-28,Centro,AV42,13819724,57.0,5.544456,-73.352553,5.537685538,-73.63436671,4.3092
2025-03-19,Centro,AV50,13949583,540.0,4.742992,-74.164592,4.63932278,-74.13553191,40.824
2025-03-25,Centro,AV06,13114888,77.5,4.946467,-73.941175,4.61955,-74.06643,5.859
2025-03-29,Centro,AV50,10618957,450.0,4.742992,-74.164592,5.00943,-74.4682,34.02
2025-03-20,Centro,AV06,12570303,150.0,4.946467,-73.941175,5.027085099,-73.99887073,11.34
2025-03-15,Centro,AV06,12764509,300.0,4.946467,-73.941175,4.756559,-74.084712,22.68
2025-03-01,Centro,AV47,12408426,540.0,4.541264,-74.251706,4.540471,-74.25511,40.824
2025-03-13,Centro,AV06,10658724,1865.0,4.946467,-73.941175,4.708185,-74.116536,140.994
2025-03-04,Centro,AV42,11730329,136.0,5.544456,-73.352553,5.56347,-73.346564,10.2816
2025-03-26,Centro,AV50,12399495,450.0,4.742992,-74.164592,4.728201,-74.219292,34.02
2025-03-14,Centro,AV50,13754617,5.0,4.742992,-74.164592,4.71382388,-74.10081664,0.378
2025-03-15,Centro,AV06,10795225,69.1666667,4.946467,-73.941175,4.74047,-74.064,5.229000002519999
2025-03-14,Centro,AV47,13200950,101.0,4.541264,-74.251706,4.632617,-74.452641,7.6356
2025-03-06,Centro,AV06,12565696,1800.0,4.946467,-73.941175,4.723704455,-74.12314348,136.08
2025-03-11,Centro,AV47,11788240,480.0,4.541264,-74.251706,4.5804,-74.4455,36.288
2025-03-05,Centro,AV06,11240272,258.0,4.946467,-73.941175,4.7124,-74.0711,19.5048
2025-03-20,Centro,AV50,11349249,465.0,4.742992,-74.164592,4.73513,-74.101089,35.154
2025-03-31,Centro,AV42,13354095,450.0,5.544456,-73.352553,5.51768,-73.365112,34.02
2025-03-11,Centro,AV47,10763531,275.0,4.541264,-74.251706,4.49389,-74.26,20.79
2025-03-04,Centro,AV50,12399495,230.0,4.742992,-74.164592,4.728201,-74.219292,17.388
2025-03-14,Centro,AV47,13449228,83.75,4.541264,-74.251706,4.490725562,-74.26046997,6.3315
2025-03-20,Centro,AV47,12408426,450.0,4.541264,-74.251706,4.540471,-74.25511,34.02
2025-03-26,Centro,AV06,10795441,1039.2,4.946467,-73.941175,4.77137,-74.0404,78.56352
2025-03-06,Centro,AV06,10795261,503.0,4.946467,-73.941175,4.71272,-74.0344,38.0268
2025-03-14,Centro,AV06,10794836,4000.0,4.946467,-73.941175,4.617067,-74.090837,302.4
2025-03-14,Centro,AV06,10795263,10.0,4.946467,-73.941175,4.631956,-74.124151,0.756
2025-03-20,Centro,AV06,14234318,750.0,4.946467,-73.941175,4.63763283,-74.06995454,56.7
2025-03-19,Centro,AV42,14031165,115.0,5.544456,-73.352553,5.199111,-73.149194,8.694
2025-03-03,Centro,AV26,13757740,400.0,4.596453,-74.148856,4.56657784,-74.10262175,30.24
2025-03-28,Centro,AV06,12291660,2103.0,4.946467,-73.941175,7.90988,-72.46511,158.9868
2025-03-29,Centro,AV26,12620294,500.0,4.596453,-74.148856,4.408011,-73.95057,37.8
2025-03-07,Centro,AV06,10795264,500.0,4.946467,-73.941175,4.59352,-74.1244,37.8
2025-03-29,Centro,AV47,13200950,450.0,4.541264,-74.251706,4.632617,-74.452641,34.02
2025-03-29,Centro,AV04,10279095,480.0,5.807142,-73.006556,5.80617,-73.00564,36.288
2025-03-01,Centro,AV26,13201665,500.0,4.596453,-74.148856,4.574178825,-74.15203345,37.8
2025-03-27,Centro,AV47,10596108,500.0,4.541264,-74.251706,4.333963,-74.363534,37.8
2025-03-27,Centro,AV06,13723755,1000.0,4.946467,-73.941175,4.60349,-74.08485,75.6
2025-03-20,Centro,AV06,14234318,750.0,4.946467,-73.941175,4.63763283,-74.06995454,56.7
2025-03-28,Centro,AV06,10794837,372.8,4.946467,-73.941175,4.66261,-74.13209,28.183680000000003
2025-03-26,Centro,AV50,10587658,400.0,4.742992,-74.164592,4.74348,-74.1221,30.24
2025-03-14,Centro,AV06,13385441,100.0,4.946467,-73.941175,4.74623392,-74.05896575,7.56
2025-03-30,Centro,AV06,10794826,1000.0,4.946467,-73.941175,4.67675,-74.1168,75.6
2025-03-21,Centro,AV42,14023747,205.5,5.544456,-73.352553,5.614839,-73.56659,15.5358
2025-03-06,Centro,AV50,13111699,319.5833334,4.742992,-74.164592,4.730840799,-74.43834745,24.160500005040003
2025-03-21,Centro,AV06,10794836,3000.0,4.946467,-73.941175,4.617067,-74.090837,226.8
2025-03-15,Centro,AV26,12796281,93.0,4.596453,-74.148856,4.584589,-74.125191,7.0308
2025-03-31,Centro,AV06,13876661,450.0,4.946467,-73.941175,4.66308425,-74.06331785,34.02
2025-03-31,Centro,AV50,14175053,900.0,4.742992,-74.164592,4.707255696,-74.21586094,68.04
2025-03-15,Centro,AV04,11702610,500.0,5.807142,-73.006556,5.782401,-73.115921,37.8
2025-03-20,Centro,AV47,13849853,450.0,4.541264,-74.251706,4.596548,-74.197851,34.02
2025-03-07,Centro,AV47,12408426,470.0,4.541264,-74.251706,4.540471,-74.25511,35.532000000000004
2025-03-04,Centro,AV26,13515444,500.0,4.596453,-74.148856,4.563871173,-74.14415934,37.8
2025-03-11,Centro,AV47,13949971,200.0,4.541264,-74.251706,4.5823227,-74.215674,15.12
2025-03-03,Centro,AV42,12461640,139.0,5.544456,-73.352553,5.509702,-73.373098,10.5084
2025-03-17,Centro,AV50,12937600,10.0,4.742992,-74.164592,4.731025711,-74.43521896,0.756
2025-03-27,Centro,AV06,14234318,1000.0,4.946467,-73.941175,4.63763283,-74.06995454,75.6
2025-03-19,Centro,AV26,11379155,105.5,4.596453,-74.148856,4.62193,-74.1678,7.9758
2025-03-08,Centro,AV26,12436775,500.0,4.596453,-74.148856,4.60287,-74.14647,37.8
2025-03-13,Centro,AV06,12565696,1800.0,4.946467,-73.941175,4.723704455,-74.12314348,136.08
2025-03-29,Centro,AV47,11788240,470.0,4.541264,-74.251706,4.5804,-74.4455,35.532000000000004
2025-03-19,Centro,AV47,12938968,180.0,4.541264,-74.251706,4.308250101,-74.29906227,13.608
2025-03-18,Centro,AV06,14007868,100.0,4.946467,-73.941175,4.68456,-74.09137,7.56
2025-03-04,Centro,AV04,12537667,505.0,5.807142,-73.006556,5.78107081,-73.12024286,38.178
2025-03-29,Centro,AV50,14232230,100.0,4.742992,-74.164592,4.709523835,-74.21910298,7.56
2025-03-22,Centro,AV06,12734639,71.0,4.946467,-73.941175,4.738837655,-74.02750148,5.3676
2025-03-12,Centro,AV06,11240272,82.9,4.946467,-73.941175,4.7124,-74.0711,6.26724
2025-03-25,Centro,AV06,13949640,1736.0,4.946467,-73.941175,3.53789,-73.7042,131.2416
2025-03-27,Centro,AV06,13971700,87.0,4.946467,-73.941175,4.74662428,-74.097665,6.5772
2025-03-13,Centro,AV04,12291658,1764.0,5.807142,-73.006556,5.805537,-73.004589,133.3584
2025-03-20,Centro,AV50,14046991,214.0,4.742992,-74.164592,4.73791,-74.16065,16.1784
2025-03-17,Centro,AV04,11383983,432.0,5.807142,-73.006556,5.808149,-73.026729,32.6592
2025-03-15,Centro,AV06,12594389,135.0,4.946467,-73.941175,5.024403267,-74.00954433,10.206
2025-03-31,Centro,AV06,12404538,3456.0,4.946467,-73.941175,4.6065,-74.0837,261.2736
2025-03-28,Centro,AV06,10598284,473.0,4.946467,-73.941175,4.68517,-74.0894,35.7588
2025-03-31,Centro,AV50,12399495,450.0,4.742992,-74.164592,4.728201,-74.219292,34.02
2025-03-11,Centro,AV26,11487790,1050.0,4.596453,-74.148856,4.572063,-74.094715,79.38
2025-03-26,Centro,AV47,13849853,205.3333333,4.541264,-74.251706,4.596548,-74.197851,15.52319999748
2025-03-03,Centro,AV50,14232230,250.0,4.742992,-74.164592,4.709523835,-74.21910298,18.9
2025-03-14,Centro,AV06,12611980,970.0,4.946467,-73.941175,4.949344,-73.94425,73.332
2025-03-07,Centro,AV06,13855464,55.25,4.946467,-73.941175,4.7594841,-74.0562124,4.1769
2025-03-29,Centro,AV06,10795230,1000.0,4.946467,-73.941175,4.629552,-74.125001,75.6
2025-03-06,Centro,AV26,10794835,28.0,4.596453,-74.148856,4.569162,-74.099182,2.1168
2025-03-26,Centro,AV06,13949640,2232.0,4.946467,-73.941175,3.53789,-73.7042,168.7392
2025-03-03,Centro,AV06,10795441,32.0,4.946467,-73.941175,4.77137,-74.0404,2.4192
2025-03-17,Centro,AV04,10279115,460.0,5.807142,-73.006556,5.825424,-73.03205,34.776
2025-03-28,Centro,AV06,12459872,270.5,4.946467,-73.941175,4.646603,-74.129483,20.4498
2025-03-26,Centro,AV06,12928954,523.5,4.946467,-73.941175,5.00747,-73.9413,39.5766
2025-03-10,Centro,AV06,13227723,33.0,4.946467,-73.941175,4.73022578,-74.02875564,2.4948
2025-03-20,Centro,AV06,12565696,1500.0,4.946467,-73.941175,4.723704455,-74.12314348,113.4
2025-03-17,Centro,AV26,13757740,511.0,4.596453,-74.148856,4.56657784,-74.10262175,38.6316
2025-03-25,Centro,AV42,11730329,289.5,5.544456,-73.352553,5.56347,-73.346564,21.8862
2025-03-15,Centro,AV50,14214600,225.0,4.742992,-74.164592,4.716938347,-74.21356135,17.01
2025-03-17,Centro,AV04,12955588,100.0,5.807142,-73.006556,5.988616513,-72.91161493,7.56
2025-03-26,Centro,AV47,12938968,51.0,4.541264,-74.251706,4.308250101,-74.29906227,3.8556
2025-03-29,Centro,AV06,10795230,1000.0,4.946467,-73.941175,4.629552,-74.125001,75.6
2025-03-12,Centro,AV06,10794834,152.6,4.946467,-73.941175,4.7573,-74.0645,11.53656
2025-03-01,Centro,AV50,10794823,37.0,4.742992,-74.164592,4.702974,-74.222416,2.7972
2025-03-05,Centro,AV06,13237608,488.0,4.946467,-73.941175,5.03337803,-73.9965692,36.8928
2025-03-23,Centro,AV47,12231633,502.0,4.541264,-74.251706,4.5783301,-74.2425625,37.9512
2025-03-10,Centro,AV47,10769925,60.0,4.541264,-74.251706,4.60073,-74.189,4.536
2025-03-18,Centro,AV06,13114894,94.0,4.946467,-73.941175,4.632056,-74.093952,7.1064
2025-03-07,Centro,AV04,13406834,104.1666666,5.807142,-73.006556,5.809665746,-73.02541697,7.87499999496
2025-03-28,Centro,AV26,11487790,500.0,4.596453,-74.148856,4.572063,-74.094715,37.8
2025-03-15,Centro,AV50,12620287,341.0,4.742992,-74.164592,5.129153532,-74.3945193,25.7796
2025-03-18,Centro,AV06,12996139,500.0,4.946467,-73.941175,4.62811,-74.160094,37.8
2025-03-03,Centro,AV42,13901899,1000.0,5.544456,-73.352553,5.51417,-73.36679,75.6
2025-03-06,Centro,AV26,10584114,432.0,4.596453,-74.148856,4.64380959,-74.063973,32.6592
2025-03-22,Centro,AV06,14234318,825.0,4.946467,-73.941175,4.63763283,-74.06995454,62.37
2025-03-04,Centro,AV06,10658724,452.3333333,4.946467,-73.941175,4.708185,-74.116536,34.19639999748
2025-03-20,Centro,AV06,12727839,800.0,4.946467,-73.941175,4.702051327,-74.18407664,60.48
2025-03-08,Centro,AV50,14232230,100.0,4.742992,-74.164592,4.709523835,-74.21910298,7.56
2025-03-12,Centro,AV50,13216000,570.0,4.742992,-74.164592,4.749443,-74.112656,43.092
2025-03-18,Centro,AV47,13849853,500.0,4.541264,-74.251706,4.596548,-74.197851,37.8
2025-03-15,Centro,AV04,12941201,450.0,5.807142,-73.006556,5.716109,-72.932758,34.02
2025-03-14,Centro,AV47,14013391,360.0,4.541264,-74.251706,4.578067,-74.4440807,27.216
2025-03-24,Centro,AV06,10795311,37.6,4.946467,-73.941175,4.64266,-74.0757,2.84256
2025-03-28,Centro,AV50,13216000,480.0,4.742992,-74.164592,4.749443,-74.112656,36.288
2025-03-21,Centro,AV06,11762583,262.8,4.946467,-73.941175,4.896857163,-74.0340109,19.86768
2025-03-20,Centro,AV50,13521177,200.0,4.742992,-74.164592,4.735906631,-74.25319652,15.12
2025-03-07,Centro,AV06,10795331,90.5,4.946467,-73.941175,4.65374,-74.1095,6.8418
2025-03-22,Centro,AV50,13940463,100.0,4.742992,-74.164592,4.7280188,-74.091833,7.56
2025-03-25,Centro,AV26,10584114,504.04,4.596453,-74.148856,4.64380959,-74.063973,38.105424
2025-03-15,Centro,AV26,12620294,200.0,4.596453,-74.148856,4.408011,-73.95057,15.12
2025-03-03,Centro,AV50,12399495,500.0,4.742992,-74.164592,4.728201,-74.219292,37.8
2025-03-08,Centro,AV06,11268397,13.3333333,4.946467,-73.941175,4.92073,-74.0242,1.00799999748
2025-03-05,Centro,AV06,13027925,123.7,4.946467,-73.941175,4.705158511,-74.07078,9.35172
2025-03-30,Centro,AV47,13409261,480.0,4.541264,-74.251706,4.570519666,-74.23725,36.288
2025-03-30,Centro,AV06,12565696,900.0,4.946467,-73.941175,4.723704455,-74.12314348,68.04
2025-03-14,Centro,AV50,12399495,450.0,4.742992,-74.164592,4.728201,-74.219292,34.02
2025-03-25,Centro,AV50,14232230,450.0,4.742992,-74.164592,4.709523835,-74.21910298,34.02
2025-03-28,Centro,AV50,14121538,5.0,4.742992,-74.164592,4.9949002,-74.3384418,0.378
2025-03-13,Centro,AV47,12549072,251.0,4.541264,-74.251706,4.600005032,-74.1804782,18.9756
2025-03-07,Centro,AV47,11788240,480.0,4.541264,-74.251706,4.5804,-74.4455,36.288
2025-03-23,Centro,AV04,12291658,1752.0,5.807142,-73.006556,5.805537,-73.004589,132.4512
2025-03-31,Centro,AV50,13234994,450.0,4.742992,-74.164592,4.710877,-74.108131,34.02
2025-03-14,Centro,AV50,13400681,250.0,4.742992,-74.164592,4.996702164,-74.34008451,18.9
2025-03-10,Centro,AV50,12533013,302.0000001,4.742992,-74.164592,4.99699,-74.3394,22.831200007560003
2025-03-22,Centro,AV47,12408426,450.0,4.541264,-74.251706,4.540471,-74.25511,34.02
2025-03-22,Centro,AV06,13969047,1150.0,4.946467,-73.941175,4.64254126,-74.07741204,86.94
2025-03-13,Centro,AV06,11268397,70.0,4.946467,-73.941175,4.92073,-74.0242,5.292
2025-03-30,Centro,AV06,14121551,900.0,4.946467,-73.941175,4.62709004,-74.09909111,68.04
2025-03-03,Centro,AV06,12291320,1620.0,4.946467,-73.941175,4.176519148,-73.64177585,122.472
2025-03-07,Centro,AV06,13212663,256.0,4.946467,-73.941175,4.988522714,-73.87359044,19.3536
2025-03-26,Centro,AV50,12399495,450.0,4.742992,-74.164592,4.728201,-74.219292,34.02
2025-03-08,Centro,AV04,12291658,1968.0,5.807142,-73.006556,5.805537,-73.004589,148.7808
2025-03-14,Centro,AV26,10933055,148.0,4.596453,-74.148856,4.46202,-74.1296,11.1888
2025-03-14,Centro,AV06,11325369,323.2,4.946467,-73.941175,4.88527,-74.0368,24.43392
2025-03-10,Centro,AV47,11019248,31.75,4.541264,-74.251706,4.57208,-74.168,2.4003
2025-03-23,Centro,AV06,13852555,480.0,4.946467,-73.941175,4.758558885,-74.05030478,36.288
2025-03-15,Centro,AV06,10795308,78.0,4.946467,-73.941175,4.64777,-74.0601,5.8968
2025-03-05,Centro,AV06,12135753,839.2,4.946467,-73.941175,5.012731,-73.861147,63.44352000000001
2025-03-18,Centro,AV47,12434217,141.0,4.541264,-74.251706,4.578303278,-74.21317856,10.6596
2025-03-14,Centro,AV04,13406834,240.0,5.807142,-73.006556,5.809665746,-73.02541697,18.144
2025-03-27,Centro,AV47,12549072,200.0,4.541264,-74.251706,4.600005032,-74.1804782,15.12
2025-03-11,Centro,AV50,13328342,350.0,4.742992,-74.164592,4.705759797,-74.20956137,26.46
2025-03-19,Centro,AV06,10795225,591.0,4.946467,-73.941175,4.74047,-74.064,44.6796
2025-03-20,Centro,AV06,11268397,480.0,4.946467,-73.941175,4.92073,-74.0242,36.288
2025-03-17,Centro,AV06,13949640,2084.0,4.946467,-73.941175,3.53789,-73.7042,157.5504
2025-03-08,Centro,AV26,12796281,46.2916666,4.596453,-74.148856,4.584589,-74.125191,3.49964999496
2025-03-06,Centro,AV06,12996139,450.0,4.946467,-73.941175,4.62811,-74.160094,34.02
2025-03-15,Centro,AV50,13216000,480.0,4.742992,-74.164592,4.749443,-74.112656,36.288
2025-03-07,Centro,AV42,12216123,227.0,5.544456,-73.352553,5.28224,-73.1679,17.1612
2025-03-03,Centro,AV06,13001713,800.0,4.946467,-73.941175,4.6029336,-74.1826122,60.48
2025-03-10,Centro,AV50,12211377,460.0,4.742992,-74.164592,5.011516303,-74.46906948,34.776
2025-03-27,Centro,AV26,11338767,581.25,4.596453,-74.148856,4.5317,-73.9223,43.9425
2025-03-12,Centro,AV26,11487790,500.0,4.596453,-74.148856,4.572063,-74.094715,37.8
2025-03-29,Centro,AV50,14041147,100.0,4.742992,-74.164592,4.8141195,-74.350649,7.56
2025-03-17,Centro,AV42,10294392,135.0,5.544456,-73.352553,5.40864,-73.2965,10.206
2025-03-06,Centro,AV06,12747783,263.0,4.946467,-73.941175,4.917219898,-74.03792938,19.8828
2025-03-31,Centro,AV47,12969860,318.0,4.541264,-74.251706,4.32979,-74.38234,24.0408
2025-03-29,Centro,AV06,13114894,62.3333333,4.946467,-73.941175,4.632056,-74.093952,4.71239999748
2025-03-13,Centro,AV42,10294392,120.0,5.544456,-73.352553,5.40864,-73.2965,9.072
2025-03-26,Centro,AV06,10795441,1000.0,4.946467,-73.941175,4.77137,-74.0404,75.6
2025-03-05,Centro,AV04,10279115,395.0,5.807142,-73.006556,5.825424,-73.03205,29.862
2025-03-03,Centro,AV06,13475905,116.0,4.946467,-73.941175,4.858848616,-74.06224406,8.7696
2025-03-14,Centro,AV26,10755524,501.0,4.596453,-74.148856,4.5066,-74.1475,37.8756
2025-03-25,Centro,AV06,12611980,900.0,4.946467,-73.941175,4.949344,-73.94425,68.04
2025-03-15,Centro,AV06,10794820,50.0,4.946467,-73.941175,4.76339,-74.0466,3.78
2025-03-03,Centro,AV26,13817212,80.0,4.596453,-74.148856,4.588597,-74.101661,6.048
2025-03-26,Centro,AV04,10314597,101.0,5.807142,-73.006556,5.712672589,-72.9311829,7.6356
2025-03-03,Centro,AV50,12399495,450.0,4.742992,-74.164592,4.728201,-74.219292,34.02
2025-03-04,Centro,AV47,10623895,50.0,4.541264,-74.251706,4.63211,-74.4531,3.78
2025-03-04,Centro,AV26,10947192,432.0,4.596453,-74.148856,4.57861,-74.10259,32.6592
2025-03-22,Centro,AV50,11199877,19.0,4.742992,-74.164592,4.714186,-74.219022,1.4364
2025-03-26,Centro,AV47,13409261,490.0,4.541264,-74.251706,4.570519666,-74.23725,37.044
2025-03-31,Centro,AV26,13221447,500.0,4.596453,-74.148856,4.599024841,-74.14789657,37.8
2025-03-15,Centro,AV26,14261072,450.0,4.596453,-74.148856,4.5719627,-74.0952062,34.02
2025-03-27,Centro,AV26,12436775,500.0,4.596453,-74.148856,4.60287,-74.14647,37.8
2025-03-12,Centro,AV04,13866825,480.0,5.807142,-73.006556,5.994968,-72.691329,36.288
2025-03-08,Centro,AV47,12549072,500.0,4.541264,-74.251706,4.600005032,-74.1804782,37.8
2025-03-07,Centro,AV47,12434217,31.0,4.541264,-74.251706,4.578303278,-74.21317856,2.3436
2025-03-17,Centro,AV42,13822840,60.0,5.544456,-73.352553,5.400237,-73.336135,4.536
2025-03-01,Centro,AV06,13114895,39.2,4.946467,-73.941175,4.701902481,-74.03092152,2.9635200000000004
2025-03-08,Centro,AV26,12718397,34.0,4.596453,-74.148856,4.613049,-74.143699,2.5704
2025-03-19,Centro,AV50,13172257,251.0,4.742992,-74.164592,4.71773,-74.2121,18.9756
2025-03-27,Centro,AV06,11598825,1000.0,4.946467,-73.941175,4.60566,-74.0841,75.6
2025-03-18,Centro,AV06,13716030,17.0,4.946467,-73.941175,5.346726086,-73.51313679,1.2852
2025-03-14,Centro,AV06,10794836,1500.0,4.946467,-73.941175,4.617067,-74.090837,113.4
2025-03-01,Centro,AV47,12231633,300.0,4.541264,-74.251706,4.5783301,-74.2425625,22.68
2025-03-22,Centro,AV47,12231633,450.0,4.541264,-74.251706,4.5783301,-74.2425625,34.02
2025-03-12,Centro,AV06,12291574,1730.0,4.946467,-73.941175,2.55768,-72.638,130.788
2025-03-12,Centro,AV06,11660301,250.0,4.946467,-73.941175,5.07553,-73.5774,18.9
2025-03-18,Centro,AV47,12761449,200.0,4.541264,-74.251706,4.343973,-74.377068,15.12
2025-03-03,Centro,AV26,10934717,508.0,4.596453,-74.148856,4.53215,-73.922833,38.4048
2025-03-03,Centro,AV06,14007868,100.0,4.946467,-73.941175,4.68456,-74.09137,7.56
2025-03-28,Centro,AV26,14171456,450.0,4.596453,-74.148856,4.611028,-74.136923,34.02
2025-03-13,Centro,AV06,14234942,3456.0,4.946467,-73.941175,4.60608827,-74.08382884,261.2736
2025-03-07,Centro,AV04,11522328,400.0,5.807142,-73.006556,5.82610206,-73.025819,30.24
2025-03-25,Centro,AV50,10592899,450.0,4.742992,-74.164592,4.81463,-74.3502,34.02
2025-03-06,Centro,AV06,12734639,85.0,4.946467,-73.941175,4.738837655,-74.02750148,6.426
2025-03-15,Centro,AV04,13929223,525.0,5.807142,-73.006556,5.56090395,-72.57729,39.69
2025-03-21,Centro,AV50,14018361,166.0,4.742992,-74.164592,4.75714,-74.099829,12.5496
2025-03-29,Centro,AV47,12408426,470.0,4.541264,-74.251706,4.540471,-74.25511,35.532000000000004
2025-03-11,Centro,AV06,10795311,33.0833334,4.946467,-73.941175,4.64266,-74.0757,2.50110000504
2025-03-31,Centro,AV50,12399495,110.0,4.742992,-74.164592,4.728201,-74.219292,8.316
2025-03-22,Centro,AV47,12408426,450.0,4.541264,-74.251706,4.540471,-74.25511,34.02
2025-03-18,Centro,AV06,12996139,500.0,4.946467,-73.941175,4.62811,-74.160094,37.8
2025-03-04,Centro,AV04,12291366,480.0,5.807142,-73.006556,5.805537,-73.004589,36.288
2025-03-18,Centro,AV04,13406834,105.0,5.807142,-73.006556,5.809665746,-73.02541697,7.938
2025-03-06,Centro,AV06,10794834,6.0,4.946467,-73.941175,4.7573,-74.0645,0.4536
2025-03-19,Centro,AV42,12461640,88.25,5.544456,-73.352553,5.509702,-73.373098,6.6717
2025-03-27,Centro,AV06,13949640,1620.0,4.946467,-73.941175,3.53789,-73.7042,122.472
2025-03-01,Centro,AV42,10292016,200.0,5.544456,-73.352553,5.52242,-73.3615,15.12
2025-03-31,Centro,AV26,11487790,500.0,4.596453,-74.148856,4.572063,-74.094715,37.8
2025-03-25,Centro,AV47,12549072,500.0,4.541264,-74.251706,4.600005032,-74.1804782,37.8
2025-03-22,Centro,AV50,11677477,508.0,4.742992,-74.164592,4.817271,-74.099505,38.4048
2025-03-31,Centro,AV47,11788240,450.0,4.541264,-74.251706,4.5804,-74.4455,34.02
2025-03-18,Centro,AV26,12436775,500.0,4.596453,-74.148856,4.60287,-74.14647,37.8
2025-03-17,Centro,AV47,11342449,450.0,4.541264,-74.251706,4.58077835,-74.16751408,34.02
2025-03-03,Centro,AV50,12973879,530.0,4.742992,-74.164592,4.735639326,-74.25298999,40.068
2025-03-26,Centro,AV06,13949640,2181.0,4.946467,-73.941175,3.53789,-73.7042,164.8836
2025-03-03,Centro,AV47,12408426,450.0,4.541264,-74.251706,4.540471,-74.25511,34.02
2025-03-12,Centro,AV42,12533878,50.0,5.544456,-73.352553,5.50041729,-73.33237997,3.78
2025-03-05,Centro,AV06,10485724,450.0,4.946467,-73.941175,4.87218,-74.1462,34.02
2025-03-08,Centro,AV06,13971700,173.0,4.946467,-73.941175,4.74662428,-74.097665,13.0788
2025-03-27,Centro,AV06,12565696,1800.0,4.946467,-73.941175,4.723704455,-74.12314348,136.08
2025-03-08,Centro,AV47,11036318,401.6666667,4.541264,-74.251706,4.60178141,-74.18254633,30.36600000252
2025-03-26,Centro,AV06,13027933,235.0,4.946467,-73.941175,4.64169,-74.06218,17.766000000000002
2025-03-08,Centro,AV26,10755524,455.0,4.596453,-74.148856,4.5066,-74.1475,34.398
2025-03-19,Centro,AV06,10794834,23.0,4.946467,-73.941175,4.7573,-74.0645,1.7388
2025-03-07,Centro,AV06,12298011,28.0,4.946467,-73.941175,5.0792216,-73.3639895,2.1168
2025-03-22,Centro,AV06,10795264,1000.0,4.946467,-73.941175,4.59352,-74.1244,75.6
2025-03-14,Centro,AV04,10279115,410.0,5.807142,-73.006556,5.825424,-73.03205,30.996
2025-03-28,Centro,AV04,12291292,1404.0,5.807142,-73.006556,5.805537,-73.004589,106.1424
2025-03-06,Centro,AV06,13027931,128.5,4.946467,-73.941175,4.720215,-74.045457,9.7146
2025-03-31,Centro,AV04,12537667,490.0,5.807142,-73.006556,5.78107081,-73.12024286,37.044
2025-03-19,Centro,AV04,12291366,465.0,5.807142,-73.006556,5.805537,-73.004589,35.154
2025-03-29,Centro,AV50,13754617,29.0,4.742992,-74.164592,4.71382388,-74.10081664,2.1924
2025-03-05,Centro,AV47,12231633,180.0,4.541264,-74.251706,4.5783301,-74.2425625,13.608
2025-03-08,Centro,AV06,12291605,1620.0,4.946467,-73.941175,4.949344,-73.94424999,122.472
2025-03-26,Centro,AV26,11473204,468.5,4.596453,-74.148856,4.59425,-74.157,35.4186
2025-03-04,Centro,AV50,14046991,251.0,4.742992,-74.164592,4.73791,-74.16065,18.9756
2025-03-14,Centro,AV26,11487790,500.0,4.596453,-74.148856,4.572063,-74.094715,37.8
2025-03-15,Centro,AV42,13203282,101.0,5.544456,-73.352553,5.500034504,-73.33289947,7.6356
2025-03-03,Centro,AV42,10292016,331.0,5.544456,-73.352553,5.52242,-73.3615,25.0236
2025-03-19,Centro,AV06,12976163,241.0,4.946467,-73.941175,4.67237,-74.15053,18.2196
2025-03-27,Centro,AV50,13954336,500.0,4.742992,-74.164592,4.81423,-74.35357,37.8
2025-03-06,Centro,AV50,14073246,1275.0,4.742992,-74.164592,4.77281,-74.16497,96.39
2025-03-21,Centro,AV06,12611980,900.0,4.946467,-73.941175,4.949344,-73.94425,68.04
2025-03-01,Centro,AV06,12207480,350.0,4.946467,-73.941175,4.963782953,-73.91485868,26.46
2025-03-24,Centro,AV26,14125886,280.0,4.596453,-74.148856,4.58599508,-74.11364358,21.168
2025-03-03,Centro,AV47,11036318,450.0,4.541264,-74.251706,4.60178141,-74.18254633,34.02
2025-03-27,Centro,AV26,11670636,202.0,4.596453,-74.148856,4.569298,-74.080397,15.2712
2025-03-05,Centro,AV50,12297130,50.0,4.742992,-74.164592,4.728168,-74.093705,3.78
2025-03-03,Centro,AV50,11875087,550.0,4.742992,-74.164592,4.693936,-74.122116,41.58
2025-03-10,Centro,AV04,13929223,532.5,5.807142,-73.006556,5.56090395,-72.57729,40.257
2025-03-13,Centro,AV26,13994969,100.0,4.596453,-74.148856,4.57952229,-74.1015,7.56
2025-03-15,Centro,AV42,12236591,128.0,5.544456,-73.352553,5.521355754,-73.36934245,9.6768
2025-03-19,Centro,AV06,10795335,71.5333333,4.946467,-73.941175,4.70021,-74.1155,5.40791999748
2025-03-01,Centro,AV06,13855464,150.0,4.946467,-73.941175,4.7594841,-74.0562124,11.34
2025-03-03,Centro,AV06,13822893,357.0,4.946467,-73.941175,4.715351855,-74.05879492,26.9892
2025-03-29,Centro,AV26,10755524,402.0,4.596453,-74.148856,4.5066,-74.1475,30.3912
2025-03-29,Centro,AV47,11255477,450.0,4.541264,-74.251706,4.632231,-74.464926,34.02
2025-03-03,Centro,AV26,11487790,50.0,4.596453,-74.148856,4.572063,-74.094715,3.78
2025-03-27,Centro,AV50,13949583,672.0,4.742992,-74.164592,4.63932278,-74.13553191,50.8032
2025-03-24,Centro,AV04,10279115,422.0,5.807142,-73.006556,5.825424,-73.03205,31.9032
2025-03-19,Centro,AV42,10279105,471.0,5.544456,-73.352553,5.403232,-73.335933,35.6076
2025-03-22,Centro,AV26,12620294,50.0,4.596453,-74.148856,4.408011,-73.95057,3.78
2025-03-11,Centro,AV50,10592899,450.0,4.742992,-74.164592,4.81463,-74.3502,34.02
2025-03-10,Centro,AV50,14034022,100.0,4.742992,-74.164592,5.008651,-74.477925,7.56
2025-03-30,Centro,AV47,13409261,490.0,4.541264,-74.251706,4.570519666,-74.23725,37.044
2025-03-13,Centro,AV47,11342449,131.05,4.541264,-74.251706,4.58077835,-74.16751408,9.907380000000002
2025-03-05,Centro,AV06,12565696,1800.0,4.946467,-73.941175,4.723704455,-74.12314348,136.08
2025-03-21,Centro,AV06,10794826,1002.0,4.946467,-73.941175,4.67675,-74.1168,75.7512
2025-03-26,Centro,AV50,13949583,539.5,4.742992,-74.164592,4.63932278,-74.13553191,40.7862
2025-03-22,Centro,AV26,12767171,591.0,4.596453,-74.148856,4.600081412,-74.16501213,44.6796
2025-03-12,Centro,AV26,14230382,130.0,4.596453,-74.148856,4.62078119,-74.14758491,9.828
2025-03-27,Centro,AV06,10795260,500.0,4.946467,-73.941175,4.73446,-74.0656,37.8
2025-03-05,Centro,AV26,12463363,110.0,4.596453,-74.148856,4.561855347,-74.14777318,8.316
2025-03-14,Centro,AV06,13855464,50.0,4.946467,-73.941175,4.7594841,-74.0562124,3.78
2025-03-05,Centro,AV26,13515444,108.0,4.596453,-74.148856,4.563871173,-74.14415934,8.1648
2025-03-08,Centro,AV04,13961877,700.0,5.807142,-73.006556,5.508702,-73.370543,52.92
2025-03-06,Centro,AV06,10795230,8000.0,4.946467,-73.941175,4.629552,-74.125001,604.8
2025-03-08,Centro,AV26,11487790,1007.0,4.596453,-74.148856,4.572063,-74.094715,76.1292
2025-03-31,Centro,AV50,12930072,108.0,4.742992,-74.164592,4.743923531,-74.09349544,8.1648
2025-03-28,Centro,AV06,12637278,1800.0,4.946467,-73.941175,1.851860173,-76.04231015,136.08
2025-03-21,Centro,AV47,10596108,257.3083333,4.541264,-74.251706,4.333963,-74.363534,19.45250999748
2025-03-29,Centro,AV06,13855464,150.0,4.946467,-73.941175,4.7594841,-74.0562124,11.34
2025-03-03,Centro,AV06,13547219,91.0,4.946467,-73.941175,4.732550824,-74.02601692,6.8796
2025-03-19,Centro,AV06,10794836,4000.0,4.946467,-73.941175,4.617067,-74.090837,302.4
2025-03-30,Centro,AV06,12565696,900.0,4.946467,-73.941175,4.723704455,-74.12314348,68.04
2025-03-31,Centro,AV06,10795310,273.0,4.946467,-73.941175,4.6321,-74.0755,20.6388
2025-03-05,Centro,AV06,14228850,960.0,4.946467,-73.941175,4.60675053,-74.08641235,72.576
2025-03-26,Centro,AV50,14214600,201.0,4.742992,-74.164592,4.716938347,-74.21356135,15.1956
2025-03-26,Centro,AV06,13027930,186.4,4.946467,-73.941175,4.688543896,-74.0473645,14.09184
2025-03-05,Centro,AV06,10795309,538.1333333,4.946467,-73.941175,4.68689,-74.0737,40.68287999748
2025-03-27,Centro,AV26,11487790,670.0,4.596453,-74.148856,4.572063,-74.094715,50.652
2025-03-22,Centro,AV50,14175053,1800.0,4.742992,-74.164592,4.707255696,-74.21586094,136.08
2025-03-21,Centro,AV26,11487790,500.0,4.596453,-74.148856,4.572063,-74.094715,37.8
2025-03-23,Centro,AV04,12537667,490.0,5.807142,-73.006556,5.78107081,-73.12024286,37.044
2025-03-10,Centro,AV06,14234942,3146.6666666,4.946467,-73.941175,4.60608827,-74.08382884,237.88799999496
2025-03-31,Centro,AV26,12796281,145.5,4.596453,-74.148856,4.584589,-74.125191,10.9998
2025-03-21,Centro,AV26,10771994,500.0,4.596453,-74.148856,4.57196,-74.0933,37.8
2025-03-15,Centro,AV47,12231633,400.0,4.541264,-74.251706,4.5783301,-74.2425625,30.24
2025-03-26,Centro,AV50,10616643,480.0,4.742992,-74.164592,4.92958,-74.1715,36.288
2025-03-08,Centro,AV06,10795272,17.9999999,4.946467,-73.941175,4.76102,-74.0441,1.3607999924399998
2025-03-18,Centro,AV26,10584114,504.0,4.596453,-74.148856,4.64380959,-74.063973,38.1024
2025-03-27,Centro,AV06,13027932,58.2,4.946467,-73.941175,4.639718799,-74.07337601,4.39992
2025-03-23,Centro,AV50,11798605,57.0,4.742992,-74.164592,4.74583,-74.117192,4.3092
2025-03-19,Centro,AV06,10490080,480.0,4.946467,-73.941175,4.91794,-74.0989,36.288
2025-03-10,Centro,AV50,14232230,450.0,4.742992,-74.164592,4.709523835,-74.21910298,34.02
2025-03-28,Centro,AV26,12718397,500.2916667,4.596453,-74.148856,4.613049,-74.143699,37.82205000252
2025-03-17,Centro,AV04,13929223,496.75,5.807142,-73.006556,5.56090395,-72.57729,37.5543
2025-03-17,Centro,AV06,10794836,1000.0,4.946467,-73.941175,4.617067,-74.090837,75.6
2025-03-03,Centro,AV47,10623895,500.0,4.541264,-74.251706,4.63211,-74.4531,37.8
2025-03-20,Centro,AV50,14241671,58.0,4.742992,-74.164592,4.712148,-74.218138,4.3848
2025-03-21,Centro,AV26,12718397,400.0,4.596453,-74.148856,4.613049,-74.143699,30.24
2025-03-30,Centro,AV47,12231633,490.0,4.541264,-74.251706,4.5783301,-74.2425625,37.044
2025-03-20,Centro,AV06,12727839,800.0,4.946467,-73.941175,4.702051327,-74.18407664,60.48
2025-03-31,Centro,AV06,12637278,1800.0,4.946467,-73.941175,1.851860173,-76.04231015,136.08
2025-03-18,Centro,AV06,10486749,480.0,4.946467,-73.941175,5.36846,-73.5213,36.288
2025-03-26,Centro,AV26,10795539,1000.0,4.596453,-74.148856,4.624245,-74.195758,75.6
2025-03-07,Centro,AV06,10795295,48.0,4.946467,-73.941175,4.69637,-74.0427,3.6288
2025-03-15,Centro,AV06,10795295,192.0,4.946467,-73.941175,4.69637,-74.0427,14.5152
2025-03-06,Centro,AV06,10598284,475.0,4.946467,-73.941175,4.68517,-74.0894,35.910000000000004
2025-03-20,Centro,AV04,10290373,510.0,5.807142,-73.006556,5.51897,-72.8845,38.556
2025-03-12,Centro,AV50,14232230,450.0,4.742992,-74.164592,4.709523835,-74.21910298,34.02
2025-03-11,Centro,AV06,14014639,450.0,4.946467,-73.941175,4.68012026,-74.03777427,34.02
2025-03-17,Centro,AV06,10795295,51.6666667,4.946467,-73.941175,4.69637,-74.0427,3.90600000252
2025-03-29,Centro,AV06,10794836,754.5,4.946467,-73.941175,4.617067,-74.090837,57.0402
2025-03-28,Centro,AV50,14232230,450.0,4.742992,-74.164592,4.709523835,-74.21910298,34.02
2025-03-31,Centro,AV06,13747932,200.0,4.946467,-73.941175,4.8638156,-74.06109901,15.12
2025-03-28,Centro,AV04,12291672,4386.0,5.807142,-73.006556,5.805537,-73.004589,331.5816
2025-03-14,Centro,AV50,12297130,50.0,4.742992,-74.164592,4.728168,-74.093705,3.78
2025-03-20,Centro,AV06,13747932,159.0,4.946467,-73.941175,4.8638156,-74.06109901,12.0204
2025-03-29,Centro,AV26,12463363,36.25,4.596453,-74.148856,4.561855347,-74.14777318,2.7405
2025-03-29,Centro,AV50,11677477,476.0,4.742992,-74.164592,4.817271,-74.099505,35.9856
2025-03-12,Centro,AV04,13074910,55.0,5.807142,-73.006556,5.710793,-72.944327,4.158
2025-03-20,Centro,AV50,14258234,150.0,4.742992,-74.164592,4.7334806,-74.2575535,11.34
2025-03-19,Centro,AV04,11383983,432.0,5.807142,-73.006556,5.808149,-73.026729,32.6592
2025-03-14,Centro,AV42,14023747,207.0,5.544456,-73.352553,5.614839,-73.56659,15.6492
2025-03-17,Centro,AV06,12570303,150.0,4.946467,-73.941175,5.027085099,-73.99887073,11.34
2025-03-15,Centro,AV06,14234261,725.0,4.946467,-73.941175,4.75279326,-74.04555369,54.81
2025-03-29,Centro,AV42,12216123,50.0,5.544456,-73.352553,5.28224,-73.1679,3.78
2025-03-29,Centro,AV06,13358879,818.0,4.946467,-73.941175,4.757170912,-74.0644936,61.8408
2025-03-23,Centro,AV50,14232230,450.0,4.742992,-74.164592,4.709523835,-74.21910298,34.02
2025-03-04,Centro,AV04,12989222,220.0,5.807142,-73.006556,5.56739162,-73.18388698,16.632
2025-03-21,Centro,AV06,10795263,1001.0,4.946467,-73.941175,4.631956,-74.124151,75.6756
2025-03-12,Centro,AV26,12176978,14.0,4.596453,-74.148856,4.60439,-74.1357,1.0584
2025-03-30,Centro,AV06,12565696,900.0,4.946467,-73.941175,4.723704455,-74.12314348,68.04
2025-03-30,Centro,AV06,12565696,900.0,4.946467,-73.941175,4.723704455,-74.12314348,68.04
2025-03-15,Centro,AV26,13923102,189.0,4.596453,-74.148856,4.5797734,-74.127761,14.2884
2025-03-14,Centro,AV06,13114887,17.4,4.946467,-73.941175,4.729824162,-74.02424657,1.31544
2025-03-05,Centro,AV26,12718397,520.0,4.596453,-74.148856,4.613049,-74.143699,39.312
2025-03-27,Centro,AV47,12975871,40.0,4.541264,-74.251706,4.5719835,-74.16588616,3.024
2025-03-21,Centro,AV50,12440403,431.0,4.742992,-74.164592,4.73271982,-74.09319294,32.5836
2025-03-05,Centro,AV50,13940463,30.0,4.742992,-74.164592,4.7280188,-74.091833,2.268
2025-03-10,Centro,AV06,13723755,200.0,4.946467,-73.941175,4.60349,-74.08485,15.12
2025-03-18,Centro,AV04,11522328,43.0,5.807142,-73.006556,5.82610206,-73.025819,3.2508
2025-03-21,Centro,AV47,12180705,100.75,4.541264,-74.251706,4.59129,-74.3401,7.6167
2025-03-06,Centro,AV06,12996139,1000.0,4.946467,-73.941175,4.62811,-74.160094,75.6
2025-03-20,Centro,AV26,14125886,162.0,4.596453,-74.148856,4.58599508,-74.11364358,12.2472
2025-03-26,Centro,AV50,13111699,162.0,4.742992,-74.164592,4.730840799,-74.43834745,12.2472
2025-03-12,Centro,AV04,11874240,71.0,5.807142,-73.006556,5.7094289,-72.933467,5.3676
2025-03-31,Centro,AV26,11487790,500.0,4.596453,-74.148856,4.572063,-74.094715,37.8
2025-03-19,Centro,AV26,11487790,500.0,4.596453,-74.148856,4.572063,-74.094715,37.8
2025-03-30,Centro,AV06,11618884,3200.0,4.946467,-73.941175,4.60566,-74.0842,241.92
2025-03-18,Centro,AV26,13201665,500.0,4.596453,-74.148856,4.574178825,-74.15203345,37.8
2025-03-28,Centro,AV04,12291672,1620.0,5.807142,-73.006556,5.805537,-73.004589,122.472
2025-03-10,Centro,AV26,11487790,500.0,4.596453,-74.148856,4.572063,-74.094715,37.8
2025-03-19,Centro,AV04,10279115,748.5,5.807142,-73.006556,5.825424,-73.03205,56.5866
2025-03-17,Centro,AV06,14234261,800.0,4.946467,-73.941175,4.75279326,-74.04555369,60.48
2025-03-07,Centro,AV50,11199877,36.0,4.742992,-74.164592,4.714186,-74.219022,2.7216
2025-03-15,Centro,AV50,13725910,9.0,4.742992,-74.164592,4.732428582,-74.09620625,0.6804
2025-03-03,Centro,AV06,10795335,521.0,4.946467,-73.941175,4.70021,-74.1155,39.3876
2025-03-25,Centro,AV04,11522328,330.0,5.807142,-73.006556,5.82610206,-73.025819,24.948
2025-03-17,Centro,AV04,12537667,500.0,5.807142,-73.006556,5.78107081,-73.12024286,37.8
2025-03-25,Centro,AV04,13961877,500.0,5.807142,-73.006556,5.508702,-73.370543,37.8
2025-03-22,Centro,AV26,12620294,500.0,4.596453,-74.148856,4.408011,-73.95057,37.8
2025-03-11,Centro,AV50,12186829,480.0,4.742992,-74.164592,4.751755,-74.144885,36.288
2025-03-21,Centro,AV06,10795262,502.0,4.946467,-73.941175,4.68332,-74.0807,37.9512
2025-03-15,Centro,AV06,12403625,30.0,4.946467,-73.941175,5.03795541,-73.9927692,2.268
2025-03-23,Centro,AV47,13799819,450.0,4.541264,-74.251706,4.60043548,-74.18824768,34.02
2025-03-29,Centro,AV06,12738954,50.0,4.946467,-73.941175,4.873950071,-74.141887,3.78
2025-03-14,Centro,AV06,12291320,1992.0,4.946467,-73.941175,4.176519148,-73.64177585,150.5952
2025-03-19,Centro,AV50,12754309,345.0,4.742992,-74.164592,4.711907558,-74.09660139,26.082
2025-03-01,Centro,AV06,14121551,1700.0,4.946467,-73.941175,4.62709004,-74.09909111,128.52
2025-03-12,Centro,AV06,13385441,170.0,4.946467,-73.941175,4.74623392,-74.05896575,12.852
2025-03-22,Centro,AV26,12559216,300.25,4.596453,-74.148856,4.628072,-74.15658,22.6989
2025-03-04,Centro,AV26,14046990,861.0,4.596453,-74.148856,4.59661,-74.14933,65.0916
2025-03-18,Centro,AV50,11411107,1296.0,4.742992,-74.164592,4.742676,-74.164932,97.9776
2025-03-05,Centro,AV06,10795260,1105.0,4.946467,-73.941175,4.73446,-74.0656,83.538
2025-03-13,Centro,AV47,11372715,130.0,4.541264,-74.251706,4.573843,-74.162496,9.828
2025-03-07,Centro,AV06,13114887,74.5,4.946467,-73.941175,4.729824162,-74.02424657,5.6322
2025-03-05,Centro,AV06,11272034,524.0,4.946467,-73.941175,4.86747,-73.877,39.6144
2025-03-05,Centro,AV47,12167099,211.0,4.541264,-74.251706,4.5903729,-74.2239206,15.9516
2025-03-08,Centro,AV06,10795230,3000.0,4.946467,-73.941175,4.629552,-74.125001,226.8
2025-03-14,Centro,AV04,12291672,3870.0,5.807142,-73.006556,5.805537,-73.004589,292.572
2025-03-26,Centro,AV47,12434217,486.0,4.541264,-74.251706,4.578303278,-74.21317856,36.7416
2025-03-19,Centro,AV06,10485724,373.0,4.946467,-73.941175,4.87218,-74.1462,28.1988
2025-03-12,Centro,AV47,12434217,134.0,4.541264,-74.251706,4.578303278,-74.21317856,10.1304
2025-03-23,Centro,AV06,10795219,501.0,4.946467,-73.941175,4.72112517,-74.12188288,37.8756
2025-03-18,Centro,AV06,13188397,300.0,4.946467,-73.941175,4.722754364,-74.06795843,22.68
2025-03-03,Centro,AV47,12408426,450.0,4.541264,-74.251706,4.540471,-74.25511,34.02
2025-03-01,Centro,AV06,12570303,450.0,4.946467,-73.941175,5.027085099,-73.99887073,34.02
2025-03-20,Centro,AV26,10771994,500.0,4.596453,-74.148856,4.57196,-74.0933,37.8
2025-03-03,Centro,AV47,13409261,490.0,4.541264,-74.251706,4.570519666,-74.23725,37.044
2025-03-05,Centro,AV26,12767171,202.5416667,4.596453,-74.148856,4.600081412,-74.16501213,15.31215000252
2025-03-19,Centro,AV47,10770560,357.0,4.541264,-74.251706,4.48942,-74.2598,26.9892
2025-03-07,Centro,AV06,11468625,110.0,4.946467,-73.941175,5.08345,-73.3664,8.316
2025-03-17,Centro,AV04,12291672,1440.0,5.807142,-73.006556,5.805537,-73.004589,108.864
2025-03-22,Centro,AV06,14206523,250.0,4.946467,-73.941175,5.0839107,-73.3675403,18.9
2025-03-25,Centro,AV06,10598284,288.0,4.946467,-73.941175,4.68517,-74.0894,21.7728
2025-03-21,Centro,AV06,11059874,328.0,4.946467,-73.941175,5.25647,-73.6728,24.7968
2025-03-28,Centro,AV06,11240272,266.2,4.946467,-73.941175,4.7124,-74.0711,20.12472
2025-03-29,Centro,AV06,10794826,1000.0,4.946467,-73.941175,4.67675,-74.1168,75.6
2025-03-28,Centro,AV50,13949583,540.0,4.742992,-74.164592,4.63932278,-74.13553191,40.824
2025-03-19,Centro,AV06,12566225,3738.0,4.946467,-73.941175,4.628305,-74.159196,282.5928
2025-03-30,Centro,AV47,13409261,490.0,4.541264,-74.251706,4.570519666,-74.23725,37.044
2025-03-18,Centro,AV26,13047321,210.0,4.596453,-74.148856,4.40398226,-74.02454929,15.876
2025-03-18,Centro,AV06,10795180,16.0,4.946467,-73.941175,4.85152,-74.0295,1.2096
2025-03-27,Centro,AV06,10795336,22.1666667,4.946467,-73.941175,4.68776,-74.0514,1.67580000252
2025-03-19,Centro,AV50,13777408,306.0,4.742992,-74.164592,4.697317416,-74.09515155,23.1336
2025-03-27,Centro,AV50,14175053,900.0,4.742992,-74.164592,4.707255696,-74.21586094,68.04
2025-03-29,Centro,AV04,12459839,200.0,5.807142,-73.006556,5.806357,-73.005643,15.12
2025-03-03,Centro,AV06,13949640,2248.0,4.946467,-73.941175,3.53789,-73.7042,169.9488
2025-03-18,Centro,AV06,12291334,1422.0,4.946467,-73.941175,4.949344,-73.94424999,107.5032
2025-03-22,Centro,AV06,13172099,63.5,4.946467,-73.941175,4.742306,-74.086621,4.8006
2025-03-25,Centro,AV50,14041147,216.0,4.742992,-74.164592,4.8141195,-74.350649,16.3296
2025-03-11,Centro,AV50,13971337,140.0,4.742992,-74.164592,4.69371525,-74.18238671,10.584
2025-03-31,Centro,AV26,11487790,500.0,4.596453,-74.148856,4.572063,-74.094715,37.8
2025-03-20,Centro,AV26,10757473,46.1666666,4.596453,-74.148856,4.554051,-74.093696,3.49019999496
2025-03-23,Centro,AV50,12399495,255.0,4.742992,-74.164592,4.728201,-74.219292,19.278
2025-03-22,Centro,AV06,13971700,251.0,4.946467,-73.941175,4.74662428,-74.097665,18.9756
2025-03-29,Centro,AV06,14130070,450.0,4.946467,-73.941175,4.720915,-73.967129,34.02
2025-03-31,Centro,AV50,12580142,100.0,4.742992,-74.164592,4.756615,-74.114014,7.56
2025-03-31,Centro,AV04,10282280,30.0,5.807142,-73.006556,5.80194,-72.799173,2.268
2025-03-05,Centro,AV06,10795225,51.2,4.946467,-73.941175,4.74047,-74.064,3.87072
2025-03-20,Centro,AV26,11670636,158.0,4.596453,-74.148856,4.569298,-74.080397,11.9448
2025-03-31,Centro,AV47,13971914,400.0,4.541264,-74.251706,4.6163854,-74.1879468,30.24
2025-03-27,Centro,AV47,12408426,715.0,4.541264,-74.251706,4.540471,-74.25511,54.054
2025-03-26,Centro,AV26,10794828,2.0,4.596453,-74.148856,4.63195,-74.146,0.1512
2025-03-07,Centro,AV26,13472905,900.0,4.596453,-74.148856,4.571113,-74.090515,68.04
2025-03-15,Centro,AV04,13929223,517.5,5.807142,-73.006556,5.56090395,-72.57729,39.123
2025-03-08,Centro,AV47,12408426,470.0,4.541264,-74.251706,4.540471,-74.25511,35.532000000000004
2025-03-20,Centro,AV06,10795340,80.0,4.946467,-73.941175,4.71935,-74.0362,6.048
2025-03-06,Centro,AV06,14130070,290.0,4.946467,-73.941175,4.720915,-73.967129,21.924
2025-03-26,Centro,AV06,12565696,900.0,4.946467,-73.941175,4.723704455,-74.12314348,68.04
2025-03-25,Centro,AV26,13201665,500.0,4.596453,-74.148856,4.574178825,-74.15203345,37.8
2025-03-08,Centro,AV42,11194949,285.0,5.544456,-73.352553,5.536846,-73.366079,21.546
2025-03-03,Centro,AV06,13001713,900.0,4.946467,-73.941175,4.6029336,-74.1826122,68.04
2025-03-22,Centro,AV04,13866825,480.0,5.807142,-73.006556,5.994968,-72.691329,36.288
2025-03-31,Centro,AV50,13954336,3.0,4.742992,-74.164592,4.81423,-74.35357,0.2268
2025-03-07,Centro,AV04,11522328,300.0,5.807142,-73.006556,5.82610206,-73.025819,22.68
2025-03-25,Centro,AV47,13331083,100.0,4.541264,-74.251706,4.178581401,-74.42316647,7.56
2025-03-08,Centro,AV26,14171456,300.0,4.596453,-74.148856,4.611028,-74.136923,22.68
2025-03-26,Centro,AV42,11730329,134.0,5.544456,-73.352553,5.56347,-73.346564,10.1304
2025-03-22,Centro,AV06,10795263,16.0,4.946467,-73.941175,4.631956,-74.124151,1.2096
2025-03-08,Centro,AV06,12637278,1800.0,4.946467,-73.941175,1.851860173,-76.04231015,136.08
2025-03-31,Centro,AV42,12461640,480.0,5.544456,-73.352553,5.509702,-73.373098,36.288
2025-03-17,Centro,AV50,12783067,200.0,4.742992,-74.164592,5.004283036,-74.47233542,15.12
2025-03-03,Centro,AV06,10794834,202.0,4.946467,-73.941175,4.7573,-74.0645,15.2712
2025-03-08,Centro,AV26,10771713,77.8333334,4.596453,-74.148856,4.56127,-74.1407,5.88420000504
2025-03-03,Centro,AV50,12211377,51.0,4.742992,-74.164592,5.011516303,-74.46906948,3.8556
2025-03-20,Centro,AV06,12223810,89.6666666,4.946467,-73.941175,4.65159597,-74.10677234,6.77879999496
2025-03-14,Centro,AV04,10314596,241.0,5.807142,-73.006556,5.832941105,-73.0318982,18.2196
2025-03-14,Centro,AV26,10947192,875.0,4.596453,-74.148856,4.57861,-74.10259,66.15
2025-03-21,Centro,AV47,12434217,460.0,4.541264,-74.251706,4.578303278,-74.21317856,34.776
2025-03-04,Centro,AV06,13188397,76.0,4.946467,-73.941175,4.722754364,-74.06795843,5.7456
2025-03-17,Centro,AV47,11255477,450.0,4.541264,-74.251706,4.632231,-74.464926,34.02
2025-03-20,Centro,AV06,10795262,487.7,4.946467,-73.941175,4.68332,-74.0807,36.87012
2025-03-18,Centro,AV06,12727839,800.0,4.946467,-73.941175,4.702051327,-74.18407664,60.48
2025-03-12,Centro,AV06,14234261,375.0,4.946467,-73.941175,4.75279326,-74.04555369,28.35
2025-03-06,Centro,AV06,12996139,500.0,4.946467,-73.941175,4.62811,-74.160094,37.8
2025-03-27,Centro,AV06,10795230,3000.0,4.946467,-73.941175,4.629552,-74.125001,226.8
2025-03-07,Centro,AV26,14046990,753.0,4.596453,-74.148856,4.59661,-74.14933,56.9268
2025-03-05,Centro,AV06,10795262,519.0,4.946467,-73.941175,4.68332,-74.0807,39.2364
2025-03-06,Centro,AV06,13001713,900.0,4.946467,-73.941175,4.6029336,-74.1826122,68.04
2025-03-26,Centro,AV26,11487790,750.0,4.596453,-74.148856,4.572063,-74.094715,56.7
2025-03-22,Centro,AV26,13515444,200.0,4.596453,-74.148856,4.563871173,-74.14415934,15.12
2025-03-03,Centro,AV06,13114887,154.7333333,4.946467,-73.941175,4.729824162,-74.02424657,11.69783999748
2025-03-30,Centro,AV04,10279115,432.0,5.807142,-73.006556,5.825424,-73.03205,32.6592
2025-03-17,Centro,AV06,12135753,565.6,4.946467,-73.941175,5.012731,-73.861147,42.75936
2025-03-10,Centro,AV06,10795441,13.0,4.946467,-73.941175,4.77137,-74.0404,0.9828
2025-03-26,Centro,AV06,10795339,527.5,4.946467,-73.941175,4.74906,-74.0971,39.879
2025-03-01,Centro,AV06,10795358,47.6666667,4.946467,-73.941175,4.86638,-74.0372,3.60360000252
2025-03-19,Centro,AV04,13929223,489.0,5.807142,-73.006556,5.56090395,-72.57729,36.9684
2025-03-26,Centro,AV47,13409261,500.0,4.541264,-74.251706,4.570519666,-74.23725,37.8
2025-03-31,Centro,AV42,10297082,480.0,5.544456,-73.352553,5.652462,-73.653313,36.288
2025-03-22,Centro,AV26,12767171,500.0,4.596453,-74.148856,4.600081412,-74.16501213,37.8
2025-03-14,Centro,AV04,11702610,492.0,5.807142,-73.006556,5.782401,-73.115921,37.1952
2025-03-15,Centro,AV26,13221447,12.0,4.596453,-74.148856,4.599024841,-74.14789657,0.9072
2025-03-28,Centro,AV06,11268397,510.0,4.946467,-73.941175,4.92073,-74.0242,38.556
2025-03-01,Centro,AV50,13719685,400.0,4.742992,-74.164592,4.70747,-74.23193,30.24
2025-03-31,Centro,AV26,10771994,500.0,4.596453,-74.148856,4.57196,-74.0933,37.8
2025-03-21,Centro,AV26,10755524,450.0,4.596453,-74.148856,4.5066,-74.1475,34.02
2025-03-21,Centro,AV26,10795443,489.0,4.596453,-74.148856,4.596723,-74.152602,36.9684
2025-03-26,Centro,AV47,13849853,450.0,4.541264,-74.251706,4.596548,-74.197851,34.02
2025-03-01,Centro,AV06,13027931,135.5333333,4.946467,-73.941175,4.720215,-74.045457,10.24631999748
2025-03-06,Centro,AV04,12955588,50.0,5.807142,-73.006556,5.988616513,-72.91161493,3.78
2025-03-18,Centro,AV26,12751277,101.0,4.596453,-74.148856,4.5786192,-74.1138589,7.6356
2025-03-28,Centro,AV26,10795443,18.6,4.596453,-74.148856,4.596723,-74.152602,1.40616
2025-03-28,Centro,AV47,12434217,460.0,4.541264,-74.251706,4.578303278,-74.21317856,34.776
2025-03-22,Centro,AV06,11153203,110.0,4.946467,-73.941175,4.73877,-74.0286,8.316
2025-03-01,Centro,AV50,12211377,480.0,4.742992,-74.164592,5.011516303,-74.46906948,36.288
2025-03-17,Centro,AV06,10492698,205.0,4.946467,-73.941175,5.21760888,-73.45694244,15.498
2025-03-08,Centro,AV47,12784751,600.0,4.541264,-74.251706,4.522614,-74.241185,45.36
2025-03-29,Centro,AV06,12565696,1800.0,4.946467,-73.941175,4.723704455,-74.12314348,136.08
2025-03-17,Centro,AV47,11372715,500.0,4.541264,-74.251706,4.573843,-74.162496,37.8
2025-03-07,Centro,AV26,10771994,500.0,4.596453,-74.148856,4.57196,-74.0933,37.8
2025-03-10,Centro,AV06,13001713,1800.0,4.946467,-73.941175,4.6029336,-74.1826122,136.08
2025-03-10,Centro,AV26,14136396,175.0,4.596453,-74.148856,4.5461179,-74.10619086,13.23
2025-03-23,Centro,AV50,14241671,100.0,4.742992,-74.164592,4.712148,-74.218138,7.56
2025-03-31,Centro,AV06,10658724,750.0,4.946467,-73.941175,4.708185,-74.116536,56.7
2025-03-20,Centro,AV06,10794632,200.5,4.946467,-73.941175,4.67961,-74.1076,15.1578
2025-03-08,Centro,AV42,13205019,50.0,5.544456,-73.352553,5.50021727,-73.33286303,3.78
2025-03-17,Centro,AV06,12565696,1500.0,4.946467,-73.941175,4.723704455,-74.12314348,113.4
2025-03-28,Centro,AV06,10795441,500.0,4.946467,-73.941175,4.77137,-74.0404,37.8
2025-03-21,Centro,AV26,12109406,324.0,4.596453,-74.148856,4.627036478,-74.14946091,24.4944
2025-03-03,Centro,AV47,13409261,490.0,4.541264,-74.251706,4.570519666,-74.23725,37.044
2025-03-25,Centro,AV06,13975701,600.0,4.946467,-73.941175,4.648427,-74.060859,45.36
2025-03-17,Centro,AV06,10795264,9.0,4.946467,-73.941175,4.59352,-74.1244,0.6804
2025-03-17,Centro,AV06,12637278,1800.0,4.946467,-73.941175,1.851860173,-76.04231015,136.08
2025-03-17,Centro,AV06,12611980,900.0,4.946467,-73.941175,4.949344,-73.94425,68.04
2025-03-05,Centro,AV26,13472905,1000.0,4.596453,-74.148856,4.571113,-74.090515,75.6
2025-03-28,Centro,AV47,12549072,500.0,4.541264,-74.251706,4.600005032,-74.1804782,37.8
2025-03-11,Centro,AV06,13662499,35.0,4.946467,-73.941175,5.144974134,-73.68733397,2.646
2025-03-22,Centro,AV06,10795272,218.0,4.946467,-73.941175,4.76102,-74.0441,16.4808
2025-03-29,Centro,AV06,12459391,157.0,4.946467,-73.941175,5.03249462,-73.99470548,11.8692
2025-03-25,Centro,AV06,12291574,1625.0,4.946467,-73.941175,2.55768,-72.638,122.85
2025-03-05,Centro,AV50,10616643,88.0,4.742992,-74.164592,4.92958,-74.1715,6.6528
2025-03-03,Centro,AV06,12738954,250.0,4.946467,-73.941175,4.873950071,-74.141887,18.9
2025-03-10,Centro,AV50,11349249,485.0,4.742992,-74.164592,4.73513,-74.101089,36.666
2025-03-31,Centro,AV06,11268397,480.0,4.946467,-73.941175,4.92073,-74.0242,36.288
2025-03-26,Centro,AV06,14014639,445.0,4.946467,-73.941175,4.68012026,-74.03777427,33.642
2025-03-08,Centro,AV06,13723755,1000.0,4.946467,-73.941175,4.60349,-74.08485,75.6
2025-03-06,Centro,AV47,12504113,80.0104167,4.541264,-74.251706,4.4548752,-74.37992376,6.04878750252
2025-03-27,Centro,AV50,12973879,250.0,4.742992,-74.164592,4.735639326,-74.25298999,18.9
2025-03-21,Centro,AV26,13923102,245.0,4.596453,-74.148856,4.5797734,-74.127761,18.522
2025-03-04,Centro,AV50,13235995,441.5,4.742992,-74.164592,5.001163532,-74.33941038,33.3774
2025-03-29,Centro,AV26,12754826,500.0,4.596453,-74.148856,4.566603809,-74.08116971,37.8
2025-03-11,Centro,AV06,11468625,132.0,4.946467,-73.941175,5.08345,-73.3664,9.9792
2025-03-17,Centro,AV47,13409261,475.0,4.541264,-74.251706,4.570519666,-74.23725,35.910000000000004
2025-03-29,Centro,AV06,10795180,32.0,4.946467,-73.941175,4.85152,-74.0295,2.4192
2025-03-22,Centro,AV26,12718397,200.0,4.596453,-74.148856,4.613049,-74.143699,15.12
2025-03-18,Centro,AV50,10639080,450.0,4.742992,-74.164592,4.76032,-74.4665,34.02
2025-03-29,Centro,AV47,12434217,479.0,4.541264,-74.251706,4.578303278,-74.21317856,36.2124
2025-03-25,Centro,AV50,13400681,450.0,4.742992,-74.164592,4.996702164,-74.34008451,34.02
2025-03-04,Centro,AV47,13449228,108.0,4.541264,-74.251706,4.490725562,-74.26046997,8.1648
2025-03-22,Centro,AV26,12620294,500.0,4.596453,-74.148856,4.408011,-73.95057,37.8
2025-03-11,Centro,AV26,13957832,100.0,4.596453,-74.148856,4.620287,-74.165646,7.56
2025-03-18,Centro,AV06,12767422,480.0,4.946467,-73.941175,4.7153125,-74.05881619,36.288
2025-03-27,Centro,AV26,12109406,324.0,4.596453,-74.148856,4.627036478,-74.14946091,24.4944
2025-03-22,Centro,AV06,13949640,2176.0,4.946467,-73.941175,3.53789,-73.7042,164.50560000000002
2025-03-08,Centro,AV06,13114893,24.3333333,4.946467,-73.941175,4.66751678,-74.11906,1.83959999748
2025-03-05,Centro,AV26,13472905,309.25,4.596453,-74.148856,4.571113,-74.090515,23.3793
2025-03-04,Centro,AV26,10584114,452.0,4.596453,-74.148856,4.64380959,-74.063973,34.1712
2025-03-05,Centro,AV06,10795219,963.6333333,4.946467,-73.941175,4.72112517,-74.12188288,72.85067999748
2025-03-31,Centro,AV50,13754617,480.0,4.742992,-74.164592,4.71382388,-74.10081664,36.288
2025-03-12,Centro,AV06,12223810,7.9,4.946467,-73.941175,4.65159597,-74.10677234,0.59724
2025-03-03,Centro,AV06,10658724,800.0,4.946467,-73.941175,4.708185,-74.116536,60.48
2025-03-07,Centro,AV26,14192257,209.3333333,4.596453,-74.148856,4.510155614,-74.11143333,15.82559999748
2025-03-25,Centro,AV06,11188850,1290.0,4.946467,-73.941175,4.940174,-73.943858,97.524
2025-03-29,Centro,AV06,12565696,900.0,4.946467,-73.941175,4.723704455,-74.12314348,68.04
2025-03-01,Centro,AV06,12594389,100.0,4.946467,-73.941175,5.024403267,-74.00954433,7.56
2025-03-31,Centro,AV04,13961877,11.4,5.807142,-73.006556,5.508702,-73.370543,0.86184
2025-03-04,Centro,AV26,14213196,540.0,4.596453,-74.148856,4.549718944,-74.16025758,40.824
2025-03-20,Centro,AV50,12973879,20.0,4.742992,-74.164592,4.735639326,-74.25298999,1.512
2025-03-06,Centro,AV04,12291672,2745.0,5.807142,-73.006556,5.805537,-73.004589,207.522
2025-03-01,Centro,AV26,12463363,6.5,4.596453,-74.148856,4.561855347,-74.14777318,0.4914
2025-03-31,Centro,AV06,13227723,336.8333334,4.946467,-73.941175,4.73022578,-74.02875564,25.46460000504
2025-03-26,Centro,AV06,10794836,3500.0,4.946467,-73.941175,4.617067,-74.090837,264.6
2025-03-13,Centro,AV06,13984004,270.0,4.946467,-73.941175,4.90903787,-73.939149,20.412
2025-03-18,Centro,AV50,13971337,330.0,4.742992,-74.164592,4.69371525,-74.18238671,24.948
2025-03-13,Centro,AV04,10279115,399.0,5.807142,-73.006556,5.825424,-73.03205,30.1644
2025-03-06,Centro,AV06,13027933,305.7,4.946467,-73.941175,4.64169,-74.06218,23.11092
2025-03-15,Centro,AV26,12767171,600.0,4.596453,-74.148856,4.600081412,-74.16501213,45.36
2025-03-28,Centro,AV04,13406834,50.0,5.807142,-73.006556,5.809665746,-73.02541697,3.78
2025-03-22,Centro,AV06,13237608,50.0,4.946467,-73.941175,5.03337803,-73.9965692,3.78
2025-03-27,Centro,AV26,11487790,500.0,4.596453,-74.148856,4.572063,-74.094715,37.8
2025-03-07,Centro,AV06,11059874,98.0,4.946467,-73.941175,5.25647,-73.6728,7.4088
2025-03-03,Centro,AV06,13001713,900.0,4.946467,-73.941175,4.6029336,-74.1826122,68.04
2025-03-28,Centro,AV06,13114898,62.3333333,4.946467,-73.941175,4.75116612,-74.05110926,4.71239999748
2025-03-14,Centro,AV50,10794823,487.0,4.742992,-74.164592,4.702974,-74.222416,36.8172
2025-03-10,Centro,AV26,13200008,51.0,4.596453,-74.148856,4.565739,-74.101753,3.8556
2025-03-31,Centro,AV06,14228850,2600.0,4.946467,-73.941175,4.60675053,-74.08641235,196.56
2025-03-20,Centro,AV50,13481027,178.5833333,4.742992,-74.164592,5.018217,-74.468255,13.50089999748
2025-03-20,Centro,AV06,10794836,3000.0,4.946467,-73.941175,4.617067,-74.090837,226.8
2025-03-07,Centro,AV06,13172099,114.0,4.946467,-73.941175,4.742306,-74.086621,8.6184
2025-03-17,Centro,AV47,10637355,356.0,4.541264,-74.251706,4.407317,-74.387517,26.9136
2025-03-29,Centro,AV06,10791145,320.0,4.946467,-73.941175,5.02783,-73.9997,24.192
2025-03-27,Centro,AV06,10795308,142.3666667,4.946467,-73.941175,4.64777,-74.0601,10.76292000252
2025-03-31,Centro,AV04,12537667,280.0,5.807142,-73.006556,5.78107081,-73.12024286,21.168
2025-03-03,Centro,AV06,10795219,22.0,4.946467,-73.941175,4.72112517,-74.12188288,1.6632
2025-03-07,Centro,AV47,13331083,410.0,4.541264,-74.251706,4.178581401,-74.42316647,30.996
2025-03-14,Centro,AV06,13114895,17.5,4.946467,-73.941175,4.701902481,-74.03092152,1.323
2025-03-03,Centro,AV50,14034022,260.0,4.742992,-74.164592,5.008651,-74.477925,19.656
2025-03-19,Centro,AV04,12941201,121.0,5.807142,-73.006556,5.716109,-72.932758,9.1476
2025-03-10,Centro,AV50,14241671,55.4166667,4.742992,-74.164592,4.712148,-74.218138,4.18950000252
2025-03-18,Centro,AV26,10794842,2.0,4.596453,-74.148856,4.63042,-74.168,0.1512
2025-03-25,Centro,AV50,12937600,450.0,4.742992,-74.164592,4.731025711,-74.43521896,34.02
2025-03-14,Centro,AV06,10481909,480.0,4.946467,-73.941175,5.00816,-73.4721,36.288
2025-03-26,Centro,AV26,12463363,370.0,4.596453,-74.148856,4.561855347,-74.14777318,27.972
2025-03-07,Centro,AV26,10755524,435.0,4.596453,-74.148856,4.5066,-74.1475,32.886
2025-03-15,Centro,AV50,14018361,206.0,4.742992,-74.164592,4.75714,-74.099829,15.5736
2025-03-21,Centro,AV42,14208311,95.0,5.544456,-73.352553,5.58599158,-73.54190706,7.182
2025-03-06,Centro,AV06,13114898,34.5,4.946467,-73.941175,4.75116612,-74.05110926,2.6082
2025-03-11,Centro,AV06,10486256,480.0,4.946467,-73.941175,5.32186,-73.4919,36.288
2025-03-10,Centro,AV06,14026090,140.0,4.946467,-73.941175,4.920671395,-74.03295256,10.584
2025-03-20,Centro,AV47,12408426,450.0,4.541264,-74.251706,4.540471,-74.25511,34.02
2025-03-06,Centro,AV06,14014639,450.0,4.946467,-73.941175,4.68012026,-74.03777427,34.02
2025-03-21,Centro,AV47,13855020,230.0,4.541264,-74.251706,4.326515,-74.4033,17.388
2025-03-25,Centro,AV47,11788240,480.0,4.541264,-74.251706,4.5804,-74.4455,36.288
2025-03-12,Centro,AV06,13172099,56.0,4.946467,-73.941175,4.742306,-74.086621,4.2336
2025-03-27,Centro,AV06,11268397,295.0,4.946467,-73.941175,4.92073,-74.0242,22.302
2025-03-20,Centro,AV06,13114895,52.8333333,4.946467,-73.941175,4.701902481,-74.03092152,3.99419999748
2025-03-25,Centro,AV04,12571274,40.0,5.807142,-73.006556,5.818957417,-73.03599237,3.024
2025-03-12,Centro,AV06,12976160,175.0,4.946467,-73.941175,4.66587,-74.11944,13.23
2025-03-29,Centro,AV06,13969047,1000.0,4.946467,-73.941175,4.64254126,-74.07741204,75.6
2025-03-08,Centro,AV26,12752013,483.0,4.596453,-74.148856,4.548462,-74.093207,36.5148
2025-03-23,Centro,AV06,14130070,189.0,4.946467,-73.941175,4.720915,-73.967129,14.2884
2025-03-06,Centro,AV06,12965841,231.0,4.946467,-73.941175,4.639588,-74.141083,17.4636
2025-03-22,Centro,AV06,12996139,1500.0,4.946467,-73.941175,4.62811,-74.160094,113.4
2025-03-21,Centro,AV06,11188850,300.0,4.946467,-73.941175,4.940174,-73.943858,22.68
2025-03-08,Centro,AV26,12767171,500.0,4.596453,-74.148856,4.600081412,-74.16501213,37.8
2025-03-04,Centro,AV50,14232230,651.0,4.742992,-74.164592,4.709523835,-74.21910298,49.2156
2025-03-27,Centro,AV04,11702610,490.0,5.807142,-73.006556,5.782401,-73.115921,37.044
2025-03-14,Centro,AV06,12291574,980.5,4.946467,-73.941175,2.55768,-72.638,74.1258
2025-03-08,Centro,AV26,12615703,6.8333332,4.596453,-74.148856,4.586901,-74.140201,0.51659998992
2025-03-07,Centro,AV26,10947192,468.0,4.596453,-74.148856,4.57861,-74.10259,35.3808
2025-03-08,Centro,AV06,13978658,100.0,4.946467,-73.941175,5.0227742,-73.9822619,7.56
2025-03-22,Centro,AV26,10794631,137.0,4.596453,-74.148856,4.6096,-74.1126,10.3572
2025-03-25,Centro,AV06,13046623,107.5833333,4.946467,-73.941175,5.319175927,-73.39584551,8.13329999748
2025-03-04,Centro,AV50,14046991,645.0,4.742992,-74.164592,4.73791,-74.16065,48.762
2025-03-11,Centro,AV06,14212163,1620.0,4.946467,-73.941175,3.91461327,-75.47938896,122.472
2025-03-10,Centro,AV06,13114888,32.5,4.946467,-73.941175,4.61955,-74.06643,2.457
2025-03-17,Centro,AV26,10795539,1000.0,4.596453,-74.148856,4.624245,-74.195758,75.6
2025-03-29,Centro,AV26,13749431,201.0,4.596453,-74.148856,4.60543236,-74.13633567,15.1956
2025-03-28,Centro,AV50,13328342,500.0,4.742992,-74.164592,4.705759797,-74.20956137,37.8
2025-03-28,Centro,AV26,10947192,149.0,4.596453,-74.148856,4.57861,-74.10259,11.2644
2025-03-11,Centro,AV50,10679116,200.0,4.742992,-74.164592,4.725908,-74.092818,15.12
2025-03-06,Centro,AV06,11468625,450.0,4.946467,-73.941175,5.08345,-73.3664,34.02
2025-03-07,Centro,AV47,12170393,100.0,4.541264,-74.251706,4.63768,-74.5195,7.56
2025-03-31,Centro,AV42,10279118,485.0,5.544456,-73.352553,5.631301,-73.527817,36.666
2025-03-12,Centro,AV04,12291658,2304.0,5.807142,-73.006556,5.805537,-73.004589,174.1824
2025-03-17,Centro,AV50,13940463,5.0,4.742992,-74.164592,4.7280188,-74.091833,0.378
2025-03-01,Centro,AV06,14206523,200.0,4.946467,-73.941175,5.0839107,-73.3675403,15.12
2025-03-17,Centro,AV26,13817212,54.25,4.596453,-74.148856,4.588597,-74.101661,4.1013
2025-03-03,Centro,AV06,14234318,400.0,4.946467,-73.941175,4.63763283,-74.06995454,30.24
2025-03-12,Centro,AV26,10794828,292.8,4.596453,-74.148856,4.63195,-74.146,22.13568
2025-03-25,Centro,AV06,11059874,52.0,4.946467,-73.941175,5.25647,-73.6728,3.9312
2025-03-18,Centro,AV47,12969860,450.0,4.541264,-74.251706,4.32979,-74.38234,34.02
2025-03-27,Centro,AV26,13923102,289.0,4.596453,-74.148856,4.5797734,-74.127761,21.8484
2025-03-29,Centro,AV06,12902117,450.0,4.946467,-73.941175,5.083033188,-73.36519122,34.02
2025-03-07,Centro,AV50,14041147,85.0,4.742992,-74.164592,4.8141195,-74.350649,6.426
2025-03-26,Centro,AV42,13205019,350.0,5.544456,-73.352553,5.50021727,-73.33286303,26.46
2025-03-27,Centro,AV06,10795230,2000.0,4.946467,-73.941175,4.629552,-74.125001,151.2
2025-03-17,Centro,AV04,13866825,480.0,5.807142,-73.006556,5.994968,-72.691329,36.288
2025-03-29,Centro,AV47,12408426,470.0,4.541264,-74.251706,4.540471,-74.25511,35.532000000000004
2025-03-01,Centro,AV04,13866825,730.0,5.807142,-73.006556,5.994968,-72.691329,55.188
2025-03-12,Centro,AV06,12976160,117.0,4.946467,-73.941175,4.66587,-74.11944,8.8452
2025-03-27,Centro,AV06,10795304,233.0,4.946467,-73.941175,4.66689,-74.0499,17.6148
2025-03-19,Centro,AV06,14234318,750.0,4.946467,-73.941175,4.63763283,-74.06995454,56.7
2025-03-28,Centro,AV04,11790664,403.0,5.807142,-73.006556,5.8143381,-73.031465,30.4668
2025-03-25,Centro,AV04,12537667,128.0,5.807142,-73.006556,5.78107081,-73.12024286,9.6768
2025-03-23,Centro,AV06,10795263,500.0,4.946467,-73.941175,4.631956,-74.124151,37.8
2025-03-28,Centro,AV06,13001713,3710.0,4.946467,-73.941175,4.6029336,-74.1826122,280.476
2025-03-29,Centro,AV47,12408426,470.0,4.541264,-74.251706,4.540471,-74.25511,35.532000000000004
2025-03-15,Centro,AV04,11522328,290.0,5.807142,-73.006556,5.82610206,-73.025819,21.924
2025-03-08,Centro,AV47,14240020,176.0,4.541264,-74.251706,4.56868019,-74.22995928,13.3056
2025-03-25,Centro,AV26,10933055,329.0,4.596453,-74.148856,4.46202,-74.1296,24.8724
2025-03-26,Centro,AV06,12565696,1500.0,4.946467,-73.941175,4.723704455,-74.12314348,113.4
2025-03-25,Centro,AV06,13662499,230.0,4.946467,-73.941175,5.144974134,-73.68733397,17.388
2025-03-18,Centro,AV50,10794823,0.25,4.742992,-74.164592,4.702974,-74.222416,0.0189
2025-03-13,Centro,AV06,10795261,99.3333333,4.946467,-73.941175,4.71272,-74.0344,7.50959999748
2025-03-29,Centro,AV04,13871266,190.0,5.807142,-73.006556,5.51914731,-72.88562433,14.364
2025-03-31,Centro,AV47,14126343,455.0,4.541264,-74.251706,4.342643462,-74.36591,34.398
2025-03-10,Centro,AV26,10794631,350.0,4.596453,-74.148856,4.6096,-74.1126,26.46
2025-03-24,Centro,AV04,12459839,65.0,5.807142,-73.006556,5.806357,-73.005643,4.914
2025-03-05,Centro,AV47,13849853,460.0,4.541264,-74.251706,4.596548,-74.197851,34.776
2025-03-08,Centro,AV06,10795260,1000.0,4.946467,-73.941175,4.73446,-74.0656,75.6
2025-03-05,Centro,AV06,10795336,34.75,4.946467,-73.941175,4.68776,-74.0514,2.6271
2025-03-04,Centro,AV47,12549072,500.0,4.541264,-74.251706,4.600005032,-74.1804782,37.8
2025-03-26,Centro,AV47,10596108,450.0,4.541264,-74.251706,4.333963,-74.363534,34.02
2025-03-01,Centro,AV47,13409261,100.0,4.541264,-74.251706,4.570519666,-74.23725,7.56
2025-03-19,Centro,AV06,11188850,852.0,4.946467,-73.941175,4.940174,-73.943858,64.4112
2025-03-21,Centro,AV06,13212663,54.0,4.946467,-73.941175,4.988522714,-73.87359044,4.0824
2025-03-28,Centro,AV26,10771994,500.0,4.596453,-74.148856,4.57196,-74.0933,37.8
2025-03-10,Centro,AV06,12565696,900.0,4.946467,-73.941175,4.723704455,-74.12314348,68.04
2025-03-22,Centro,AV04,12291292,4800.0,5.807142,-73.006556,5.805537,-73.004589,362.88
2025-03-04,Centro,AV50,10794822,86.8,4.742992,-74.164592,4.819796,-74.352228,6.56208
2025-03-13,Centro,AV47,12547383,83.6666667,4.541264,-74.251706,4.327155,-74.403891,6.32520000252
2025-03-20,Centro,AV47,12684327,270.0,4.541264,-74.251706,4.5862,-74.211721,20.412
2025-03-31,Centro,AV26,11487790,500.0,4.596453,-74.148856,4.572063,-74.094715,37.8
2025-03-31,Centro,AV50,12186829,700.0,4.742992,-74.164592,4.751755,-74.144885,52.92
2025-03-04,Centro,AV26,10584114,360.0,4.596453,-74.148856,4.64380959,-74.063973,27.216
2025-03-15,Centro,AV06,12291291,3202.0,4.946467,-73.941175,7.90988,-72.46511,242.0712
2025-03-26,Centro,AV47,13409261,490.0,4.541264,-74.251706,4.570519666,-74.23725,37.044
2025-03-03,Centro,AV26,12767171,501.0,4.596453,-74.148856,4.600081412,-74.16501213,37.8756
2025-03-15,Centro,AV50,11702125,89.0,4.742992,-74.164592,5.11716,-74.3459,6.7284
2025-03-07,Centro,AV42,14208311,148.0,5.544456,-73.352553,5.58599158,-73.54190706,11.1888
2025-03-01,Centro,AV26,10761840,53.5,4.596453,-74.148856,4.61977,-74.1732,4.0446
2025-03-28,Centro,AV47,12231633,50.0,4.541264,-74.251706,4.5783301,-74.2425625,3.78
2025-03-29,Centro,AV06,14228850,450.0,4.946467,-73.941175,4.60675053,-74.08641235,34.02
2025-03-19,Centro,AV06,13747932,101.0,4.946467,-73.941175,4.8638156,-74.06109901,7.6356
2025-03-08,Centro,AV04,12537667,520.0,5.807142,-73.006556,5.78107081,-73.12024286,39.312
2025-03-01,Centro,AV04,13196543,90.0,5.807142,-73.006556,5.718660305,-72.939781,6.804
2025-03-31,Centro,AV06,13975701,300.0,4.946467,-73.941175,4.648427,-74.060859,22.68
2025-03-19,Centro,AV06,10795260,1098.75,4.946467,-73.941175,4.73446,-74.0656,83.0655
2025-03-12,Centro,AV06,12611980,1050.0,4.946467,-73.941175,4.949344,-73.94425,79.38
2025-03-03,Centro,AV50,13777408,545.0,4.742992,-74.164592,4.697317416,-74.09515155,41.202
2025-03-26,Centro,AV47,12167099,200.0,4.541264,-74.251706,4.5903729,-74.2239206,15.12
2025-03-25,Centro,AV47,11255477,450.0,4.541264,-74.251706,4.632231,-74.464926,34.02
2025-03-29,Centro,AV47,12408426,470.0,4.541264,-74.251706,4.540471,-74.25511,35.532000000000004
2025-03-29,Centro,AV06,13969047,850.0,4.946467,-73.941175,4.64254126,-74.07741204,64.26
2025-03-29,Centro,AV06,11762583,237.0,4.946467,-73.941175,4.896857163,-74.0340109,17.9172
2025-03-31,Centro,AV47,11308111,6.0,4.541264,-74.251706,4.611537,-74.22155,0.4536
2025-03-05,Centro,AV04,12632206,783.0,5.807142,-73.006556,5.525715,-73.3452019,59.1948
2025-03-27,Centro,AV06,10795260,500.0,4.946467,-73.941175,4.73446,-74.0656,37.8
2025-03-28,Centro,AV06,10794840,407.0,4.946467,-73.941175,4.86314,-74.0437,30.7692
2025-03-01,Centro,AV06,14121551,7200.0,4.946467,-73.941175,4.62709004,-74.09909111,544.32
2025-03-08,Centro,AV06,12743623,215.0,4.946467,-73.941175,4.947990606,-73.9227088,16.254
2025-03-03,Centro,AV06,10794839,554.0,4.946467,-73.941175,4.69012,-74.0366,41.8824
2025-03-07,Centro,AV47,12231633,110.0,4.541264,-74.251706,4.5783301,-74.2425625,8.316
2025-03-27,Centro,AV50,10618957,450.0,4.742992,-74.164592,5.00943,-74.4682,34.02
2025-03-20,Centro,AV06,10794825,1000.0,4.946467,-73.941175,4.68015,-74.1525,75.6
2025-03-23,Centro,AV06,12747783,241.3333333,4.946467,-73.941175,4.917219898,-74.03792938,18.24479999748
2025-03-20,Centro,AV06,11188850,1350.0,4.946467,-73.941175,4.940174,-73.943858,102.06
2025-03-31,Centro,AV06,14130070,430.0,4.946467,-73.941175,4.720915,-73.967129,32.508
2025-03-10,Centro,AV50,14232230,450.0,4.742992,-74.164592,4.709523835,-74.21910298,34.02
2025-03-28,Centro,AV06,14228850,1620.0,4.946467,-73.941175,4.60675053,-74.08641235,122.472
2025-03-10,Centro,AV50,12399495,450.0,4.742992,-74.164592,4.728201,-74.219292,34.02
2025-03-17,Centro,AV42,12533878,50.0,5.544456,-73.352553,5.50041729,-73.33237997,3.78
2025-03-13,Centro,AV26,11670636,163.0,4.596453,-74.148856,4.569298,-74.080397,12.3228
2025-03-14,Centro,AV06,10794825,1000.0,4.946467,-73.941175,4.68015,-74.1525,75.6
2025-03-14,Centro,AV26,11487790,500.0,4.596453,-74.148856,4.572063,-74.094715,37.8
2025-03-31,Centro,AV06,13001713,1800.0,4.946467,-73.941175,4.6029336,-74.1826122,136.08
2025-03-14,Centro,AV04,12291658,2236.0,5.807142,-73.006556,5.805537,-73.004589,169.0416
2025-03-20,Centro,AV06,10795260,71.35,4.946467,-73.941175,4.73446,-74.0656,5.39406
2025-03-27,Centro,AV06,14014639,141.0,4.946467,-73.941175,4.68012026,-74.03777427,10.6596
2025-03-20,Centro,AV06,10490080,5.0,4.946467,-73.941175,4.91794,-74.0989,0.378
2025-03-31,Centro,AV06,13027936,199.6666667,4.946467,-73.941175,4.680525,-74.050063,15.09480000252
2025-03-06,Centro,AV47,13971914,63.0,4.541264,-74.251706,4.6163854,-74.1879468,4.7628
2025-03-12,Centro,AV47,10623895,500.0,4.541264,-74.251706,4.63211,-74.4531,37.8
2025-03-27,Centro,AV06,13969047,780.0,4.946467,-73.941175,4.64254126,-74.07741204,58.968
2025-03-04,Centro,AV47,13075818,150.0,4.541264,-74.251706,4.329918852,-74.39155623,11.34
2025-03-01,Centro,AV06,12291574,900.0,4.946467,-73.941175,2.55768,-72.638,68.04
2025-03-04,Centro,AV26,13923102,270.0,4.596453,-74.148856,4.5797734,-74.127761,20.412
2025-03-01,Centro,AV06,12565696,900.0,4.946467,-73.941175,4.723704455,-74.12314348,68.04
2025-03-03,Centro,AV06,11598825,1000.0,4.946467,-73.941175,4.60566,-74.0841,75.6
2025-03-30,Centro,AV47,13409261,480.0,4.541264,-74.251706,4.570519666,-74.23725,36.288
2025-03-26,Centro,AV26,12551327,401.0,4.596453,-74.148856,4.590592,-74.154526,30.3156
2025-03-26,Centro,AV47,12549072,306.0,4.541264,-74.251706,4.600005032,-74.1804782,23.1336
2025-03-05,Centro,AV06,12554259,126.0,4.946467,-73.941175,4.96221815,-73.92167273,9.5256
2025-03-12,Centro,AV26,10794835,978.8,4.596453,-74.148856,4.569162,-74.099182,73.99728
2025-03-07,Centro,AV26,10794827,11.6,4.596453,-74.148856,4.63091,-74.1938,0.87696
2025-03-28,Centro,AV06,13027924,80.8666667,4.946467,-73.941175,4.732307319,-74.04493192,6.11352000252
2025-03-12,Centro,AV26,13957832,111.0,4.596453,-74.148856,4.620287,-74.165646,8.3916
2025-03-31,Centro,AV26,13237618,500.0,4.596453,-74.148856,4.58276,-74.124281,37.8
2025-03-14,Centro,AV06,10598284,216.0,4.946467,-73.941175,4.68517,-74.0894,16.3296
2025-03-31,Centro,AV06,10795331,307.0,4.946467,-73.941175,4.65374,-74.1095,23.2092
2025-03-06,Centro,AV06,13876661,431.0,4.946467,-73.941175,4.66308425,-74.06331785,32.5836
2025-03-31,Centro,AV42,11194949,480.0,5.544456,-73.352553,5.536846,-73.366079,36.288
2025-03-26,Centro,AV26,14230382,222.0,4.596453,-74.148856,4.62078119,-74.14758491,16.7832
2025-03-07,Centro,AV06,10794834,130.8,4.946467,-73.941175,4.7573,-74.0645,9.88848
2025-03-01,Centro,AV06,10795339,500.0,4.946467,-73.941175,4.74906,-74.0971,37.8
2025-03-07,Centro,AV50,11349249,150.0,4.742992,-74.164592,4.73513,-74.101089,11.34
2025-03-18,Centro,AV47,12784751,720.0,4.541264,-74.251706,4.522614,-74.241185,54.432
2025-03-23,Centro,AV06,11268397,190.0,4.946467,-73.941175,4.92073,-74.0242,14.364
2025-03-29,Centro,AV50,11261079,201.0,4.742992,-74.164592,4.819015,-74.359999,15.1956
2025-03-10,Centro,AV06,12955370,231.1666666,4.946467,-73.941175,4.732054621,-74.02572058,17.47619999496
2025-03-31,Centro,AV26,13472905,500.0,4.596453,-74.148856,4.571113,-74.090515,37.8
2025-03-19,Centro,AV06,10794839,95.0,4.946467,-73.941175,4.69012,-74.0366,7.182
2025-03-07,Centro,AV50,14121538,630.0,4.742992,-74.164592,4.9949002,-74.3384418,47.628
2025-03-14,Centro,AV47,13409261,90.0,4.541264,-74.251706,4.570519666,-74.23725,6.804
2025-03-25,Centro,AV47,12976166,235.0,4.541264,-74.251706,4.62037,-74.19797,17.766000000000002
2025-03-22,Centro,AV50,14175053,4000.0,4.742992,-74.164592,4.707255696,-74.21586094,302.4
2025-03-05,Centro,AV50,11349249,307.0,4.742992,-74.164592,4.73513,-74.101089,23.2092
2025-03-14,Centro,AV50,14232230,110.0,4.742992,-74.164592,4.709523835,-74.21910298,8.316
2025-03-05,Centro,AV06,12592168,130.0,4.946467,-73.941175,4.904824,-73.943356,9.828
2025-03-17,Centro,AV06,11468625,480.0,4.946467,-73.941175,5.08345,-73.3664,36.288
2025-03-05,Centro,AV50,12754309,370.0,4.742992,-74.164592,4.711907558,-74.09660139,27.972
2025-03-19,Centro,AV26,10761840,200.0,4.596453,-74.148856,4.61977,-74.1732,15.12
2025-03-14,Centro,AV26,10794827,441.0,4.596453,-74.148856,4.63091,-74.1938,33.3396
2025-03-20,Centro,AV47,13799819,463.0,4.541264,-74.251706,4.60043548,-74.18824768,35.0028
2025-03-21,Centro,AV47,10596108,452.0,4.541264,-74.251706,4.333963,-74.363534,34.1712
2025-03-25,Centro,AV06,12282136,3960.0,4.946467,-73.941175,4.628470408,-74.16017318,299.376
2025-03-04,Centro,AV47,13855020,72.04,4.541264,-74.251706,4.326515,-74.4033,5.446224000000001
2025-03-01,Centro,AV06,10658724,1200.0,4.946467,-73.941175,4.708185,-74.116536,90.72
2025-03-28,Centro,AV50,12532263,150.0,4.742992,-74.164592,4.735897491,-74.26588789,11.34
2025-03-18,Centro,AV47,14126343,747.45,4.541264,-74.251706,4.342643462,-74.36591,56.50722
2025-03-23,Centro,AV47,10768627,83.0,4.541264,-74.251706,4.5787952,-74.1795615,6.2748
2025-03-10,Centro,AV06,10795230,1000.0,4.946467,-73.941175,4.629552,-74.125001,75.6
2025-03-30,Centro,AV06,12565696,900.0,4.946467,-73.941175,4.723704455,-74.12314348,68.04
2025-03-27,Centro,AV26,12767171,500.0,4.596453,-74.148856,4.600081412,-74.16501213,37.8
2025-03-01,Centro,AV47,10596108,45.0,4.541264,-74.251706,4.333963,-74.363534,3.402
2025-03-05,Centro,AV26,12559216,17.5,4.596453,-74.148856,4.628072,-74.15658,1.323
2025-03-31,Centro,AV50,14265717,480.0,4.742992,-74.164592,4.746062,-74.123646,36.288
2025-03-14,Centro,AV06,12468175,1000.0,4.946467,-73.941175,4.6064848,-74.08507,75.6
2025-03-07,Centro,AV06,10795442,65.0,4.946467,-73.941175,4.69719,-74.087,4.914
2025-03-19,Centro,AV26,13957832,91.0,4.596453,-74.148856,4.620287,-74.165646,6.8796
2025-03-25,Centro,AV47,10596108,390.0,4.541264,-74.251706,4.333963,-74.363534,29.484
2025-03-20,Centro,AV42,13354095,200.0,5.544456,-73.352553,5.51768,-73.365112,15.12
2025-03-07,Centro,AV50,13752167,431.0,4.742992,-74.164592,4.745858296,-74.11478763,32.5836
2025-03-28,Centro,AV06,12298011,91.0,4.946467,-73.941175,5.0792216,-73.3639895,6.8796
2025-03-10,Centro,AV06,13975701,500.0,4.946467,-73.941175,4.648427,-74.060859,37.8
2025-03-14,Centro,AV06,13716030,15.0,4.946467,-73.941175,5.346726086,-73.51313679,1.134
2025-03-29,Centro,AV50,12488464,103.0,4.742992,-74.164592,4.713582469,-74.21394763,7.7868
2025-03-20,Centro,AV47,11342449,449.0,4.541264,-74.251706,4.58077835,-74.16751408,33.9444
2025-03-27,Centro,AV50,12783067,422.5833333,4.742992,-74.164592,5.004283036,-74.47233542,31.94729999748
2025-03-29,Centro,AV26,12109406,324.0,4.596453,-74.148856,4.627036478,-74.14946091,24.4944
2025-03-06,Centro,AV50,12443998,169.0,4.742992,-74.164592,5.01138,-74.4709,12.7764
2025-03-23,Centro,AV06,13969057,60.0,4.946467,-73.941175,5.219172777,-73.45740583,4.536
2025-03-12,Centro,AV04,11674643,250.0,5.807142,-73.006556,5.82621,-73.0262,18.9
2025-03-14,Centro,AV06,10795310,231.0,4.946467,-73.941175,4.6321,-74.0755,17.4636
2025-03-28,Centro,AV06,14228850,470.0,4.946467,-73.941175,4.60675053,-74.08641235,35.532000000000004
2025-03-06,Centro,AV47,12975871,112.0,4.541264,-74.251706,4.5719835,-74.16588616,8.4672
2025-03-23,Centro,AV06,10795219,500.0,4.946467,-73.941175,4.72112517,-74.12188288,37.8
2025-03-20,Centro,AV26,13817212,160.5,4.596453,-74.148856,4.588597,-74.101661,12.1338
2025-03-25,Centro,AV47,12408426,450.0,4.541264,-74.251706,4.540471,-74.25511,34.02
2025-03-15,Centro,AV50,13234994,86.4166667,4.742992,-74.164592,4.710877,-74.108131,6.5331000025199994
2025-03-08,Centro,AV04,13406834,180.0,5.807142,-73.006556,5.809665746,-73.02541697,13.608
2025-03-22,Centro,AV06,10794836,1981.0,4.946467,-73.941175,4.617067,-74.090837,149.7636
2025-03-22,Centro,AV06,12743623,9.0,4.946467,-73.941175,4.947990606,-73.9227088,0.6804
2025-03-19,Centro,AV26,11061177,190.0,4.596453,-74.148856,4.6175,-74.1654,14.364
2025-03-19,Centro,AV06,12291316,480.0,4.946467,-73.941175,4.176519148,-73.64177585,36.288
2025-03-29,Centro,AV26,13515444,250.0,4.596453,-74.148856,4.563871173,-74.14415934,18.9
2025-03-14,Centro,AV50,12440403,115.25,4.742992,-74.164592,4.73271982,-74.09319294,8.7129
2025-03-17,Centro,AV26,14028107,150.0,4.596453,-74.148856,4.55676041,-74.109222,11.34
2025-03-19,Centro,AV06,13027925,113.5,4.946467,-73.941175,4.705158511,-74.07078,8.5806
2025-03-12,Centro,AV26,13749431,200.0,4.596453,-74.148856,4.60543236,-74.13633567,15.12
2025-03-31,Centro,AV06,13822893,500.0,4.946467,-73.941175,4.715351855,-74.05879492,37.8
2025-03-25,Centro,AV50,10627679,105.0,4.742992,-74.164592,5.06,-74.2368,7.938
2025-03-10,Centro,AV04,11674643,150.0,5.807142,-73.006556,5.82621,-73.0262,11.34
2025-03-17,Centro,AV26,12222414,130.0,4.596453,-74.148856,4.560526085,-74.12947503,9.828
2025-03-27,Centro,AV42,12461640,500.0,5.544456,-73.352553,5.509702,-73.373098,37.8
2025-03-31,Centro,AV50,10650277,350.0,4.742992,-74.164592,4.74346,-74.1221,26.46
2025-03-29,Centro,AV26,14171456,330.0,4.596453,-74.148856,4.611028,-74.136923,24.948
2025-03-04,Centro,AV06,14228850,3420.0,4.946467,-73.941175,4.60675053,-74.08641235,258.552
2025-03-07,Centro,AV04,12291366,541.0,5.807142,-73.006556,5.805537,-73.004589,40.8996
2025-03-21,Centro,AV06,10491374,100.0,4.946467,-73.941175,5.02941,-73.9904,7.56
2025-03-04,Centro,AV47,12231633,50.0,4.541264,-74.251706,4.5783301,-74.2425625,3.78
2025-03-03,Centro,AV06,12637278,1620.0,4.946467,-73.941175,1.851860173,-76.04231015,122.472
2025-03-25,Centro,AV04,12291366,583.0,5.807142,-73.006556,5.805537,-73.004589,44.0748
2025-03-31,Centro,AV06,10795339,1000.0,4.946467,-73.941175,4.74906,-74.0971,75.6
2025-03-13,Centro,AV42,14001746,265.0,5.544456,-73.352553,5.573639,-73.343056,20.034
2025-03-15,Centro,AV06,12291605,1620.0,4.946467,-73.941175,4.949344,-73.94424999,122.472
2025-03-11,Centro,AV50,14175304,163.05,4.742992,-74.164592,4.7277416,-74.08926753,12.326580000000002
2025-03-31,Centro,AV47,13807597,450.0,4.541264,-74.251706,4.271503977,-74.41609114,34.02
2025-03-14,Centro,AV06,13027935,76.5,4.946467,-73.941175,4.664516,-74.056235,5.7834
2025-03-20,Centro,AV47,12231633,338.0,4.541264,-74.251706,4.5783301,-74.2425625,25.5528
2025-03-07,Centro,AV50,10587658,450.0,4.742992,-74.164592,4.74348,-74.1221,34.02
2025-03-06,Centro,AV06,12546570,542.5,4.946467,-73.941175,4.752424,-74.093216,41.013
2025-03-12,Centro,AV47,14022774,11.0,4.541264,-74.251706,4.586334725,-74.21671449,0.8316
2025-03-17,Centro,AV06,11188850,712.0,4.946467,-73.941175,4.940174,-73.943858,53.8272
2025-03-08,Centro,AV06,12403625,70.0,4.946467,-73.941175,5.03795541,-73.9927692,5.292
2025-03-31,Centro,AV04,12291366,508.0,5.807142,-73.006556,5.805537,-73.004589,38.4048
2025-03-31,Centro,AV06,12565696,1800.0,4.946467,-73.941175,4.723704455,-74.12314348,136.08
2025-03-03,Centro,AV06,12513754,170.0,4.946467,-73.941175,4.863828959,-74.05947729,12.852
2025-03-22,Centro,AV42,12236591,126.0,5.544456,-73.352553,5.521355754,-73.36934245,9.5256
2025-03-05,Centro,AV06,10794632,250.5,4.946467,-73.941175,4.67961,-74.1076,18.9378
2025-03-19,Centro,AV06,10795340,23.0,4.946467,-73.941175,4.71935,-74.0362,1.7388
2025-03-13,Centro,AV06,13469288,60.0,4.946467,-73.941175,4.737975642,-74.02879354,4.536
2025-03-18,Centro,AV06,13114888,130.2,4.946467,-73.941175,4.61955,-74.06643,9.84312
2025-03-26,Centro,AV04,13866825,480.0,5.807142,-73.006556,5.994968,-72.691329,36.288
2025-03-05,Centro,AV06,10795263,263.0,4.946467,-73.941175,4.631956,-74.124151,19.8828
2025-03-21,Centro,AV06,13114888,73.6666667,4.946467,-73.941175,4.61955,-74.06643,5.56920000252
2025-03-25,Centro,AV50,13725910,450.5,4.742992,-74.164592,4.732428582,-74.09620625,34.0578
2025-03-28,Centro,AV42,13950910,452.5,5.544456,-73.352553,5.620435893,-73.62114196,34.209
2025-03-14,Centro,AV26,11487790,500.0,4.596453,-74.148856,4.572063,-74.094715,37.8
2025-03-06,Centro,AV06,13001713,900.0,4.946467,-73.941175,4.6029336,-74.1826122,68.04
2025-03-07,Centro,AV26,11487790,900.0,4.596453,-74.148856,4.572063,-74.094715,68.04
2025-03-03,Centro,AV26,12575798,850.0,4.596453,-74.148856,4.57086917,-74.09455217,64.26
2025-03-26,Centro,AV47,10623895,501.0,4.541264,-74.251706,4.63211,-74.4531,37.8756
2025-03-18,Centro,AV06,14228850,1650.0,4.946467,-73.941175,4.60675053,-74.08641235,124.74
2025-03-06,Centro,AV26,12767171,468.75,4.596453,-74.148856,4.600081412,-74.16501213,35.4375
2025-03-31,Centro,AV04,11383983,396.0,5.807142,-73.006556,5.808149,-73.026729,29.9376
2025-03-29,Centro,AV06,10794632,174.0,4.946467,-73.941175,4.67961,-74.1076,13.1544
2025-03-19,Centro,AV50,12488464,268.0,4.742992,-74.164592,4.713582469,-74.21394763,20.2608
2025-03-10,Centro,AV04,11383983,432.0,5.807142,-73.006556,5.808149,-73.026729,32.6592
2025-03-25,Centro,AV26,10794827,30.2,4.596453,-74.148856,4.63091,-74.1938,2.28312
2025-03-08,Centro,AV06,13855464,100.0,4.946467,-73.941175,4.7594841,-74.0562124,7.56
2025-03-22,Centro,AV06,10794826,1021.0,4.946467,-73.941175,4.67675,-74.1168,77.1876
2025-03-26,Centro,AV06,10795441,1000.0,4.946467,-73.941175,4.77137,-74.0404,75.6
2025-03-27,Centro,AV06,10795442,525.0,4.946467,-73.941175,4.69719,-74.087,39.69
2025-03-11,Centro,AV06,10795358,68.85,4.946467,-73.941175,4.86638,-74.0372,5.20506
2025-03-27,Centro,AV26,13221447,150.0,4.596453,-74.148856,4.599024841,-74.14789657,11.34
2025-03-31,Centro,AV06,13114894,33.0,4.946467,-73.941175,4.632056,-74.093952,2.4948
2025-03-20,Centro,AV42,12461640,400.0,5.544456,-73.352553,5.509702,-73.373098,30.24
2025-03-04,Centro,AV06,13027932,162.25,4.946467,-73.941175,4.639718799,-74.07337601,12.2661
2025-03-31,Centro,AV42,10292016,406.0,5.544456,-73.352553,5.52242,-73.3615,30.6936
2025-03-03,Centro,AV26,11487790,750.0,4.596453,-74.148856,4.572063,-74.094715,56.7
2025-03-31,Centro,AV06,13469288,12.0,4.946467,-73.941175,4.737975642,-74.02879354,0.9072
2025-03-05,Centro,AV50,13172257,322.0,4.742992,-74.164592,4.71773,-74.2121,24.3432
2025-03-11,Centro,AV06,11762583,419.4,4.946467,-73.941175,4.896857163,-74.0340109,31.70664
2025-03-03,Centro,AV06,10492698,55.0,4.946467,-73.941175,5.21760888,-73.45694244,4.158
2025-03-24,Centro,AV04,10279095,480.0,5.807142,-73.006556,5.80617,-73.00564,36.288
2025-03-23,Centro,AV06,10795442,1000.0,4.946467,-73.941175,4.69719,-74.087,75.6
2025-03-19,Centro,AV47,12408426,450.0,4.541264,-74.251706,4.540471,-74.25511,34.02
2025-03-14,Centro,AV26,14131024,300.0,4.596453,-74.148856,4.5639082,-74.1442971,22.68
2025-03-20,Centro,AV04,13929223,524.0,5.807142,-73.006556,5.56090395,-72.57729,39.6144
2025-03-28,Centro,AV50,14046991,805.0,4.742992,-74.164592,4.73791,-74.16065,60.858
2025-03-23,Centro,AV50,13521177,100.0,4.742992,-74.164592,4.735906631,-74.25319652,7.56
2025-03-13,Centro,AV04,12291366,508.0,5.807142,-73.006556,5.805537,-73.004589,38.4048
2025-03-08,Centro,AV26,13201665,60.0,4.596453,-74.148856,4.574178825,-74.15203345,4.536
2025-03-27,Centro,AV50,12211377,450.0,4.742992,-74.164592,5.011516303,-74.46906948,34.02
2025-03-14,Centro,AV06,12223810,51.0,4.946467,-73.941175,4.65159597,-74.10677234,3.8556
2025-03-11,Centro,AV47,12684327,450.0,4.541264,-74.251706,4.5862,-74.211721,34.02
2025-03-20,Centro,AV04,13961877,1000.0,5.807142,-73.006556,5.508702,-73.370543,75.6
2025-03-29,Centro,AV26,12767171,500.0,4.596453,-74.148856,4.600081412,-74.16501213,37.8
2025-03-18,Centro,AV06,10795340,12.0,4.946467,-73.941175,4.71935,-74.0362,0.9072
2025-03-31,Centro,AV50,12532263,170.0,4.742992,-74.164592,4.735897491,-74.26588789,12.852
2025-03-29,Centro,AV26,11487790,500.0,4.596453,-74.148856,4.572063,-74.094715,37.8
2025-03-13,Centro,AV04,11383983,432.0,5.807142,-73.006556,5.808149,-73.026729,32.6592
2025-03-28,Centro,AV04,11702610,100.0,5.807142,-73.006556,5.782401,-73.115921,7.56
2025-03-27,Centro,AV47,12734015,100.0,4.541264,-74.251706,4.580243563,-74.16733645,7.56
2025-03-10,Centro,AV47,12180705,81.0,4.541264,-74.251706,4.59129,-74.3401,6.1236
2025-03-11,Centro,AV50,14073246,344.0,4.742992,-74.164592,4.77281,-74.16497,26.0064
2025-03-20,Centro,AV47,12504113,15.1666667,4.541264,-74.251706,4.4548752,-74.37992376,1.14660000252
2025-03-30,Centro,AV47,14243508,455.5,4.541264,-74.251706,4.60169315,-74.18285209,34.4358
2025-03-05,Centro,AV42,12533878,50.0,5.544456,-73.352553,5.50041729,-73.33237997,3.78
2025-03-27,Centro,AV04,13961877,1000.0,5.807142,-73.006556,5.508702,-73.370543,75.6
2025-03-18,Centro,AV06,12291574,2390.0,4.946467,-73.941175,2.55768,-72.638,180.684
2025-03-31,Centro,AV26,13472905,500.0,4.596453,-74.148856,4.571113,-74.090515,37.8
2025-03-10,Centro,AV06,13969057,110.0,4.946467,-73.941175,5.219172777,-73.45740583,8.316
2025-03-14,Centro,AV06,13775130,317.0,4.946467,-73.941175,5.153408,-74.1445,23.9652
2025-03-26,Centro,AV06,10795309,7.75,4.946467,-73.941175,4.68689,-74.0737,0.5859
2025-03-20,Centro,AV42,10294392,40.0,5.544456,-73.352553,5.40864,-73.2965,3.024
2025-03-14,Centro,AV06,13212663,64.0,4.946467,-73.941175,4.988522714,-73.87359044,4.8384
2025-03-29,Centro,AV47,13759677,450.0,4.541264,-74.251706,4.633,-74.197718,34.02
2025-03-31,Centro,AV04,12955588,150.0,5.807142,-73.006556,5.988616513,-72.91161493,11.34
2025-03-01,Centro,AV06,13949640,1858.0,4.946467,-73.941175,3.53789,-73.7042,140.4648
2025-03-25,Centro,AV06,13114893,15.5,4.946467,-73.941175,4.66751678,-74.11906,1.1718
2025-03-28,Centro,AV06,10794820,348.0,4.946467,-73.941175,4.76339,-74.0466,26.3088
2025-03-20,Centro,AV06,10794826,1000.0,4.946467,-73.941175,4.67675,-74.1168,75.6
2025-03-19,Centro,AV50,14232230,30.0,4.742992,-74.164592,4.709523835,-74.21910298,2.268
2025-03-18,Centro,AV47,14013391,200.0,4.541264,-74.251706,4.578067,-74.4440807,15.12
2025-03-25,Centro,AV06,13114895,28.0,4.946467,-73.941175,4.701902481,-74.03092152,2.1168
2025-03-11,Centro,AV26,12131610,415.0,4.596453,-74.148856,4.5171633,-74.0894824,31.374
2025-03-31,Centro,AV06,13975701,800.0,4.946467,-73.941175,4.648427,-74.060859,60.48
2025-03-26,Centro,AV26,10794628,162.3333333,4.596453,-74.148856,4.64358,-74.13,12.27239999748
2025-03-29,Centro,AV06,10795230,1000.0,4.946467,-73.941175,4.629552,-74.125001,75.6
2025-03-13,Centro,AV06,12743623,300.0,4.946467,-73.941175,4.947990606,-73.9227088,22.68
2025-03-29,Centro,AV47,12434217,230.0,4.541264,-74.251706,4.578303278,-74.21317856,17.388
2025-03-18,Centro,AV26,12752013,400.0,4.596453,-74.148856,4.548462,-74.093207,30.24
2025-03-28,Centro,AV06,12291574,1720.0,4.946467,-73.941175,2.55768,-72.638,130.032
2025-03-26,Centro,AV26,10947192,426.0,4.596453,-74.148856,4.57861,-74.10259,32.2056
2025-03-19,Centro,AV26,11487790,900.0,4.596453,-74.148856,4.572063,-74.094715,68.04
2025-03-22,Centro,AV06,11272034,46.0,4.946467,-73.941175,4.86747,-73.877,3.4776
2025-03-20,Centro,AV06,10795225,38.1666666,4.946467,-73.941175,4.74047,-74.064,2.88539999496
2025-03-11,Centro,AV06,10795295,5.7,4.946467,-73.941175,4.69637,-74.0427,0.43092
2025-03-01,Centro,AV50,10794823,0.25,4.742992,-74.164592,4.702974,-74.222416,0.0189
2025-03-14,Centro,AV06,10661645,340.0,4.946467,-73.941175,4.68694,-74.15151,25.704
2025-03-08,Centro,AV06,10795260,500.0,4.946467,-73.941175,4.73446,-74.0656,37.8
2025-03-06,Centro,AV04,12291672,1865.0,5.807142,-73.006556,5.805537,-73.004589,140.994
2025-03-06,Centro,AV50,12192215,146.0,4.742992,-74.164592,4.722592,-74.123381,11.0376
2025-03-15,Centro,AV04,12291672,2060.0,5.807142,-73.006556,5.805537,-73.004589,155.736
2025-03-11,Centro,AV26,11487790,500.0,4.596453,-74.148856,4.572063,-74.094715,37.8
2025-03-05,Centro,AV06,10794820,111.1,4.946467,-73.941175,4.76339,-74.0466,8.39916
2025-03-17,Centro,AV50,11411107,800.0,4.742992,-74.164592,4.742676,-74.164932,60.48
2025-03-28,Centro,AV42,11194949,176.0,5.544456,-73.352553,5.536846,-73.366079,13.3056
2025-03-06,Centro,AV47,11308111,363.0,4.541264,-74.251706,4.611537,-74.22155,27.4428
2025-03-17,Centro,AV26,11487790,1000.0,4.596453,-74.148856,4.572063,-74.094715,75.6
2025-03-18,Centro,AV04,10279095,640.0,5.807142,-73.006556,5.80617,-73.00564,48.384
2025-03-29,Centro,AV06,13027935,110.8333333,4.946467,-73.941175,4.664516,-74.056235,8.378999997480001
2025-03-08,Centro,AV50,11349249,45.0,4.742992,-74.164592,4.73513,-74.101089,3.402
2025-03-31,Centro,AV06,12223810,293.5,4.946467,-73.941175,4.65159597,-74.10677234,22.1886
2025-03-31,Centro,AV06,10794834,509.0,4.946467,-73.941175,4.7573,-74.0645,38.4804
2025-03-31,Centro,AV04,10279095,480.0,5.807142,-73.006556,5.80617,-73.00564,36.288
2025-03-17,Centro,AV06,12565696,600.0,4.946467,-73.941175,4.723704455,-74.12314348,45.36
2025-03-29,Centro,AV26,10584114,414.0,4.596453,-74.148856,4.64380959,-74.063973,31.2984
2025-03-14,Centro,AV06,14234318,400.0,4.946467,-73.941175,4.63763283,-74.06995454,30.24
2025-03-14,Centro,AV47,12549072,900.0,4.541264,-74.251706,4.600005032,-74.1804782,68.04
2025-03-07,Centro,AV50,12399495,100.0,4.742992,-74.164592,4.728201,-74.219292,7.56
2025-03-25,Centro,AV50,14175053,900.0,4.742992,-74.164592,4.707255696,-74.21586094,68.04
2025-03-30,Centro,AV04,12291658,2960.0,5.807142,-73.006556,5.805537,-73.004589,223.776
2025-03-12,Centro,AV06,13978658,100.0,4.946467,-73.941175,5.0227742,-73.9822619,7.56
2025-03-17,Centro,AV06,10795441,358.2,4.946467,-73.941175,4.77137,-74.0404,27.07992
2025-03-28,Centro,AV26,11487790,500.0,4.596453,-74.148856,4.572063,-74.094715,37.8
2025-03-10,Centro,AV42,10292016,122.0,5.544456,-73.352553,5.52242,-73.3615,9.2232
2025-03-15,Centro,AV47,12408426,510.0,4.541264,-74.251706,4.540471,-74.25511,38.556
2025-03-06,Centro,AV26,13200008,72.0,4.596453,-74.148856,4.565739,-74.101753,5.4432
2025-03-11,Centro,AV26,10947192,366.0,4.596453,-74.148856,4.57861,-74.10259,27.6696
2025-03-14,Centro,AV26,11487790,500.0,4.596453,-74.148856,4.572063,-74.094715,37.8
2025-03-06,Centro,AV06,13114888,74.9,4.946467,-73.941175,4.61955,-74.06643,5.66244
2025-03-20,Centro,AV50,14265717,285.0,4.742992,-74.164592,4.746062,-74.123646,21.546
2025-03-18,Centro,AV50,12192215,420.0,4.742992,-74.164592,4.722592,-74.123381,31.752
2025-03-12,Centro,AV06,14228850,330.0,4.946467,-73.941175,4.60675053,-74.08641235,24.948
2025-03-17,Centro,AV06,10794836,1000.0,4.946467,-73.941175,4.617067,-74.090837,75.6
2025-03-31,Centro,AV06,12468175,500.0,4.946467,-73.941175,4.6064848,-74.08507,37.8
2025-03-26,Centro,AV47,12969860,450.0,4.541264,-74.251706,4.32979,-74.38234,34.02
2025-03-06,Centro,AV06,13200543,61.6666665,4.946467,-73.941175,5.096067362,-73.44583247,4.6619999874
2025-03-22,Centro,AV26,10771994,10.0,4.596453,-74.148856,4.57196,-74.0933,0.756
2025-03-04,Centro,AV06,10794826,163.2,4.946467,-73.941175,4.67675,-74.1168,12.33792
2025-03-07,Centro,AV50,14258234,150.0,4.742992,-74.164592,4.7334806,-74.2575535,11.34
2025-03-15,Centro,AV50,14046991,427.0,4.742992,-74.164592,4.73791,-74.16065,32.2812
2025-03-10,Centro,AV47,10596108,500.0,4.541264,-74.251706,4.333963,-74.363534,37.8
2025-03-25,Centro,AV50,10679116,120.0,4.742992,-74.164592,4.725908,-74.092818,9.072
2025-03-17,Centro,AV06,12565696,900.0,4.946467,-73.941175,4.723704455,-74.12314348,68.04
2025-03-26,Centro,AV06,10791145,170.0,4.946467,-73.941175,5.02783,-73.9997,12.852
2025-03-22,Centro,AV04,11702610,121.0,5.807142,-73.006556,5.782401,-73.115921,9.1476
2025-03-03,Centro,AV26,13994969,150.0,4.596453,-74.148856,4.57952229,-74.1015,11.34
2025-03-20,Centro,AV04,12291658,2626.0,5.807142,-73.006556,5.805537,-73.004589,198.5256
2025-03-03,Centro,AV50,13754617,160.0,4.742992,-74.164592,4.71382388,-74.10081664,12.096
2025-03-15,Centro,AV06,10795180,168.0,4.946467,-73.941175,4.85152,-74.0295,12.7008
2025-03-06,Centro,AV50,11411107,604.0,4.742992,-74.164592,4.742676,-74.164932,45.6624
2025-03-18,Centro,AV06,13107443,500.0,4.946467,-73.941175,4.746166,-74.049683,37.8
2025-03-05,Centro,AV06,14007868,100.0,4.946467,-73.941175,4.68456,-74.09137,7.56
2025-03-18,Centro,AV06,11059874,13.0,4.946467,-73.941175,5.25647,-73.6728,0.9828
2025-03-05,Centro,AV26,14171456,400.0,4.596453,-74.148856,4.611028,-74.136923,30.24
2025-03-21,Centro,AV06,13114887,70.3333333,4.946467,-73.941175,4.729824162,-74.02424657,5.31719999748
2025-03-14,Centro,AV06,13969047,1731.0,4.946467,-73.941175,4.64254126,-74.07741204,130.8636
2025-03-04,Centro,AV47,12976166,273.0,4.541264,-74.251706,4.62037,-74.19797,20.6388
2025-03-19,Centro,AV06,11240272,35.0,4.946467,-73.941175,4.7124,-74.0711,2.646
2025-03-04,Centro,AV06,10795311,56.65,4.946467,-73.941175,4.64266,-74.0757,4.2827399999999995
2025-03-20,Centro,AV26,12754826,473.0,4.596453,-74.148856,4.566603809,-74.08116971,35.7588
2025-03-22,Centro,AV50,12499059,250.0,4.742992,-74.164592,4.70601106,-74.09347852,18.9
2025-03-29,Centro,AV26,12754826,500.125,4.596453,-74.148856,4.566603809,-74.08116971,37.80945
2025-03-25,Centro,AV06,14130070,460.75,4.946467,-73.941175,4.720915,-73.967129,34.8327
2025-03-15,Centro,AV06,10795442,500.0,4.946467,-73.941175,4.69719,-74.087,37.8
2025-03-31,Centro,AV06,12721427,450.0,4.946467,-73.941175,4.86331003,-74.04791553,34.02
2025-03-28,Centro,AV06,11130349,1620.0,4.946467,-73.941175,4.61316998,-74.09457806,122.472
2025-03-17,Centro,AV42,13354095,51.0,5.544456,-73.352553,5.51768,-73.365112,3.8556
2025-03-03,Centro,AV47,13409261,490.0,4.541264,-74.251706,4.570519666,-74.23725,37.044
2025-03-19,Centro,AV06,12637278,2610.0,4.946467,-73.941175,1.851860173,-76.04231015,197.316
2025-03-03,Centro,AV50,13481027,92.75,4.742992,-74.164592,5.018217,-74.468255,7.0119
2025-03-11,Centro,AV47,12549072,500.0,4.541264,-74.251706,4.600005032,-74.1804782,37.8
2025-03-05,Centro,AV06,13848816,1620.0,4.946467,-73.941175,3.72002778,-75.484073,122.472
2025-03-11,Centro,AV47,13331083,190.0,4.541264,-74.251706,4.178581401,-74.42316647,14.364
2025-03-04,Centro,AV06,11325369,178.3,4.946467,-73.941175,4.88527,-74.0368,13.47948
2025-03-07,Centro,AV06,11153203,69.25,4.946467,-73.941175,4.73877,-74.0286,5.2353
