0,1,2,3,4,5,6,7,8,9,10,11,12,13,14,15,16,17,18,19,20,21,22,23,24,25,26,27,28,29,30,31,32,33,34,35,36,37,38,39,40,41,42,43,44,45,46,47,48,49,50,51,52,53,54,55,56,57,58,59,60,61,62,63,64,65,66,67,68,69,70,71,72,73,74,75,76,77,78,79,80,81,82,83,84,85
0.0,0.7323333333333334,0.42541666666666667,1.1770555555555555,1.1770555555555555,1.1770555555555555,1.1770555555555555,0.8374166666666666,0.38849999999999996,0.4356111111111111,2.3856666666666664,1.1275833333333334,1.1275833333333334,1.1275833333333334,1.1275833333333334,0.828138888888889,0.8179444444444445,1.0364444444444445,0.8503333333333333,0.7794444444444445,0.6933888888888888,0.96425,0.96425,0.21861111111111112,1.1770555555555555,0.9662777777777778,4.337027777777777,4.337027777777777,0.7643333333333333,1.0230000000000001,2.091972222222222,1.0469166666666667,7.300222222222222,7.300222222222222,0.7361111111111112,0.4419166666666667,0.8466944444444444,0.9579722222222222,0.8605277777777778,0.724361111111111,0.6255000000000001,0.828138888888889,0.7612222222222222,0.9407777777777778,0.39725,1.1770555555555555,0.9786388888888888,0.6864722222222223,1.037972222222222,1.037972222222222,1.037972222222222,1.037972222222222,1.0364444444444445,1.0364444444444445,0.5877222222222223,0.7515833333333333,0.8674722222222222,0.8674722222222222,0.7353055555555555,1.0002777777777778,0.6663333333333333,2.5196944444444442,2.5196944444444442,1.1770555555555555,0.47980555555555554,0.842111111111111,0.7248055555555556,0.7523333333333334,0.8816666666666667,3.6379444444444444,3.6379444444444444,3.6379444444444444,1.1770555555555555,0.6573055555555556,0.7465,0.7728611111111111,0.8623888888888889,1.1770555555555555,0.8618055555555556,0.96425,0.811861111111111,1.0405,7.585138888888889,7.585138888888889,0.4320833333333333,2.091972222222222
0.6665555555555556,0.0,0.6175833333333334,0.5163888888888889,0.5163888888888889,0.5163888888888889,0.5163888888888889,0.18438888888888888,0.5827222222222223,0.4833611111111111,2.9353333333333333,0.46549999999999997,0.46549999999999997,0.46549999999999997,0.46549999999999997,0.16605555555555554,0.15586111111111112,0.3905833333333333,0.23680555555555555,0.12794444444444444,0.10024999999999999,0.33175,0.33175,0.6491388888888889,0.5163888888888889,0.3204166666666667,3.719111111111111,3.719111111111111,0.1522777777777778,0.36091666666666666,2.6416388888888886,0.40105555555555555,6.650138888888889,6.650138888888889,0.23530555555555557,0.48966666666666664,0.23144444444444445,0.3049444444444444,0.2427222222222222,0.04380555555555555,0.6470555555555556,0.16605555555555554,0.13341666666666668,0.2786944444444444,0.5894166666666667,0.5163888888888889,0.3327777777777778,0.1523611111111111,0.3921111111111111,0.3921111111111111,0.3921111111111111,0.3921111111111111,0.3905833333333333,0.3905833333333333,0.17188888888888887,0.18675,0.21444444444444444,0.21444444444444444,0.14280555555555557,0.36525,0.20102777777777778,1.8696111111111111,1.8696111111111111,0.5163888888888889,0.5275555555555556,0.18908333333333335,0.10908333333333332,0.21822222222222223,0.2286388888888889,2.987861111111111,2.987861111111111,2.987861111111111,0.5163888888888889,0.10611111111111111,0.22508333333333333,0.59825,0.20936111111111114,0.5163888888888889,0.20877777777777778,0.33175,0.21077777777777776,0.39463888888888893,6.967222222222222,6.967222222222222,0.47983333333333333,2.6416388888888886
0.40319444444444447,0.5669722222222222,0.0,1.0116944444444445,1.0116944444444445,1.0116944444444445,1.0116944444444445,0.6720555555555556,0.07125,0.19811111111111113,2.553555555555555,0.9622222222222222,0.9622222222222222,0.9622222222222222,0.9622222222222222,0.6627777777777778,0.6525833333333334,0.8710833333333333,0.6849722222222222,0.6140833333333333,0.5280277777777778,0.7988888888888889,0.7988888888888889,0.3857777777777778,1.0116944444444445,0.8009166666666667,4.099527777777777,4.099527777777777,0.5989722222222222,0.8576388888888888,2.2598611111111113,0.8815555555555555,7.134861111111111,7.134861111111111,0.57075,0.20441666666666666,0.6813333333333333,0.7926111111111112,0.6951666666666666,0.559,0.8020555555555556,0.6627777777777778,0.5958611111111111,0.7754166666666666,0.07033333333333333,1.0116944444444445,0.8132777777777779,0.5211111111111111,0.8726111111111111,0.8726111111111111,0.8726111111111111,0.8726111111111111,0.8710833333333333,0.8710833333333333,0.42236111111111113,0.5862222222222222,0.7021111111111111,0.7021111111111111,0.5699444444444445,0.8349166666666666,0.5009722222222223,2.3543333333333334,2.3543333333333334,1.0116944444444445,0.24230555555555555,0.6767500000000001,0.5594444444444444,0.5869722222222222,0.7163055555555555,3.472583333333333,3.472583333333333,3.472583333333333,1.0116944444444445,0.49194444444444446,0.5811388888888889,0.4378055555555555,0.6970277777777778,1.0116944444444445,0.6964444444444444,0.7988888888888889,0.6465000000000001,0.8751388888888889,7.347638888888889,7.347638888888889,0.19458333333333333,2.2598611111111113
1.0020833333333334,0.445,0.953111111111111,0.0,0.0,0.0,0.0,0.33233333333333337,0.9182499999999999,0.8188888888888889,3.270861111111111,0.1673611111111111,0.1673611111111111,0.1673611111111111,0.1673611111111111,0.33394444444444443,0.33305555555555555,0.2501388888888889,0.38591666666666663,0.39033333333333337,0.4825,0.33716666666666667,0.33716666666666667,0.9846666666666667,0.0,0.23875,3.3935833333333334,3.3935833333333334,0.4954444444444444,0.19152777777777777,2.9771666666666663,0.25919444444444445,6.221500000000001,6.221500000000001,0.5509999999999999,0.8251944444444443,0.4141111111111111,0.32575000000000004,0.3918333333333333,0.4275833333333333,0.8737777777777778,0.33394444444444443,0.47658333333333336,0.2641111111111111,0.9249444444444445,0.0,0.26805555555555555,0.4748611111111111,0.27005555555555555,0.27005555555555555,0.27005555555555555,0.27005555555555555,0.2501388888888889,0.2501388888888889,0.5471111111111111,0.5101111111111112,0.4171388888888889,0.4171388888888889,0.4669722222222222,0.32405555555555554,0.5365555555555556,1.4409722222222223,1.4409722222222223,0.0,0.8630833333333333,0.3408333333333333,0.4563055555555556,0.5426666666666666,0.39805555555555555,2.5592222222222225,2.5592222222222225,2.5592222222222225,0.0,0.524,0.5540555555555555,0.8009444444444445,0.41205555555555556,0.0,0.4114722222222222,0.33716666666666667,0.42575,0.27258333333333334,6.641694444444444,6.641694444444444,0.8153611111111112,2.9771666666666663
1.0020833333333334,0.445,0.953111111111111,0.0,0.0,0.0,0.0,0.33233333333333337,0.9182499999999999,0.8188888888888889,3.270861111111111,0.1673611111111111,0.1673611111111111,0.1673611111111111,0.1673611111111111,0.33394444444444443,0.33305555555555555,0.2501388888888889,0.38591666666666663,0.39033333333333337,0.4825,0.33716666666666667,0.33716666666666667,0.9846666666666667,0.0,0.23875,3.3935833333333334,3.3935833333333334,0.4954444444444444,0.19152777777777777,2.9771666666666663,0.25919444444444445,6.221500000000001,6.221500000000001,0.5509999999999999,0.8251944444444443,0.4141111111111111,0.32575000000000004,0.3918333333333333,0.4275833333333333,0.8737777777777778,0.33394444444444443,0.47658333333333336,0.2641111111111111,0.9249444444444445,0.0,0.26805555555555555,0.4748611111111111,0.27005555555555555,0.27005555555555555,0.27005555555555555,0.27005555555555555,0.2501388888888889,0.2501388888888889,0.5471111111111111,0.5101111111111112,0.4171388888888889,0.4171388888888889,0.4669722222222222,0.32405555555555554,0.5365555555555556,1.4409722222222223,1.4409722222222223,0.0,0.8630833333333333,0.3408333333333333,0.4563055555555556,0.5426666666666666,0.39805555555555555,2.5592222222222225,2.5592222222222225,2.5592222222222225,0.0,0.524,0.5540555555555555,0.8009444444444445,0.41205555555555556,0.0,0.4114722222222222,0.33716666666666667,0.42575,0.27258333333333334,6.641694444444444,6.641694444444444,0.8153611111111112,2.9771666666666663
1.0020833333333334,0.445,0.953111111111111,0.0,0.0,0.0,0.0,0.33233333333333337,0.9182499999999999,0.8188888888888889,3.270861111111111,0.1673611111111111,0.1673611111111111,0.1673611111111111,0.1673611111111111,0.33394444444444443,0.33305555555555555,0.2501388888888889,0.38591666666666663,0.39033333333333337,0.4825,0.33716666666666667,0.33716666666666667,0.9846666666666667,0.0,0.23875,3.3935833333333334,3.3935833333333334,0.4954444444444444,0.19152777777777777,2.9771666666666663,0.25919444444444445,6.221500000000001,6.221500000000001,0.5509999999999999,0.8251944444444443,0.4141111111111111,0.32575000000000004,0.3918333333333333,0.4275833333333333,0.8737777777777778,0.33394444444444443,0.47658333333333336,0.2641111111111111,0.9249444444444445,0.0,0.26805555555555555,0.4748611111111111,0.27005555555555555,0.27005555555555555,0.27005555555555555,0.27005555555555555,0.2501388888888889,0.2501388888888889,0.5471111111111111,0.5101111111111112,0.4171388888888889,0.4171388888888889,0.4669722222222222,0.32405555555555554,0.5365555555555556,1.4409722222222223,1.4409722222222223,0.0,0.8630833333333333,0.3408333333333333,0.4563055555555556,0.5426666666666666,0.39805555555555555,2.5592222222222225,2.5592222222222225,2.5592222222222225,0.0,0.524,0.5540555555555555,0.8009444444444445,0.41205555555555556,0.0,0.4114722222222222,0.33716666666666667,0.42575,0.27258333333333334,6.641694444444444,6.641694444444444,0.8153611111111112,2.9771666666666663
1.0020833333333334,0.445,0.953111111111111,0.0,0.0,0.0,0.0,0.33233333333333337,0.9182499999999999,0.8188888888888889,3.270861111111111,0.1673611111111111,0.1673611111111111,0.1673611111111111,0.1673611111111111,0.33394444444444443,0.33305555555555555,0.2501388888888889,0.38591666666666663,0.39033333333333337,0.4825,0.33716666666666667,0.33716666666666667,0.9846666666666667,0.0,0.23875,3.3935833333333334,3.3935833333333334,0.4954444444444444,0.19152777777777777,2.9771666666666663,0.25919444444444445,6.221500000000001,6.221500000000001,0.5509999999999999,0.8251944444444443,0.4141111111111111,0.32575000000000004,0.3918333333333333,0.4275833333333333,0.8737777777777778,0.33394444444444443,0.47658333333333336,0.2641111111111111,0.9249444444444445,0.0,0.26805555555555555,0.4748611111111111,0.27005555555555555,0.27005555555555555,0.27005555555555555,0.27005555555555555,0.2501388888888889,0.2501388888888889,0.5471111111111111,0.5101111111111112,0.4171388888888889,0.4171388888888889,0.4669722222222222,0.32405555555555554,0.5365555555555556,1.4409722222222223,1.4409722222222223,0.0,0.8630833333333333,0.3408333333333333,0.4563055555555556,0.5426666666666666,0.39805555555555555,2.5592222222222225,2.5592222222222225,2.5592222222222225,0.0,0.524,0.5540555555555555,0.8009444444444445,0.41205555555555556,0.0,0.4114722222222222,0.33716666666666667,0.42575,0.27258333333333334,6.641694444444444,6.641694444444444,0.8153611111111112,2.9771666666666663
0.7257777777777779,0.15552777777777776,0.6768055555555555,0.3785277777777778,0.3785277777777778,0.3785277777777778,0.3785277777777778,0.0,0.6419444444444444,0.5425833333333333,2.9945555555555554,0.32763888888888887,0.32763888888888887,0.32763888888888887,0.32763888888888887,0.08480555555555556,0.08391666666666667,0.28302777777777777,0.12702777777777777,0.11580555555555555,0.19302777777777777,0.22880555555555557,0.22880555555555557,0.7083611111111111,0.3785277777777778,0.20875,3.6323333333333334,3.6323333333333334,0.20597222222222222,0.22305555555555556,2.700861111111111,0.2935,6.512277777777778,6.512277777777778,0.2916944444444444,0.5488888888888889,0.1552222222222222,0.20063888888888887,0.13294444444444445,0.1381111111111111,0.6148888888888888,0.08480555555555556,0.18711111111111112,0.14083333333333334,0.6486388888888889,0.3785277777777778,0.23980555555555555,0.19855555555555554,0.28152777777777777,0.28152777777777777,0.28152777777777777,0.28152777777777777,0.28302777777777777,0.28302777777777777,0.2708055555555555,0.2333888888888889,0.12766666666666668,0.12766666666666668,0.19066666666666665,0.2688888888888889,0.26025,1.7317500000000001,1.7317500000000001,0.3785277777777778,0.5867777777777778,0.029361111111111112,0.16683333333333333,0.2786111111111111,0.137,2.85,2.85,2.85,0.3785277777777778,0.23452777777777775,0.27775,0.5114722222222222,0.12258333333333334,0.3785277777777778,0.122,0.22880555555555557,0.16686111111111113,0.28405555555555556,6.880444444444444,6.880444444444444,0.5390555555555555,2.700861111111111
0.3491944444444444,0.52325,0.059694444444444446,0.9679722222222221,0.9679722222222221,0.9679722222222221,0.9679722222222221,0.6283333333333333,0.0,0.15438888888888888,2.4995555555555553,0.9185,0.9185,0.9185,0.9185,0.6190555555555556,0.6088611111111112,0.8273611111111111,0.64125,0.5703611111111112,0.48430555555555554,0.7551666666666667,0.7551666666666667,0.3317777777777778,0.9679722222222221,0.7571944444444445,4.055805555555556,4.055805555555556,0.55525,0.8139166666666666,2.205861111111111,0.8378333333333333,7.091138888888889,7.091138888888889,0.5270277777777778,0.16069444444444445,0.6376111111111111,0.7488888888888889,0.6514444444444444,0.5152777777777777,0.7480555555555556,0.6190555555555556,0.552138888888889,0.7316944444444444,0.027388888888888886,0.9679722222222221,0.7695555555555555,0.47738888888888886,0.8288888888888889,0.8288888888888889,0.8288888888888889,0.8288888888888889,0.8273611111111111,0.8273611111111111,0.37863888888888886,0.5425,0.6583888888888888,0.6583888888888888,0.5262222222222223,0.7911944444444445,0.45725,2.310611111111111,2.310611111111111,0.9679722222222221,0.19858333333333333,0.6330277777777779,0.5157222222222222,0.54325,0.6725833333333334,3.428861111111111,3.428861111111111,3.428861111111111,0.9679722222222221,0.4482222222222222,0.5374166666666667,0.40299999999999997,0.6533055555555556,0.9679722222222221,0.6527222222222223,0.7551666666666667,0.6027777777777777,0.8314166666666667,7.303916666666666,7.303916666666666,0.1508611111111111,2.205861111111111
0.4050833333333333,0.48630555555555555,0.21313888888888888,0.9310277777777777,0.9310277777777777,0.9310277777777777,0.9310277777777777,0.5913888888888889,0.19052777777777777,0.0,2.6265,0.8815555555555555,0.8815555555555555,0.8815555555555555,0.8815555555555555,0.5821111111111111,0.5719166666666667,0.7904166666666667,0.6043055555555555,0.5334166666666667,0.4473611111111111,0.7182222222222222,0.7182222222222222,0.38766666666666666,0.9310277777777777,0.7202500000000001,3.901416666666667,3.901416666666667,0.48236111111111113,0.7769722222222222,2.332805555555556,0.8008888888888889,7.054194444444444,7.054194444444444,0.4900833333333333,0.006305555555555556,0.6006666666666667,0.7119444444444445,0.6144999999999999,0.47833333333333333,0.8039444444444444,0.5821111111111111,0.5151944444444445,0.69475,0.19722222222222222,0.9310277777777777,0.7326111111111111,0.4404444444444444,0.7919444444444445,0.7919444444444445,0.7919444444444445,0.7919444444444445,0.7904166666666667,0.7904166666666667,0.3416944444444444,0.5055555555555555,0.5856111111111111,0.5856111111111111,0.4892777777777778,0.7542500000000001,0.42030555555555554,2.2736666666666667,2.2736666666666667,0.9310277777777777,0.044194444444444446,0.5960833333333334,0.47877777777777775,0.5063055555555556,0.635638888888889,3.3919166666666665,3.3919166666666665,3.3919166666666665,0.9310277777777777,0.41127777777777774,0.5004722222222222,0.4593611111111111,0.6163611111111111,0.9310277777777777,0.5926666666666667,0.7182222222222222,0.5658333333333333,0.7944722222222222,7.149527777777777,7.149527777777777,0.006638888888888889,2.332805555555556
1.8985277777777778,2.4208055555555554,2.113888888888889,2.865527777777778,2.865527777777778,2.865527777777778,2.865527777777778,2.5258888888888893,2.0769722222222224,2.124083333333333,0.0,2.8160555555555553,2.8160555555555553,2.8160555555555553,2.8160555555555553,2.5166111111111107,2.506416666666667,2.7249166666666667,2.5388055555555558,2.4679166666666665,2.381861111111111,2.652722222222222,2.652722222222222,1.9070833333333332,2.865527777777778,2.65475,6.0255,6.0255,2.4528055555555555,2.711472222222222,1.2195,2.7353888888888886,8.215805555555557,8.215805555555557,2.4245833333333335,2.1303888888888887,2.5351666666666666,2.6464444444444446,2.549,2.4128333333333334,2.313972222222222,2.5166111111111107,2.4496944444444444,2.62925,2.0857222222222225,2.865527777777778,2.667111111111111,2.374944444444444,2.7264444444444447,2.7264444444444447,2.7264444444444447,2.7264444444444447,2.7249166666666667,2.7249166666666667,2.276194444444444,2.440055555555556,2.555944444444444,2.555944444444444,2.423777777777778,2.68875,2.354805555555555,3.2875,3.2875,2.865527777777778,2.168277777777778,2.5305833333333334,2.4132777777777776,2.4408055555555555,2.5701388888888888,4.553527777777778,4.553527777777778,4.553527777777778,2.865527777777778,2.3457777777777777,2.434972222222222,2.461333333333333,2.5508611111111112,2.865527777777778,2.5502777777777776,2.652722222222222,2.5003333333333337,2.728972222222222,9.27361111111111,9.27361111111111,2.1205555555555557,1.2195
0.9582499999999999,0.40116666666666667,0.9092777777777779,0.16355555555555554,0.16355555555555554,0.16355555555555554,0.16355555555555554,0.2885,0.8744166666666667,0.7750555555555555,3.2270277777777774,0.0,0.0,0.0,0.0,0.29011111111111115,0.2892222222222222,0.24263888888888888,0.34208333333333335,0.34650000000000003,0.4386666666666667,0.2951944444444445,0.2951944444444445,0.9408333333333333,0.16355555555555554,0.1821388888888889,3.5259166666666664,3.5259166666666664,0.4516111111111111,0.14769444444444446,2.933333333333333,0.2531111111111111,6.297083333333333,6.297083333333333,0.5071666666666667,0.7813611111111112,0.37027777777777776,0.28191666666666665,0.348,0.38375,0.8299444444444445,0.29011111111111115,0.43275,0.22027777777777777,0.8811111111111111,0.16355555555555554,0.21944444444444444,0.4310277777777778,0.2411388888888889,0.2411388888888889,0.2411388888888889,0.2411388888888889,0.24263888888888888,0.24263888888888888,0.5032777777777777,0.46627777777777774,0.37330555555555556,0.37330555555555556,0.4231388888888889,0.26744444444444443,0.49272222222222223,1.5165555555555557,1.5165555555555557,0.16355555555555554,0.81925,0.297,0.41247222222222224,0.4988333333333333,0.35494444444444445,2.6348055555555554,2.6348055555555554,2.6348055555555554,0.16355555555555554,0.48016666666666663,0.5102222222222222,0.7571111111111111,0.3682222222222222,0.16355555555555554,0.3676388888888889,0.2951944444444445,0.3819166666666667,0.24366666666666667,6.7740277777777775,6.7740277777777775,0.7715277777777778,2.933333333333333
0.9582499999999999,0.40116666666666667,0.9092777777777779,0.16355555555555554,0.16355555555555554,0.16355555555555554,0.16355555555555554,0.2885,0.8744166666666667,0.7750555555555555,3.2270277777777774,0.0,0.0,0.0,0.0,0.29011111111111115,0.2892222222222222,0.24263888888888888,0.34208333333333335,0.34650000000000003,0.4386666666666667,0.2951944444444445,0.2951944444444445,0.9408333333333333,0.16355555555555554,0.1821388888888889,3.5259166666666664,3.5259166666666664,0.4516111111111111,0.14769444444444446,2.933333333333333,0.2531111111111111,6.297083333333333,6.297083333333333,0.5071666666666667,0.7813611111111112,0.37027777777777776,0.28191666666666665,0.348,0.38375,0.8299444444444445,0.29011111111111115,0.43275,0.22027777777777777,0.8811111111111111,0.16355555555555554,0.21944444444444444,0.4310277777777778,0.2411388888888889,0.2411388888888889,0.2411388888888889,0.2411388888888889,0.24263888888888888,0.24263888888888888,0.5032777777777777,0.46627777777777774,0.37330555555555556,0.37330555555555556,0.4231388888888889,0.26744444444444443,0.49272222222222223,1.5165555555555557,1.5165555555555557,0.16355555555555554,0.81925,0.297,0.41247222222222224,0.4988333333333333,0.35494444444444445,2.6348055555555554,2.6348055555555554,2.6348055555555554,0.16355555555555554,0.48016666666666663,0.5102222222222222,0.7571111111111111,0.3682222222222222,0.16355555555555554,0.3676388888888889,0.2951944444444445,0.3819166666666667,0.24366666666666667,6.7740277777777775,6.7740277777777775,0.7715277777777778,2.933333333333333
0.9582499999999999,0.40116666666666667,0.9092777777777779,0.16355555555555554,0.16355555555555554,0.16355555555555554,0.16355555555555554,0.2885,0.8744166666666667,0.7750555555555555,3.2270277777777774,0.0,0.0,0.0,0.0,0.29011111111111115,0.2892222222222222,0.24263888888888888,0.34208333333333335,0.34650000000000003,0.4386666666666667,0.2951944444444445,0.2951944444444445,0.9408333333333333,0.16355555555555554,0.1821388888888889,3.5259166666666664,3.5259166666666664,0.4516111111111111,0.14769444444444446,2.933333333333333,0.2531111111111111,6.297083333333333,6.297083333333333,0.5071666666666667,0.7813611111111112,0.37027777777777776,0.28191666666666665,0.348,0.38375,0.8299444444444445,0.29011111111111115,0.43275,0.22027777777777777,0.8811111111111111,0.16355555555555554,0.21944444444444444,0.4310277777777778,0.2411388888888889,0.2411388888888889,0.2411388888888889,0.2411388888888889,0.24263888888888888,0.24263888888888888,0.5032777777777777,0.46627777777777774,0.37330555555555556,0.37330555555555556,0.4231388888888889,0.26744444444444443,0.49272222222222223,1.5165555555555557,1.5165555555555557,0.16355555555555554,0.81925,0.297,0.41247222222222224,0.4988333333333333,0.35494444444444445,2.6348055555555554,2.6348055555555554,2.6348055555555554,0.16355555555555554,0.48016666666666663,0.5102222222222222,0.7571111111111111,0.3682222222222222,0.16355555555555554,0.3676388888888889,0.2951944444444445,0.3819166666666667,0.24366666666666667,6.7740277777777775,6.7740277777777775,0.7715277777777778,2.933333333333333
0.9582499999999999,0.40116666666666667,0.9092777777777779,0.16355555555555554,0.16355555555555554,0.16355555555555554,0.16355555555555554,0.2885,0.8744166666666667,0.7750555555555555,3.2270277777777774,0.0,0.0,0.0,0.0,0.29011111111111115,0.2892222222222222,0.24263888888888888,0.34208333333333335,0.34650000000000003,0.4386666666666667,0.2951944444444445,0.2951944444444445,0.9408333333333333,0.16355555555555554,0.1821388888888889,3.5259166666666664,3.5259166666666664,0.4516111111111111,0.14769444444444446,2.933333333333333,0.2531111111111111,6.297083333333333,6.297083333333333,0.5071666666666667,0.7813611111111112,0.37027777777777776,0.28191666666666665,0.348,0.38375,0.8299444444444445,0.29011111111111115,0.43275,0.22027777777777777,0.8811111111111111,0.16355555555555554,0.21944444444444444,0.4310277777777778,0.2411388888888889,0.2411388888888889,0.2411388888888889,0.2411388888888889,0.24263888888888888,0.24263888888888888,0.5032777777777777,0.46627777777777774,0.37330555555555556,0.37330555555555556,0.4231388888888889,0.26744444444444443,0.49272222222222223,1.5165555555555557,1.5165555555555557,0.16355555555555554,0.81925,0.297,0.41247222222222224,0.4988333333333333,0.35494444444444445,2.6348055555555554,2.6348055555555554,2.6348055555555554,0.16355555555555554,0.48016666666666663,0.5102222222222222,0.7571111111111111,0.3682222222222222,0.16355555555555554,0.3676388888888889,0.2951944444444445,0.3819166666666667,0.24366666666666667,6.7740277777777775,6.7740277777777775,0.7715277777777778,2.933333333333333
0.6881666666666667,0.1837222222222222,0.6391944444444444,0.40105555555555555,0.40105555555555555,0.40105555555555555,0.40105555555555555,0.08294444444444445,0.6043333333333333,0.5049722222222223,2.9569444444444444,0.3501666666666666,0.3501666666666666,0.3501666666666666,0.3501666666666666,0.0,0.04052777777777778,0.2891111111111111,0.12941666666666665,0.08613888888888889,0.1827777777777778,0.23027777777777778,0.23027777777777778,0.67075,0.40105555555555555,0.21894444444444447,3.660527777777778,3.660527777777778,0.23416666666666666,0.24558333333333335,2.66325,0.2995833333333333,6.534805555555556,6.534805555555556,0.24294444444444446,0.5112777777777777,0.11902777777777777,0.24922222222222223,0.13961111111111113,0.16030555555555556,0.6172777777777777,0.0,0.21530555555555556,0.16336111111111112,0.6110277777777777,0.40105555555555555,0.23130555555555557,0.16094444444444445,0.2906388888888889,0.2906388888888889,0.2906388888888889,0.2906388888888889,0.2891111111111111,0.2891111111111111,0.23319444444444445,0.19619444444444442,0.15586111111111112,0.15586111111111112,0.15305555555555556,0.2637777777777778,0.2226388888888889,1.7542777777777776,1.7542777777777776,0.40105555555555555,0.5491666666666667,0.09144444444444444,0.15844444444444444,0.2346111111111111,0.17602777777777778,2.872527777777778,2.872527777777778,2.872527777777778,0.40105555555555555,0.2247222222222222,0.2401388888888889,0.5396666666666666,0.15077777777777776,0.40105555555555555,0.15019444444444446,0.23027777777777778,0.11769444444444443,0.2931666666666667,6.9086388888888886,6.9086388888888886,0.5014444444444445,2.66325
0.7265277777777778,0.16944444444444445,0.6775555555555555,0.3605277777777778,0.3605277777777778,0.3605277777777778,0.3605277777777778,0.042416666666666665,0.6426944444444443,0.5433333333333333,2.9953055555555554,0.3096388888888889,0.3096388888888889,0.3096388888888889,0.3096388888888889,0.058388888888888886,0.0,0.2650277777777778,0.10061111111111111,0.11477777777777777,0.20694444444444443,0.2023888888888889,0.2023888888888889,0.7091111111111111,0.3605277777777778,0.19075,3.64625,3.64625,0.21988888888888888,0.20505555555555557,2.7016111111111107,0.27549999999999997,6.4942777777777785,6.4942777777777785,0.26569444444444446,0.5496388888888889,0.12880555555555556,0.20869444444444443,0.10652777777777778,0.15202777777777776,0.5884722222222222,0.058388888888888886,0.20102777777777778,0.12283333333333334,0.6493888888888889,0.3605277777777778,0.2210277777777778,0.19930555555555557,0.2635277777777778,0.2635277777777778,0.2635277777777778,0.2635277777777778,0.2650277777777778,0.2650277777777778,0.27155555555555555,0.23455555555555554,0.14158333333333334,0.14158333333333334,0.19141666666666668,0.24247222222222223,0.261,1.71375,1.71375,0.3605277777777778,0.5875277777777778,0.05091666666666667,0.18075000000000002,0.2573611111111111,0.1503611111111111,2.8320000000000003,2.8320000000000003,2.8320000000000003,0.3605277777777778,0.24844444444444444,0.26902777777777775,0.5253888888888889,0.13649999999999998,0.3605277777777778,0.13591666666666666,0.2023888888888889,0.14044444444444446,0.26605555555555555,6.894361111111111,6.894361111111111,0.5398055555555555,2.7016111111111107
0.8924166666666666,0.40002777777777776,0.8434444444444444,0.23416666666666666,0.23416666666666666,0.23416666666666666,0.23416666666666666,0.28933333333333333,0.8085833333333333,0.7092222222222222,3.1611944444444444,0.2689166666666667,0.2689166666666667,0.2689166666666667,0.2689166666666667,0.29430555555555554,0.2880833333333333,0.0,0.25966666666666666,0.32,0.38702777777777775,0.17972222222222223,0.17972222222222223,0.875,0.23416666666666666,0.12613888888888888,3.588777777777778,3.588777777777778,0.4504722222222222,0.1821111111111111,2.8675,0.010472222222222223,6.350583333333333,6.350583333333333,0.42297222222222225,0.7155277777777778,0.28688888888888886,0.28041666666666665,0.23472222222222222,0.3826111111111111,0.7346388888888888,0.29430555555555554,0.4316111111111111,0.21991666666666668,0.8152777777777778,0.23416666666666666,0.09530555555555556,0.36519444444444443,0.025805555555555557,0.025805555555555557,0.025805555555555557,0.025805555555555557,0.0,0.0,0.4374444444444444,0.39305555555555555,0.37216666666666665,0.37216666666666665,0.35730555555555554,0.1299722222222222,0.4268888888888889,1.5700555555555555,1.5700555555555555,0.23416666666666666,0.7534166666666667,0.29783333333333334,0.36269444444444443,0.4146388888888889,0.38113888888888886,2.6883055555555555,2.6883055555555555,2.6883055555555555,0.23416666666666666,0.4289722222222222,0.42630555555555555,0.7559722222222223,0.3670833333333333,0.23416666666666666,0.36650000000000005,0.17972222222222223,0.2977222222222222,0.028333333333333332,6.836888888888889,6.836888888888889,0.7056944444444444,2.8675
0.7184444444444444,0.23841666666666667,0.6694722222222222,0.42833333333333334,0.42833333333333334,0.42833333333333334,0.42833333333333334,0.162,0.6346111111111111,0.53525,2.987222222222222,0.39516666666666667,0.39516666666666667,0.39516666666666667,0.39516666666666667,0.13330555555555554,0.12647222222222224,0.2877222222222222,0.0,0.13616666666666666,0.21305555555555555,0.16025,0.16025,0.7010277777777777,0.42833333333333334,0.21755555555555556,3.715222222222222,3.715222222222222,0.2868611111111111,0.3083611111111111,2.693527777777778,0.29819444444444443,6.551500000000001,6.551500000000001,0.2553888888888889,0.5415555555555556,0.09883333333333334,0.32755555555555554,0.058916666666666666,0.21033333333333334,0.5200833333333333,0.13330555555555554,0.26799999999999996,0.24686111111111111,0.6413055555555555,0.42833333333333334,0.22991666666666669,0.1912222222222222,0.26358333333333334,0.26358333333333334,0.26358333333333334,0.26358333333333334,0.2877222222222222,0.2877222222222222,0.2634722222222222,0.22166666666666668,0.21055555555555555,0.21055555555555555,0.18333333333333332,0.19627777777777777,0.2529166666666667,1.7709722222222222,1.7709722222222222,0.42833333333333334,0.5794444444444444,0.17049999999999998,0.1887222222222222,0.24705555555555556,0.23072222222222222,2.8892222222222226,2.8892222222222226,2.8892222222222226,0.42833333333333334,0.255,0.25872222222222224,0.594361111111111,0.20547222222222222,0.42833333333333334,0.2048888888888889,0.16025,0.1301388888888889,0.26611111111111113,6.963333333333333,6.963333333333333,0.5317222222222222,2.693527777777778
0.6545277777777778,0.10269444444444444,0.6055555555555555,0.4305555555555556,0.4305555555555556,0.4305555555555556,0.4305555555555556,0.11244444444444444,0.5706944444444444,0.4713333333333333,2.9233055555555554,0.37966666666666665,0.37966666666666665,0.37966666666666665,0.37966666666666665,0.08022222222222222,0.07002777777777777,0.30474999999999997,0.15097222222222223,0.0,0.1351388888888889,0.24591666666666664,0.24591666666666664,0.6371111111111111,0.4305555555555556,0.23458333333333334,3.6859444444444445,3.6859444444444445,0.15069444444444444,0.27508333333333335,2.629611111111111,0.31522222222222224,6.564305555555555,6.564305555555555,0.22044444444444444,0.4776388888888889,0.14561111111111114,0.2652222222222222,0.15688888888888888,0.07416666666666667,0.6350277777777777,0.08022222222222222,0.13183333333333333,0.1928611111111111,0.5773888888888888,0.4305555555555556,0.24694444444444444,0.12730555555555556,0.30627777777777776,0.30627777777777776,0.30627777777777776,0.30627777777777776,0.30474999999999997,0.30474999999999997,0.19955555555555554,0.1621388888888889,0.1812777777777778,0.1812777777777778,0.11941666666666666,0.27941666666666665,0.189,1.783777777777778,1.783777777777778,0.4305555555555556,0.5155277777777778,0.12094444444444444,0.09822222222222222,0.2073611111111111,0.1864722222222222,2.9020277777777777,2.9020277777777777,2.9020277777777777,0.4305555555555556,0.18169444444444446,0.2065,0.5650833333333333,0.17619444444444443,0.4305555555555556,0.17561111111111113,0.24591666666666664,0.14427777777777778,0.30880555555555556,6.934055555555555,6.934055555555555,0.46780555555555553,2.629611111111111
0.6276666666666666,0.07752777777777778,0.5786944444444445,0.5210277777777778,0.5210277777777778,0.5210277777777778,0.5210277777777778,0.18680555555555556,0.5438333333333333,0.4444722222222222,2.8964444444444446,0.4701388888888889,0.4701388888888889,0.4701388888888889,0.4701388888888889,0.17069444444444445,0.16049999999999998,0.38680555555555557,0.20069444444444445,0.12980555555555556,0.0,0.31461111111111106,0.31461111111111106,0.6102500000000001,0.5210277777777778,0.3166388888888889,3.7215277777777778,3.7215277777777778,0.15469444444444444,0.3655555555555556,2.60275,0.3972777777777778,6.650583333333333,6.650583333333333,0.1973611111111111,0.4507777777777778,0.19705555555555554,0.3073611111111111,0.2108888888888889,0.04844444444444444,0.6081666666666667,0.17069444444444445,0.13583333333333333,0.2833333333333333,0.5505277777777778,0.5210277777777778,0.329,0.10044444444444445,0.3883333333333333,0.3883333333333333,0.3883333333333333,0.3883333333333333,0.38680555555555557,0.38680555555555557,0.17269444444444446,0.12961111111111112,0.21686111111111112,0.21686111111111112,0.08566666666666665,0.3506388888888889,0.1621388888888889,1.8700555555555556,1.8700555555555556,0.5210277777777778,0.4886666666666667,0.1915,0.07516666666666667,0.1805,0.23105555555555554,2.9883055555555553,2.9883055555555553,2.9883055555555553,0.5210277777777778,0.1631388888888889,0.1796388888888889,0.6006666666666667,0.21177777777777776,0.5210277777777778,0.21119444444444443,0.31461111111111106,0.18688888888888888,0.3908611111111111,6.969638888888889,6.969638888888889,0.44094444444444447,2.60275
0.8020833333333334,0.3026388888888889,0.7531111111111111,0.31166666666666665,0.31166666666666665,0.31166666666666665,0.31166666666666665,0.19194444444444445,0.7182499999999999,0.6188888888888889,3.0708611111111113,0.2785,0.2785,0.2785,0.2785,0.19752777777777777,0.19069444444444444,0.17105555555555554,0.1622777777777778,0.2226111111111111,0.2966944444444444,0.0,0.0,0.7846666666666667,0.31166666666666665,0.10088888888888889,3.6662777777777777,3.6662777777777777,0.3530833333333333,0.19169444444444445,2.7771666666666666,0.1815277777777778,6.434833333333334,6.434833333333334,0.3343611111111111,0.6251944444444444,0.19047222222222224,0.2773055555555555,0.12044444444444445,0.2852222222222222,0.5942222222222222,0.19752777777777777,0.33422222222222225,0.19144444444444444,0.7249444444444445,0.31166666666666665,0.11325,0.2748611111111111,0.17033333333333334,0.17033333333333334,0.17033333333333334,0.17033333333333334,0.17105555555555554,0.17105555555555554,0.3471111111111111,0.2958055555555556,0.2747777777777778,0.2747777777777778,0.2669722222222222,0.1148888888888889,0.33655555555555555,1.6543055555555555,1.6543055555555555,0.31166666666666665,0.6630833333333334,0.20044444444444445,0.2723611111111111,0.3260277777777778,0.29494444444444445,2.772555555555556,2.772555555555556,2.772555555555556,0.31166666666666665,0.3386388888888889,0.33769444444444446,0.6585833333333334,0.26969444444444446,0.31166666666666665,0.2691111111111111,0.0,0.21305555555555555,0.1728611111111111,6.9143888888888885,6.9143888888888885,0.6153611111111111,2.7771666666666666
0.8020833333333334,0.3026388888888889,0.7531111111111111,0.31166666666666665,0.31166666666666665,0.31166666666666665,0.31166666666666665,0.19194444444444445,0.7182499999999999,0.6188888888888889,3.0708611111111113,0.2785,0.2785,0.2785,0.2785,0.19752777777777777,0.19069444444444444,0.17105555555555554,0.1622777777777778,0.2226111111111111,0.2966944444444444,0.0,0.0,0.7846666666666667,0.31166666666666665,0.10088888888888889,3.6662777777777777,3.6662777777777777,0.3530833333333333,0.19169444444444445,2.7771666666666666,0.1815277777777778,6.434833333333334,6.434833333333334,0.3343611111111111,0.6251944444444444,0.19047222222222224,0.2773055555555555,0.12044444444444445,0.2852222222222222,0.5942222222222222,0.19752777777777777,0.33422222222222225,0.19144444444444444,0.7249444444444445,0.31166666666666665,0.11325,0.2748611111111111,0.17033333333333334,0.17033333333333334,0.17033333333333334,0.17033333333333334,0.17105555555555554,0.17105555555555554,0.3471111111111111,0.2958055555555556,0.2747777777777778,0.2747777777777778,0.2669722222222222,0.1148888888888889,0.33655555555555555,1.6543055555555555,1.6543055555555555,0.31166666666666665,0.6630833333333334,0.20044444444444445,0.2723611111111111,0.3260277777777778,0.29494444444444445,2.772555555555556,2.772555555555556,2.772555555555556,0.31166666666666665,0.3386388888888889,0.33769444444444446,0.6585833333333334,0.26969444444444446,0.31166666666666665,0.2691111111111111,0.0,0.21305555555555555,0.1728611111111111,6.9143888888888885,6.9143888888888885,0.6153611111111111,2.7771666666666666
0.14275,0.6890277777777778,0.38211111111111107,1.13375,1.13375,1.13375,1.13375,0.7941111111111112,0.34519444444444447,0.3923055555555555,2.4115277777777777,1.084277777777778,1.084277777777778,1.084277777777778,1.084277777777778,0.7848333333333334,0.7746388888888889,0.9931388888888889,0.8070277777777778,0.7361388888888889,0.6500833333333333,0.9209444444444445,0.9209444444444445,0.0,1.13375,0.9229722222222222,4.293722222222222,4.293722222222222,0.7210277777777777,0.9796944444444444,2.1178333333333335,1.003611111111111,7.256916666666667,7.256916666666667,0.6928055555555556,0.39861111111111114,0.8033888888888888,0.9146666666666667,0.8172222222222222,0.6810555555555556,0.5516388888888889,0.7848333333333334,0.7179166666666666,0.8974722222222222,0.35394444444444445,1.13375,0.9353333333333332,0.6431666666666667,0.9946666666666667,0.9946666666666667,0.9946666666666667,0.9946666666666667,0.9931388888888889,0.9931388888888889,0.5444166666666667,0.7082777777777778,0.8241666666666667,0.8241666666666667,0.692,0.9569722222222222,0.6230277777777778,2.4763888888888888,2.4763888888888888,1.13375,0.4365,0.7988055555555555,0.6815,0.7090277777777778,0.8383611111111111,3.594638888888889,3.594638888888889,3.594638888888889,1.13375,0.614,0.7031944444444445,0.7295555555555556,0.8190833333333333,1.13375,0.8185,0.9209444444444445,0.7685555555555557,0.9971944444444445,7.541833333333333,7.541833333333333,0.3887777777777778,2.1178333333333335
1.0020833333333334,0.445,0.953111111111111,0.0,0.0,0.0,0.0,0.33233333333333337,0.9182499999999999,0.8188888888888889,3.270861111111111,0.1673611111111111,0.1673611111111111,0.1673611111111111,0.1673611111111111,0.33394444444444443,0.33305555555555555,0.2501388888888889,0.38591666666666663,0.39033333333333337,0.4825,0.33716666666666667,0.33716666666666667,0.9846666666666667,0.0,0.23875,3.3935833333333334,3.3935833333333334,0.4954444444444444,0.19152777777777777,2.9771666666666663,0.25919444444444445,6.221500000000001,6.221500000000001,0.5509999999999999,0.8251944444444443,0.4141111111111111,0.32575000000000004,0.3918333333333333,0.4275833333333333,0.8737777777777778,0.33394444444444443,0.47658333333333336,0.2641111111111111,0.9249444444444445,0.0,0.26805555555555555,0.4748611111111111,0.27005555555555555,0.27005555555555555,0.27005555555555555,0.27005555555555555,0.2501388888888889,0.2501388888888889,0.5471111111111111,0.5101111111111112,0.4171388888888889,0.4171388888888889,0.4669722222222222,0.32405555555555554,0.5365555555555556,1.4409722222222223,1.4409722222222223,0.0,0.8630833333333333,0.3408333333333333,0.4563055555555556,0.5426666666666666,0.39805555555555555,2.5592222222222225,2.5592222222222225,2.5592222222222225,0.0,0.524,0.5540555555555555,0.8009444444444445,0.41205555555555556,0.0,0.4114722222222222,0.33716666666666667,0.42575,0.27258333333333334,6.641694444444444,6.641694444444444,0.8153611111111112,2.9771666666666663
0.8624166666666666,0.3248611111111111,0.8134444444444444,0.25905555555555554,0.25905555555555554,0.25905555555555554,0.25905555555555554,0.21219444444444444,0.7785833333333334,0.6792222222222222,3.131194444444444,0.18841666666666665,0.18841666666666665,0.18841666666666665,0.18841666666666665,0.21380555555555558,0.21291666666666667,0.10072222222222223,0.23322222222222222,0.27019444444444446,0.3570277777777778,0.15327777777777776,0.15327777777777776,0.845,0.25905555555555554,0.0,3.613666666666667,3.613666666666667,0.3753055555555555,0.10161111111111111,2.8375,0.11119444444444444,6.3822222222222225,6.3822222222222225,0.3929722222222222,0.6855277777777778,0.2568888888888889,0.1999166666666667,0.20827777777777776,0.3074444444444444,0.7081944444444445,0.21380555555555558,0.35644444444444445,0.13941666666666666,0.7852777777777777,0.25905555555555554,0.07752777777777778,0.33519444444444446,0.09922222222222223,0.09922222222222223,0.09922222222222223,0.09922222222222223,0.10072222222222223,0.10072222222222223,0.40744444444444444,0.3630555555555556,0.297,0.297,0.3273055555555555,0.12552777777777777,0.3968888888888889,1.6016944444444445,1.6016944444444445,0.25905555555555554,0.7234166666666667,0.22069444444444444,0.33269444444444446,0.3846388888888889,0.2747777777777778,2.7199444444444443,2.7199444444444443,2.7199444444444443,0.25905555555555554,0.39897222222222223,0.3963055555555556,0.6808055555555556,0.2919166666666667,0.25905555555555554,0.29133333333333333,0.15327777777777776,0.2677222222222222,0.10175000000000001,6.861777777777778,6.861777777777778,0.6756944444444445,2.8375
4.204833333333333,3.64775,4.087166666666667,3.262388888888889,3.262388888888889,3.262388888888889,3.262388888888889,3.535083333333333,4.064555555555556,3.899777777777778,6.473611111111111,3.37325,3.37325,3.37325,3.37325,3.5366944444444446,3.5358055555555556,3.452888888888889,3.5886666666666667,3.5930833333333334,3.68525,3.539916666666667,3.539916666666667,4.187416666666667,3.262388888888889,3.4415,0.0,0.0,3.6981944444444443,3.3942777777777775,6.179916666666667,3.4619444444444443,9.42425,9.42425,3.75375,3.904777777777778,3.6168611111111115,3.5285,3.5945833333333335,3.6303333333333336,4.076527777777778,3.5366944444444446,3.6793333333333336,3.466861111111111,4.07125,3.262388888888889,3.4708055555555553,3.677611111111111,3.4728055555555555,3.4728055555555555,3.4728055555555555,3.4728055555555555,3.452888888888889,3.452888888888889,3.749861111111111,3.7128611111111107,3.540083333333333,3.540083333333333,3.669722222222222,3.5268055555555557,3.7393055555555557,4.643722222222222,4.643722222222222,3.262388888888889,3.875,3.5435833333333333,3.6590555555555557,3.745416666666667,3.603972222222222,5.761972222222222,5.761972222222222,5.761972222222222,3.262388888888889,3.72675,3.7568055555555557,3.737722222222222,3.575944444444444,3.262388888888889,3.547138888888889,3.539916666666667,3.6285000000000003,3.4753333333333334,3.31175,3.31175,3.89625,6.179916666666667
4.204833333333333,3.64775,4.087166666666667,3.262388888888889,3.262388888888889,3.262388888888889,3.262388888888889,3.535083333333333,4.064555555555556,3.899777777777778,6.473611111111111,3.37325,3.37325,3.37325,3.37325,3.5366944444444446,3.5358055555555556,3.452888888888889,3.5886666666666667,3.5930833333333334,3.68525,3.539916666666667,3.539916666666667,4.187416666666667,3.262388888888889,3.4415,0.0,0.0,3.6981944444444443,3.3942777777777775,6.179916666666667,3.4619444444444443,9.42425,9.42425,3.75375,3.904777777777778,3.6168611111111115,3.5285,3.5945833333333335,3.6303333333333336,4.076527777777778,3.5366944444444446,3.6793333333333336,3.466861111111111,4.07125,3.262388888888889,3.4708055555555553,3.677611111111111,3.4728055555555555,3.4728055555555555,3.4728055555555555,3.4728055555555555,3.452888888888889,3.452888888888889,3.749861111111111,3.7128611111111107,3.540083333333333,3.540083333333333,3.669722222222222,3.5268055555555557,3.7393055555555557,4.643722222222222,4.643722222222222,3.262388888888889,3.875,3.5435833333333333,3.6590555555555557,3.745416666666667,3.603972222222222,5.761972222222222,5.761972222222222,5.761972222222222,3.262388888888889,3.72675,3.7568055555555557,3.737722222222222,3.575944444444444,3.262388888888889,3.547138888888889,3.539916666666667,3.6285000000000003,3.4753333333333334,3.31175,3.31175,3.89625,6.179916666666667
0.7819166666666667,0.21333333333333335,0.6940000000000001,0.5123055555555556,0.5123055555555556,0.5123055555555556,0.5123055555555556,0.19669444444444445,0.6713888888888889,0.5066111111111111,3.0506944444444444,0.4731388888888889,0.4731388888888889,0.4731388888888889,0.4731388888888889,0.21558333333333335,0.21469444444444444,0.4211111111111111,0.25780555555555557,0.20302777777777778,0.24925,0.3595833333333333,0.3595833333333333,0.7645,0.5123055555555556,0.3468333333333333,3.6574444444444443,3.6574444444444443,0.0,0.3889722222222222,2.757,0.4315833333333333,6.678194444444444,6.678194444444444,0.35644444444444445,0.5116111111111111,0.286,0.2732777777777778,0.2637222222222222,0.19433333333333333,0.7456666666666667,0.21558333333333335,0.07958333333333334,0.30674999999999997,0.6780833333333333,0.5123055555555556,0.3782222222222222,0.26330555555555557,0.4196111111111111,0.4196111111111111,0.4196111111111111,0.4196111111111111,0.4211111111111111,0.4211111111111111,0.25855555555555554,0.2981388888888889,0.15858333333333333,0.15858333333333333,0.2554166666666667,0.39966666666666667,0.3163888888888889,1.8976666666666668,1.8976666666666668,0.5123055555555556,0.48183333333333334,0.2013888888888889,0.22669444444444445,0.34336111111111106,0.19452777777777777,3.0159166666666666,3.0159166666666666,3.0159166666666666,0.5123055555555556,0.17044444444444445,0.3425,0.5365833333333333,0.18425,0.5123055555555556,0.16563888888888886,0.3595833333333333,0.28586111111111107,0.4221388888888889,6.905555555555556,6.905555555555556,0.5030833333333333,2.757
0.8691944444444444,0.31211111111111106,0.8202222222222223,0.1796388888888889,0.1796388888888889,0.1796388888888889,0.1796388888888889,0.19944444444444445,0.7853611111111112,0.6859999999999999,3.1379722222222224,0.11241666666666666,0.11241666666666666,0.11241666666666666,0.11241666666666666,0.20105555555555554,0.20016666666666666,0.15358333333333332,0.2530277777777778,0.2574444444444444,0.3496111111111111,0.2061388888888889,0.2061388888888889,0.8517777777777779,0.1796388888888889,0.09308333333333334,3.5342499999999997,3.5342499999999997,0.3625555555555556,0.0,2.8442777777777777,0.16405555555555557,6.313388888888889,6.313388888888889,0.4181111111111111,0.6923055555555556,0.2812222222222222,0.1928611111111111,0.2589444444444445,0.2946944444444445,0.7408888888888888,0.20105555555555554,0.3436944444444444,0.1312222222222222,0.7920555555555556,0.1796388888888889,0.1303888888888889,0.3419722222222222,0.15208333333333332,0.15208333333333332,0.15208333333333332,0.15208333333333332,0.15358333333333332,0.15358333333333332,0.4142222222222222,0.37722222222222224,0.28425,0.28425,0.33408333333333334,0.1783888888888889,0.4036666666666667,1.5328611111111112,1.5328611111111112,0.1796388888888889,0.7301944444444444,0.20794444444444446,0.32341666666666663,0.4097777777777778,0.3,2.651111111111111,2.651111111111111,2.651111111111111,0.1796388888888889,0.39111111111111113,0.4211666666666667,0.6680555555555555,0.2791666666666667,0.1796388888888889,0.27858333333333335,0.2061388888888889,0.29286111111111107,0.15461111111111112,6.782361111111111,6.782361111111111,0.6824722222222223,2.8442777777777777
1.6515555555555557,2.1738333333333335,1.8669166666666666,2.6185555555555555,2.6185555555555555,2.6185555555555555,2.6185555555555555,2.278916666666667,1.83,1.8771111111111112,1.2261111111111112,2.5690833333333334,2.5690833333333334,2.5690833333333334,2.5690833333333334,2.2696388888888888,2.2594444444444446,2.4779444444444447,2.2918333333333334,2.220944444444444,2.134888888888889,2.4057500000000003,2.4057500000000003,1.660111111111111,2.6185555555555555,2.4077777777777776,5.778527777777778,5.778527777777778,2.2058333333333335,2.4645,0.0,2.4884166666666663,8.741722222222222,8.741722222222222,2.177611111111111,1.8834166666666667,2.2881944444444446,2.3994722222222222,2.3020277777777776,2.165861111111111,2.067,2.2696388888888888,2.2027222222222225,2.382277777777778,1.83875,2.6185555555555555,2.420138888888889,2.127972222222222,2.4794722222222223,2.4794722222222223,2.4794722222222223,2.4794722222222223,2.4779444444444447,2.4779444444444447,2.0292222222222223,2.1930833333333335,2.308972222222222,2.308972222222222,2.1768055555555557,2.441777777777778,2.1078333333333332,3.880055555555556,3.880055555555556,2.6185555555555555,1.9213055555555556,2.283611111111111,2.1663055555555557,2.1938333333333335,2.3231666666666664,5.079444444444444,5.079444444444444,5.079444444444444,2.6185555555555555,2.0988055555555554,2.188,2.2143611111111112,2.303888888888889,2.6185555555555555,2.3033055555555553,2.4057500000000003,2.2533611111111114,2.482,9.02663888888889,9.02663888888889,1.8735833333333332,0.0
0.8819444444444444,0.3895555555555556,0.8329722222222222,0.24305555555555555,0.24305555555555555,0.24305555555555555,0.24305555555555555,0.2788611111111111,0.7981111111111111,0.69875,3.1507222222222224,0.2601111111111111,0.2601111111111111,0.2601111111111111,0.2601111111111111,0.28444444444444444,0.2776111111111111,0.06883333333333333,0.24919444444444444,0.3095277777777778,0.37655555555555553,0.16924999999999998,0.16924999999999998,0.8645277777777778,0.24305555555555555,0.11566666666666665,3.5976666666666666,3.5976666666666666,0.44,0.17330555555555555,2.8570277777777777,0.0,6.359472222222222,6.359472222222222,0.4125,0.7050555555555555,0.2764166666666667,0.2716111111111111,0.22424999999999998,0.3721388888888889,0.7241666666666666,0.28444444444444444,0.42113888888888884,0.2111111111111111,0.8048055555555556,0.24305555555555555,0.08483333333333333,0.3547222222222222,0.015333333333333334,0.015333333333333334,0.015333333333333334,0.015333333333333334,0.06883333333333333,0.06883333333333333,0.4269722222222222,0.38258333333333333,0.36169444444444443,0.36169444444444443,0.3468333333333333,0.14077777777777778,0.41641666666666666,1.5789444444444445,1.5789444444444445,0.24305555555555555,0.7429444444444444,0.2873611111111111,0.3522222222222222,0.4041666666666667,0.3706666666666667,2.6971944444444444,2.6971944444444444,2.6971944444444444,0.24305555555555555,0.4185,0.41583333333333333,0.7455,0.3566111111111111,0.24305555555555555,0.3560277777777778,0.16924999999999998,0.28724999999999995,0.01786111111111111,6.845777777777777,6.845777777777777,0.6952222222222223,2.8570277777777777
9.585694444444444,9.089611111111111,9.597722222222224,8.754277777777778,8.754277777777778,8.754277777777778,8.754277777777778,8.976944444444445,9.562861111111111,9.4635,8.331527777777778,8.82188888888889,8.82188888888889,8.82188888888889,8.82188888888889,8.978555555555555,8.977666666666666,8.863194444444444,9.030166666666666,9.034944444444445,9.12711111111111,8.950222222222221,8.950222222222221,9.59425,8.754277777777778,8.88336111111111,12.108888888888888,12.108888888888888,9.140055555555556,8.836138888888888,8.914777777777777,8.855055555555555,0.0,0.0,9.193472222222223,9.469805555555556,9.05738888888889,8.97036111111111,9.005222222222223,9.072194444444445,9.505138888888888,8.978555555555555,9.121194444444445,8.908722222222222,9.569555555555556,8.754277777777778,8.88111111111111,9.119472222222221,8.862944444444445,8.862944444444445,8.862944444444445,8.862944444444445,8.863194444444444,8.863194444444444,9.191722222222221,9.154722222222222,9.06175,9.06175,9.111583333333332,8.905916666666666,9.181166666666666,5.038361111111111,5.038361111111111,8.754277777777778,9.507694444444443,8.985444444444443,9.100916666666667,9.185138888888888,9.080277777777777,3.652083333333333,3.652083333333333,3.652083333333333,8.754277777777778,9.168611111111112,9.196805555555555,9.445555555555556,9.056666666666667,8.754277777777778,9.056083333333333,8.950222222222221,9.068222222222222,8.865472222222223,13.200777777777779,13.200777777777779,9.459972222222223,8.914777777777777
9.585694444444444,9.089611111111111,9.597722222222224,8.754277777777778,8.754277777777778,8.754277777777778,8.754277777777778,8.976944444444445,9.562861111111111,9.4635,8.331527777777778,8.82188888888889,8.82188888888889,8.82188888888889,8.82188888888889,8.978555555555555,8.977666666666666,8.863194444444444,9.030166666666666,9.034944444444445,9.12711111111111,8.950222222222221,8.950222222222221,9.59425,8.754277777777778,8.88336111111111,12.108888888888888,12.108888888888888,9.140055555555556,8.836138888888888,8.914777777777777,8.855055555555555,0.0,0.0,9.193472222222223,9.469805555555556,9.05738888888889,8.97036111111111,9.005222222222223,9.072194444444445,9.505138888888888,8.978555555555555,9.121194444444445,8.908722222222222,9.569555555555556,8.754277777777778,8.88111111111111,9.119472222222221,8.862944444444445,8.862944444444445,8.862944444444445,8.862944444444445,8.863194444444444,8.863194444444444,9.191722222222221,9.154722222222222,9.06175,9.06175,9.111583333333332,8.905916666666666,9.181166666666666,5.038361111111111,5.038361111111111,8.754277777777778,9.507694444444443,8.985444444444443,9.100916666666667,9.185138888888888,9.080277777777777,3.652083333333333,3.652083333333333,3.652083333333333,8.754277777777778,9.168611111111112,9.196805555555555,9.445555555555556,9.056666666666667,8.754277777777778,9.056083333333333,8.950222222222221,9.068222222222222,8.865472222222223,13.200777777777779,13.200777777777779,9.459972222222223,8.914777777777777
0.6286666666666666,0.2185,0.5796944444444445,0.5481666666666667,0.5481666666666667,0.5481666666666667,0.5481666666666667,0.26175,0.5448333333333334,0.4454722222222222,2.8963888888888887,0.515,0.515,0.515,0.515,0.22952777777777778,0.21933333333333335,0.40755555555555556,0.2600277777777778,0.22125,0.17955555555555555,0.34872222222222227,0.34872222222222227,0.61125,0.5481666666666667,0.33738888888888885,3.8393333333333333,3.8393333333333333,0.2625277777777778,0.42438888888888887,2.602694444444445,0.4180277777777778,6.671333333333333,6.671333333333333,0.0,0.4517777777777778,0.19944444444444445,0.4280277777777778,0.2702222222222222,0.21052777777777776,0.5058888888888889,0.22952777777777778,0.2594166666666667,0.3421666666666667,0.5515277777777777,0.5481666666666667,0.34974999999999995,0.10605555555555556,0.40908333333333335,0.40908333333333335,0.40908333333333335,0.40908333333333335,0.40755555555555556,0.40755555555555556,0.16822222222222222,0.09588888888888888,0.33466666666666667,0.33466666666666667,0.14805555555555555,0.38222222222222224,0.1631388888888889,1.8908055555555554,1.8908055555555554,0.5481666666666667,0.48966666666666664,0.27025,0.20602777777777778,0.04702777777777778,0.35483333333333333,3.009055555555556,3.009055555555556,3.009055555555556,0.5481666666666667,0.1555,0.04325,0.7184722222222222,0.32958333333333334,0.5481666666666667,0.329,0.34872222222222227,0.15616666666666668,0.4116111111111111,7.087444444444444,7.087444444444444,0.4419444444444444,2.602694444444445
0.40141666666666664,0.4826388888888889,0.2165277777777778,0.9273611111111111,0.9273611111111111,0.9273611111111111,0.9273611111111111,0.5877222222222223,0.19391666666666668,0.014944444444444444,2.629888888888889,0.8778888888888889,0.8778888888888889,0.8778888888888889,0.8778888888888889,0.5784444444444444,0.56825,0.7867500000000001,0.6006388888888889,0.5297499999999999,0.44369444444444445,0.7145555555555556,0.7145555555555556,0.384,0.9273611111111111,0.7165833333333332,3.895111111111111,3.895111111111111,0.47605555555555557,0.7733055555555556,2.3361944444444442,0.7972222222222223,7.050527777777778,7.050527777777778,0.48641666666666666,0.0,0.597,0.7082777777777778,0.6108333333333333,0.4746666666666667,0.8002777777777778,0.5784444444444444,0.5115277777777778,0.6910833333333334,0.20061111111111113,0.9273611111111111,0.7289444444444444,0.4367777777777778,0.7882777777777779,0.7882777777777779,0.7882777777777779,0.7882777777777779,0.7867500000000001,0.7867500000000001,0.3380277777777778,0.5018888888888888,0.5793055555555555,0.5793055555555555,0.4856111111111111,0.7505833333333333,0.4166388888888889,2.27,2.27,0.9273611111111111,0.03788888888888889,0.5924166666666666,0.47511111111111115,0.5026388888888889,0.6296388888888889,3.38825,3.38825,3.38825,0.9273611111111111,0.40761111111111115,0.49680555555555556,0.4657222222222222,0.6126944444444444,0.9273611111111111,0.5863611111111111,0.7145555555555556,0.5621666666666667,0.7908055555555555,7.143222222222222,7.143222222222222,0.021583333333333333,2.3361944444444442
0.6848055555555556,0.21605555555555556,0.6358333333333334,0.4321388888888889,0.4321388888888889,0.4321388888888889,0.4321388888888889,0.14722222222222223,0.6009722222222222,0.5016111111111111,2.9535833333333334,0.39897222222222223,0.39897222222222223,0.39897222222222223,0.39897222222222223,0.115,0.10480555555555555,0.2915277777777778,0.1373611111111111,0.11336111111111112,0.17941666666666667,0.23269444444444445,0.23269444444444445,0.6673888888888888,0.4321388888888889,0.2213611111111111,3.7248055555555553,3.7248055555555553,0.26405555555555554,0.3098611111111111,2.659888888888889,0.302,6.555305555555555,6.555305555555555,0.19172222222222224,0.5079166666666667,0.0,0.3135,0.15569444444444444,0.18441666666666667,0.5860277777777777,0.115,0.24519444444444446,0.2276388888888889,0.6076666666666667,0.4321388888888889,0.23372222222222222,0.15758333333333333,0.29305555555555557,0.29305555555555557,0.29305555555555557,0.29305555555555557,0.2915277777777778,0.2915277777777778,0.22983333333333333,0.16180555555555556,0.22013888888888888,0.22013888888888888,0.14969444444444444,0.26619444444444446,0.21927777777777777,1.7747777777777778,1.7747777777777778,0.4321388888888889,0.5458055555555555,0.15572222222222223,0.15508333333333332,0.1833888888888889,0.24030555555555555,2.8930277777777778,2.8930277777777778,2.8930277777777778,0.4321388888888889,0.2213611111111111,0.19505555555555557,0.6039444444444444,0.21505555555555556,0.4321388888888889,0.21447222222222223,0.23269444444444445,0.06647222222222222,0.2955833333333333,6.972916666666666,6.972916666666666,0.4980833333333333,2.659888888888889
0.8135277777777777,0.24327777777777776,0.7645555555555555,0.35094444444444445,0.35094444444444445,0.35094444444444445,0.35094444444444445,0.13447222222222222,0.7296944444444444,0.6303333333333333,3.082305555555555,0.29286111111111107,0.29286111111111107,0.29286111111111107,0.29286111111111107,0.20033333333333334,0.1938888888888889,0.22169444444444444,0.24536111111111109,0.21605555555555556,0.2807777777777778,0.23483333333333334,0.23483333333333334,0.7961111111111111,0.35094444444444445,0.14741666666666667,3.5667222222222223,3.5667222222222223,0.2937222222222223,0.19547222222222224,2.788611111111111,0.23216666666666666,6.484694444444445,6.484694444444445,0.3794444444444444,0.6366388888888889,0.27355555555555555,0.0,0.25127777777777777,0.22586111111111112,0.7332222222222222,0.20033333333333334,0.2748611111111111,0.11088888888888888,0.7363888888888889,0.35094444444444445,0.18013888888888888,0.2863055555555556,0.22019444444444447,0.22019444444444447,0.22019444444444447,0.22019444444444447,0.22169444444444444,0.22169444444444444,0.3585555555555555,0.32113888888888886,0.22188888888888889,0.22188888888888889,0.27841666666666665,0.2195,0.348,1.7041666666666666,1.7041666666666666,0.35094444444444445,0.6745277777777778,0.14097222222222222,0.25458333333333333,0.36636111111111114,0.17616666666666667,2.822416666666667,2.822416666666667,2.822416666666667,0.35094444444444445,0.3222777777777778,0.3655,0.6056944444444444,0.21458333333333332,0.35094444444444445,0.2162222222222222,0.23483333333333334,0.2851944444444445,0.2227222222222222,6.8148333333333335,6.8148333333333335,0.6268055555555555,2.788611111111111
0.76825,0.2688055555555556,0.7192777777777778,0.4083333333333333,0.4083333333333333,0.4083333333333333,0.4083333333333333,0.15811111111111112,0.6844166666666667,0.5850555555555556,3.0370277777777774,0.37516666666666665,0.37516666666666665,0.37516666666666665,0.37516666666666665,0.16369444444444442,0.15686111111111112,0.24677777777777776,0.1063888888888889,0.1887777777777778,0.2628611111111111,0.11883333333333333,0.11883333333333333,0.7508333333333334,0.4083333333333333,0.19755555555555557,3.7456111111111112,3.7456111111111112,0.31925,0.28836111111111107,2.743333333333333,0.25725,6.5315,6.5315,0.27647222222222223,0.5913611111111111,0.15308333333333335,0.31269444444444444,0.0,0.2513888888888889,0.5363333333333333,0.16369444444444442,0.3003888888888889,0.22683333333333333,0.6911111111111111,0.4083333333333333,0.20991666666666667,0.24102777777777779,0.22216666666666665,0.22216666666666665,0.22216666666666665,0.22216666666666665,0.24677777777777776,0.24677777777777776,0.31327777777777777,0.23791666666666667,0.24094444444444443,0.24094444444444443,0.23313888888888887,0.15486111111111112,0.3027222222222222,1.7509722222222222,1.7509722222222222,0.4083333333333333,0.6292500000000001,0.1666111111111111,0.23852777777777778,0.26813888888888887,0.2611111111111111,2.8692222222222226,2.8692222222222226,2.8692222222222226,0.4083333333333333,0.30480555555555555,0.27980555555555553,0.62475,0.2358611111111111,0.4083333333333333,0.23527777777777778,0.11883333333333333,0.16130555555555556,0.22469444444444445,6.993722222222223,6.993722222222223,0.5815277777777778,2.743333333333333
0.6462222222222223,0.050583333333333334,0.59725,0.47780555555555554,0.47780555555555554,0.47780555555555554,0.47780555555555554,0.15408333333333335,0.5623888888888888,0.4630277777777778,2.915,0.42691666666666667,0.42691666666666667,0.42691666666666667,0.42691666666666667,0.1274722222222222,0.11727777777777777,0.35200000000000004,0.19822222222222222,0.08936111111111111,0.07233333333333333,0.2931666666666667,0.2931666666666667,0.6288055555555555,0.47780555555555554,0.2818333333333333,3.6888055555555557,3.6888055555555557,0.12197222222222223,0.32233333333333336,2.6213055555555558,0.36247222222222225,6.611555555555555,6.611555555555555,0.21591666666666665,0.4693333333333333,0.1928611111111111,0.2746388888888889,0.20413888888888887,0.0,0.6267222222222222,0.1274722222222222,0.10311111111111111,0.2401111111111111,0.5690833333333333,0.47780555555555554,0.2941944444444444,0.119,0.3535277777777778,0.3535277777777778,0.3535277777777778,0.3535277777777778,0.35200000000000004,0.35200000000000004,0.19125,0.14816666666666667,0.18413888888888888,0.18413888888888888,0.10422222222222222,0.32666666666666666,0.18069444444444444,1.8310277777777777,1.8310277777777777,0.47780555555555554,0.5072222222222222,0.1587777777777778,0.07050000000000001,0.19905555555555557,0.19655555555555557,2.9492777777777777,2.9492777777777777,2.9492777777777777,0.47780555555555554,0.13041666666666665,0.19819444444444445,0.5679444444444445,0.17905555555555555,0.47780555555555554,0.17847222222222223,0.2931666666666667,0.17219444444444443,0.35605555555555557,6.936916666666667,6.936916666666667,0.4595,2.6213055555555558
0.5748888888888889,0.644,0.7877777777777778,0.8861388888888888,0.8861388888888888,0.8861388888888888,0.8861388888888888,0.6235277777777777,0.7508611111111111,0.7655555555555555,2.641277777777778,0.8529722222222221,0.8529722222222221,0.8529722222222221,0.8529722222222221,0.5913055555555555,0.5811111111111111,0.7195833333333334,0.5135,0.5896666666666667,0.6050555555555555,0.5916388888888889,0.5916388888888889,0.5507222222222222,0.8861388888888888,0.6753611111111112,4.2011111111111115,4.2011111111111115,0.6759999999999999,0.7661666666666667,2.347583333333333,0.7300555555555555,7.009305555555556,7.009305555555556,0.498,0.7718611111111111,0.51875,0.7898055555555556,0.5133333333333333,0.6360277777777777,0.0,0.5913055555555555,0.6728888888888889,0.7039444444444444,0.7596111111111111,0.8861388888888888,0.6877222222222222,0.5952500000000001,0.6949722222222222,0.6949722222222222,0.6949722222222222,0.6949722222222222,0.7195833333333334,0.7195833333333334,0.5028888888888889,0.5850833333333334,0.6964444444444444,0.6964444444444444,0.626,0.6276666666666666,0.4705833333333333,2.2287777777777777,2.2287777777777777,0.8861388888888888,0.80975,0.6320277777777779,0.6313888888888889,0.4994166666666667,0.7166111111111112,3.3470277777777775,3.3470277777777775,3.3470277777777775,0.8861388888888888,0.5689722222222223,0.49130555555555555,1.08025,0.6913611111111111,0.8861388888888888,0.6907777777777778,0.5916388888888889,0.5269722222222222,0.6975,7.449222222222223,7.449222222222223,0.7620277777777779,2.347583333333333
0.6881666666666667,0.1837222222222222,0.6391944444444444,0.40105555555555555,0.40105555555555555,0.40105555555555555,0.40105555555555555,0.08294444444444445,0.6043333333333333,0.5049722222222223,2.9569444444444444,0.3501666666666666,0.3501666666666666,0.3501666666666666,0.3501666666666666,0.0,0.04052777777777778,0.2891111111111111,0.12941666666666665,0.08613888888888889,0.1827777777777778,0.23027777777777778,0.23027777777777778,0.67075,0.40105555555555555,0.21894444444444447,3.660527777777778,3.660527777777778,0.23416666666666666,0.24558333333333335,2.66325,0.2995833333333333,6.534805555555556,6.534805555555556,0.24294444444444446,0.5112777777777777,0.11902777777777777,0.24922222222222223,0.13961111111111113,0.16030555555555556,0.6172777777777777,0.0,0.21530555555555556,0.16336111111111112,0.6110277777777777,0.40105555555555555,0.23130555555555557,0.16094444444444445,0.2906388888888889,0.2906388888888889,0.2906388888888889,0.2906388888888889,0.2891111111111111,0.2891111111111111,0.23319444444444445,0.19619444444444442,0.15586111111111112,0.15586111111111112,0.15305555555555556,0.2637777777777778,0.2226388888888889,1.7542777777777776,1.7542777777777776,0.40105555555555555,0.5491666666666667,0.09144444444444444,0.15844444444444444,0.2346111111111111,0.17602777777777778,2.872527777777778,2.872527777777778,2.872527777777778,0.40105555555555555,0.2247222222222222,0.2401388888888889,0.5396666666666666,0.15077777777777776,0.40105555555555555,0.15019444444444446,0.23027777777777778,0.11769444444444443,0.2931666666666667,6.9086388888888886,6.9086388888888886,0.5014444444444445,2.66325
0.7485555555555556,0.159,0.6995833333333333,0.5235,0.5235,0.5235,0.5235,0.20788888888888887,0.6647222222222222,0.5374166666666667,3.017333333333333,0.4843333333333333,0.4843333333333333,0.4843333333333333,0.4843333333333333,0.19680555555555557,0.1866111111111111,0.42133333333333334,0.26755555555555555,0.16927777777777778,0.19491666666666668,0.3625,0.3625,0.7311388888888889,0.5235,0.3511666666666667,3.688861111111111,3.688861111111111,0.06425,0.39166666666666666,2.723638888888889,0.43180555555555555,6.680888888888889,6.680888888888889,0.3354722222222222,0.5424166666666667,0.26219444444444445,0.2844722222222222,0.2734722222222222,0.14,0.7248888888888889,0.19680555555555557,0.0,0.30944444444444447,0.6714166666666667,0.5235,0.3635277777777778,0.24233333333333332,0.4228611111111111,0.4228611111111111,0.4228611111111111,0.4228611111111111,0.42133333333333334,0.42133333333333334,0.22519444444444445,0.2771666666666667,0.19,0.19,0.23444444444444446,0.39599999999999996,0.28302777777777777,1.9003611111111112,1.9003611111111112,0.5235,0.5126388888888889,0.21258333333333332,0.1918888888888889,0.32238888888888884,0.20572222222222222,3.018611111111111,3.018611111111111,3.018611111111111,0.5235,0.13708333333333333,0.3215277777777778,0.568,0.19544444444444445,0.5235,0.19486111111111112,0.3625,0.2608611111111111,0.4253888888888889,6.936972222222222,6.936972222222222,0.5338888888888889,2.723638888888889
0.7994722222222223,0.22922222222222224,0.7505000000000001,0.2966388888888889,0.2966388888888889,0.2966388888888889,0.2966388888888889,0.12041666666666667,0.7156388888888889,0.6162777777777777,3.0682500000000004,0.23516666666666666,0.23516666666666666,0.23516666666666666,0.23516666666666666,0.1751388888888889,0.17425,0.20444444444444446,0.22711111111111112,0.202,0.26672222222222225,0.21758333333333332,0.21758333333333332,0.7820555555555556,0.2966388888888889,0.13016666666666668,3.603638888888889,3.603638888888889,0.2796666666666667,0.14116666666666666,2.7745555555555557,0.21491666666666667,6.430388888888889,6.430388888888889,0.36538888888888893,0.6225833333333334,0.25530555555555556,0.09044444444444445,0.23302777777777778,0.21180555555555555,0.7149722222222222,0.1751388888888889,0.26080555555555557,0.0,0.7223333333333334,0.2966388888888889,0.1628888888888889,0.27225,0.20294444444444446,0.20294444444444446,0.20294444444444446,0.20294444444444446,0.20444444444444446,0.20444444444444446,0.34450000000000003,0.3070833333333333,0.20783333333333334,0.20783333333333334,0.2643611111111111,0.20225,0.33394444444444443,1.649861111111111,1.649861111111111,0.2966388888888889,0.6604722222222221,0.12691666666666665,0.24052777777777778,0.35230555555555554,0.21308333333333335,2.768111111111111,2.768111111111111,2.768111111111111,0.2966388888888889,0.3082222222222222,0.35144444444444445,0.5916388888888889,0.20274999999999999,0.2966388888888889,0.20216666666666666,0.21758333333333332,0.26694444444444443,0.20547222222222222,6.85175,6.85175,0.61275,2.7745555555555557
0.37119444444444444,0.5404166666666667,0.06922222222222221,0.9851388888888889,0.9851388888888889,0.9851388888888889,0.9851388888888889,0.6455000000000001,0.03463888888888889,0.17155555555555557,2.497472222222222,0.9356666666666666,0.9356666666666666,0.9356666666666666,0.9356666666666666,0.6362222222222222,0.6260277777777777,0.8445277777777779,0.6584166666666668,0.5875277777777778,0.5014722222222222,0.7723333333333333,0.7723333333333333,0.35377777777777775,0.9851388888888889,0.7743611111111111,4.072972222222222,4.072972222222222,0.5724166666666666,0.8310833333333334,2.203777777777778,0.855,7.108305555555556,7.108305555555556,0.5441944444444444,0.1778611111111111,0.6547777777777777,0.7660555555555556,0.6686111111111112,0.5324444444444444,0.7700555555555555,0.6362222222222222,0.5693055555555555,0.7488611111111111,0.0,0.9851388888888889,0.7867222222222222,0.4945555555555556,0.8460555555555556,0.8460555555555556,0.8460555555555556,0.8460555555555556,0.8445277777777779,0.8445277777777779,0.3958055555555556,0.5596666666666666,0.6755555555555556,0.6755555555555556,0.5433888888888889,0.8083611111111111,0.4744166666666667,2.327777777777778,2.327777777777778,0.9851388888888889,0.21575000000000003,0.6501944444444444,0.532888888888889,0.5604166666666667,0.68975,3.446027777777778,3.446027777777778,3.446027777777778,0.9851388888888889,0.4653888888888889,0.5545833333333333,0.40877777777777774,0.6704722222222221,0.9851388888888889,0.6698888888888889,0.7723333333333333,0.6199444444444445,0.8485833333333334,7.321083333333334,7.321083333333334,0.16802777777777778,2.203777777777778
1.0020833333333334,0.445,0.953111111111111,0.0,0.0,0.0,0.0,0.33233333333333337,0.9182499999999999,0.8188888888888889,3.270861111111111,0.1673611111111111,0.1673611111111111,0.1673611111111111,0.1673611111111111,0.33394444444444443,0.33305555555555555,0.2501388888888889,0.38591666666666663,0.39033333333333337,0.4825,0.33716666666666667,0.33716666666666667,0.9846666666666667,0.0,0.23875,3.3935833333333334,3.3935833333333334,0.4954444444444444,0.19152777777777777,2.9771666666666663,0.25919444444444445,6.221500000000001,6.221500000000001,0.5509999999999999,0.8251944444444443,0.4141111111111111,0.32575000000000004,0.3918333333333333,0.4275833333333333,0.8737777777777778,0.33394444444444443,0.47658333333333336,0.2641111111111111,0.9249444444444445,0.0,0.26805555555555555,0.4748611111111111,0.27005555555555555,0.27005555555555555,0.27005555555555555,0.27005555555555555,0.2501388888888889,0.2501388888888889,0.5471111111111111,0.5101111111111112,0.4171388888888889,0.4171388888888889,0.4669722222222222,0.32405555555555554,0.5365555555555556,1.4409722222222223,1.4409722222222223,0.0,0.8630833333333333,0.3408333333333333,0.4563055555555556,0.5426666666666666,0.39805555555555555,2.5592222222222225,2.5592222222222225,2.5592222222222225,0.0,0.524,0.5540555555555555,0.8009444444444445,0.41205555555555556,0.0,0.4114722222222222,0.33716666666666667,0.42575,0.27258333333333334,6.641694444444444,6.641694444444444,0.8153611111111112,2.9771666666666663
0.8479166666666667,0.3555277777777778,0.7989444444444443,0.24416666666666667,0.24416666666666667,0.24416666666666667,0.24416666666666667,0.24483333333333332,0.7640833333333333,0.6647222222222222,3.1166944444444447,0.25466666666666665,0.25466666666666665,0.25466666666666665,0.25466666666666665,0.2504166666666667,0.24358333333333332,0.07172222222222221,0.21516666666666667,0.27549999999999997,0.34252777777777776,0.13522222222222222,0.13522222222222222,0.8305,0.24416666666666667,0.09694444444444444,3.598777777777778,3.598777777777778,0.40597222222222223,0.1678611111111111,2.823,0.08219444444444444,6.367333333333334,6.367333333333334,0.3784722222222222,0.6710277777777778,0.2423888888888889,0.26616666666666666,0.1902222222222222,0.33811111111111114,0.6901388888888889,0.2504166666666667,0.3871111111111111,0.20558333333333334,0.7707777777777778,0.24416666666666667,0.0,0.32069444444444445,0.07022222222222223,0.07022222222222223,0.07022222222222223,0.07022222222222223,0.07172222222222221,0.07172222222222221,0.39294444444444443,0.34855555555555556,0.32766666666666666,0.32766666666666666,0.3128055555555555,0.12319444444444444,0.3823888888888889,1.5868055555555556,1.5868055555555556,0.24416666666666667,0.7089166666666666,0.25333333333333335,0.31819444444444445,0.3701388888888889,0.33672222222222226,2.7050555555555555,2.7050555555555555,2.7050555555555555,0.24416666666666667,0.3844722222222222,0.38180555555555556,0.7114722222222223,0.32258333333333333,0.24416666666666667,0.322,0.13522222222222222,0.25322222222222224,0.07275,6.846888888888889,6.846888888888889,0.6611944444444445,2.823
0.5821388888888889,0.14855555555555555,0.5331666666666667,0.5468611111111111,0.5468611111111111,0.5468611111111111,0.5468611111111111,0.2604444444444445,0.49830555555555556,0.39894444444444443,2.8509166666666665,0.5136944444444445,0.5136944444444445,0.5136944444444445,0.5136944444444445,0.22822222222222222,0.21802777777777776,0.40625,0.25872222222222224,0.19311111111111112,0.10961111111111112,0.3474166666666667,0.3474166666666667,0.5647222222222222,0.5468611111111111,0.33608333333333335,3.815888888888889,3.815888888888889,0.22572222222222224,0.4230833333333333,2.5572222222222223,0.4167222222222222,6.6700277777777774,6.6700277777777774,0.1451388888888889,0.40525,0.19813888888888886,0.40172222222222226,0.2689166666666667,0.14058333333333334,0.5626388888888889,0.22822222222222222,0.2226111111111111,0.34086111111111106,0.505,0.5468611111111111,0.34844444444444445,0.0,0.4077777777777778,0.4077777777777778,0.4077777777777778,0.4077777777777778,0.40625,0.40625,0.12716666666666668,0.09458333333333334,0.31122222222222223,0.31122222222222223,0.06705555555555556,0.3809166666666667,0.11661111111111111,1.8895,1.8895,0.5468611111111111,0.44313888888888886,0.26894444444444443,0.13702777777777778,0.13091666666666668,0.3254166666666667,3.0077499999999997,3.0077499999999997,3.0077499999999997,0.5468611111111111,0.11869444444444445,0.12741666666666665,0.6950277777777778,0.30613888888888885,0.5468611111111111,0.3055555555555556,0.3474166666666667,0.15486111111111112,0.41030555555555553,7.064,7.064,0.3954166666666667,2.5572222222222223
0.90175,0.39891666666666664,0.8527777777777777,0.22772222222222221,0.22772222222222221,0.22772222222222221,0.22772222222222221,0.28625,0.8179166666666666,0.7185555555555556,3.1705277777777776,0.2624722222222222,0.2624722222222222,0.2624722222222222,0.2624722222222222,0.2878611111111111,0.2869722222222222,0.0535,0.269,0.3293333333333333,0.39636111111111116,0.18905555555555556,0.18905555555555556,0.8843333333333333,0.22772222222222221,0.12255555555555556,3.582333333333333,3.582333333333333,0.4493611111111111,0.17566666666666667,2.8768333333333334,0.04436111111111111,6.34413888888889,6.34413888888889,0.43230555555555555,0.7248611111111111,0.2962222222222222,0.27397222222222223,0.24405555555555555,0.3815,0.7439722222222223,0.2878611111111111,0.4305,0.21347222222222223,0.8246111111111111,0.22772222222222221,0.10622222222222222,0.3745277777777778,0.0,0.0,0.0,0.0,0.0535,0.0535,0.44677777777777783,0.40238888888888885,0.3710555555555555,0.3710555555555555,0.3666388888888889,0.12544444444444444,0.43622222222222223,1.563611111111111,1.563611111111111,0.22772222222222221,0.76275,0.29474999999999996,0.3720277777777778,0.4239722222222222,0.3771388888888889,2.6818611111111115,2.6818611111111115,2.6818611111111115,0.22772222222222221,0.43830555555555556,0.43563888888888885,0.7548611111111111,0.3659722222222222,0.22772222222222221,0.36538888888888893,0.18905555555555556,0.3070555555555556,0.0025277777777777777,6.830444444444444,6.830444444444444,0.7150277777777777,2.8768333333333334
0.90175,0.39891666666666664,0.8527777777777777,0.22772222222222221,0.22772222222222221,0.22772222222222221,0.22772222222222221,0.28625,0.8179166666666666,0.7185555555555556,3.1705277777777776,0.2624722222222222,0.2624722222222222,0.2624722222222222,0.2624722222222222,0.2878611111111111,0.2869722222222222,0.0535,0.269,0.3293333333333333,0.39636111111111116,0.18905555555555556,0.18905555555555556,0.8843333333333333,0.22772222222222221,0.12255555555555556,3.582333333333333,3.582333333333333,0.4493611111111111,0.17566666666666667,2.8768333333333334,0.04436111111111111,6.34413888888889,6.34413888888889,0.43230555555555555,0.7248611111111111,0.2962222222222222,0.27397222222222223,0.24405555555555555,0.3815,0.7439722222222223,0.2878611111111111,0.4305,0.21347222222222223,0.8246111111111111,0.22772222222222221,0.10622222222222222,0.3745277777777778,0.0,0.0,0.0,0.0,0.0535,0.0535,0.44677777777777783,0.40238888888888885,0.3710555555555555,0.3710555555555555,0.3666388888888889,0.12544444444444444,0.43622222222222223,1.563611111111111,1.563611111111111,0.22772222222222221,0.76275,0.29474999999999996,0.3720277777777778,0.4239722222222222,0.3771388888888889,2.6818611111111115,2.6818611111111115,2.6818611111111115,0.22772222222222221,0.43830555555555556,0.43563888888888885,0.7548611111111111,0.3659722222222222,0.22772222222222221,0.36538888888888893,0.18905555555555556,0.3070555555555556,0.0025277777777777777,6.830444444444444,6.830444444444444,0.7150277777777777,2.8768333333333334
0.90175,0.39891666666666664,0.8527777777777777,0.22772222222222221,0.22772222222222221,0.22772222222222221,0.22772222222222221,0.28625,0.8179166666666666,0.7185555555555556,3.1705277777777776,0.2624722222222222,0.2624722222222222,0.2624722222222222,0.2624722222222222,0.2878611111111111,0.2869722222222222,0.0535,0.269,0.3293333333333333,0.39636111111111116,0.18905555555555556,0.18905555555555556,0.8843333333333333,0.22772222222222221,0.12255555555555556,3.582333333333333,3.582333333333333,0.4493611111111111,0.17566666666666667,2.8768333333333334,0.04436111111111111,6.34413888888889,6.34413888888889,0.43230555555555555,0.7248611111111111,0.2962222222222222,0.27397222222222223,0.24405555555555555,0.3815,0.7439722222222223,0.2878611111111111,0.4305,0.21347222222222223,0.8246111111111111,0.22772222222222221,0.10622222222222222,0.3745277777777778,0.0,0.0,0.0,0.0,0.0535,0.0535,0.44677777777777783,0.40238888888888885,0.3710555555555555,0.3710555555555555,0.3666388888888889,0.12544444444444444,0.43622222222222223,1.563611111111111,1.563611111111111,0.22772222222222221,0.76275,0.29474999999999996,0.3720277777777778,0.4239722222222222,0.3771388888888889,2.6818611111111115,2.6818611111111115,2.6818611111111115,0.22772222222222221,0.43830555555555556,0.43563888888888885,0.7548611111111111,0.3659722222222222,0.22772222222222221,0.36538888888888893,0.18905555555555556,0.3070555555555556,0.0025277777777777777,6.830444444444444,6.830444444444444,0.7150277777777777,2.8768333333333334
0.90175,0.39891666666666664,0.8527777777777777,0.22772222222222221,0.22772222222222221,0.22772222222222221,0.22772222222222221,0.28625,0.8179166666666666,0.7185555555555556,3.1705277777777776,0.2624722222222222,0.2624722222222222,0.2624722222222222,0.2624722222222222,0.2878611111111111,0.2869722222222222,0.0535,0.269,0.3293333333333333,0.39636111111111116,0.18905555555555556,0.18905555555555556,0.8843333333333333,0.22772222222222221,0.12255555555555556,3.582333333333333,3.582333333333333,0.4493611111111111,0.17566666666666667,2.8768333333333334,0.04436111111111111,6.34413888888889,6.34413888888889,0.43230555555555555,0.7248611111111111,0.2962222222222222,0.27397222222222223,0.24405555555555555,0.3815,0.7439722222222223,0.2878611111111111,0.4305,0.21347222222222223,0.8246111111111111,0.22772222222222221,0.10622222222222222,0.3745277777777778,0.0,0.0,0.0,0.0,0.0535,0.0535,0.44677777777777783,0.40238888888888885,0.3710555555555555,0.3710555555555555,0.3666388888888889,0.12544444444444444,0.43622222222222223,1.563611111111111,1.563611111111111,0.22772222222222221,0.76275,0.29474999999999996,0.3720277777777778,0.4239722222222222,0.3771388888888889,2.6818611111111115,2.6818611111111115,2.6818611111111115,0.22772222222222221,0.43830555555555556,0.43563888888888885,0.7548611111111111,0.3659722222222222,0.22772222222222221,0.36538888888888893,0.18905555555555556,0.3070555555555556,0.0025277777777777777,6.830444444444444,6.830444444444444,0.7150277777777777,2.8768333333333334
0.8924166666666666,0.40002777777777776,0.8434444444444444,0.23416666666666666,0.23416666666666666,0.23416666666666666,0.23416666666666666,0.28933333333333333,0.8085833333333333,0.7092222222222222,3.1611944444444444,0.2689166666666667,0.2689166666666667,0.2689166666666667,0.2689166666666667,0.29430555555555554,0.2880833333333333,0.0,0.25966666666666666,0.32,0.38702777777777775,0.17972222222222223,0.17972222222222223,0.875,0.23416666666666666,0.12613888888888888,3.588777777777778,3.588777777777778,0.4504722222222222,0.1821111111111111,2.8675,0.010472222222222223,6.350583333333333,6.350583333333333,0.42297222222222225,0.7155277777777778,0.28688888888888886,0.28041666666666665,0.23472222222222222,0.3826111111111111,0.7346388888888888,0.29430555555555554,0.4316111111111111,0.21991666666666668,0.8152777777777778,0.23416666666666666,0.09530555555555556,0.36519444444444443,0.025805555555555557,0.025805555555555557,0.025805555555555557,0.025805555555555557,0.0,0.0,0.4374444444444444,0.39305555555555555,0.37216666666666665,0.37216666666666665,0.35730555555555554,0.1299722222222222,0.4268888888888889,1.5700555555555555,1.5700555555555555,0.23416666666666666,0.7534166666666667,0.29783333333333334,0.36269444444444443,0.4146388888888889,0.38113888888888886,2.6883055555555555,2.6883055555555555,2.6883055555555555,0.23416666666666666,0.4289722222222222,0.42630555555555555,0.7559722222222223,0.3670833333333333,0.23416666666666666,0.36650000000000005,0.17972222222222223,0.2977222222222222,0.028333333333333332,6.836888888888889,6.836888888888889,0.7056944444444444,2.8675
0.8924166666666666,0.40002777777777776,0.8434444444444444,0.23416666666666666,0.23416666666666666,0.23416666666666666,0.23416666666666666,0.28933333333333333,0.8085833333333333,0.7092222222222222,3.1611944444444444,0.2689166666666667,0.2689166666666667,0.2689166666666667,0.2689166666666667,0.29430555555555554,0.2880833333333333,0.0,0.25966666666666666,0.32,0.38702777777777775,0.17972222222222223,0.17972222222222223,0.875,0.23416666666666666,0.12613888888888888,3.588777777777778,3.588777777777778,0.4504722222222222,0.1821111111111111,2.8675,0.010472222222222223,6.350583333333333,6.350583333333333,0.42297222222222225,0.7155277777777778,0.28688888888888886,0.28041666666666665,0.23472222222222222,0.3826111111111111,0.7346388888888888,0.29430555555555554,0.4316111111111111,0.21991666666666668,0.8152777777777778,0.23416666666666666,0.09530555555555556,0.36519444444444443,0.025805555555555557,0.025805555555555557,0.025805555555555557,0.025805555555555557,0.0,0.0,0.4374444444444444,0.39305555555555555,0.37216666666666665,0.37216666666666665,0.35730555555555554,0.1299722222222222,0.4268888888888889,1.5700555555555555,1.5700555555555555,0.23416666666666666,0.7534166666666667,0.29783333333333334,0.36269444444444443,0.4146388888888889,0.38113888888888886,2.6883055555555555,2.6883055555555555,2.6883055555555555,0.23416666666666666,0.4289722222222222,0.42630555555555555,0.7559722222222223,0.3670833333333333,0.23416666666666666,0.36650000000000005,0.17972222222222223,0.2977222222222222,0.028333333333333332,6.836888888888889,6.836888888888889,0.7056944444444444,2.8675
0.5767777777777778,0.17725000000000002,0.5278055555555555,0.6219722222222221,0.6219722222222221,0.6219722222222221,0.6219722222222221,0.2823333333333333,0.4929444444444444,0.39358333333333334,2.8455555555555554,0.5725,0.5725,0.5725,0.5725,0.27305555555555555,0.2628611111111111,0.48136111111111113,0.29525,0.22436111111111112,0.13830555555555554,0.4091666666666667,0.4091666666666667,0.5593611111111111,0.6219722222222221,0.4111944444444444,3.8170555555555556,3.8170555555555556,0.20925,0.46791666666666665,2.551861111111111,0.4918333333333333,6.745138888888889,6.745138888888889,0.1810277777777778,0.39988888888888885,0.2916111111111111,0.4028888888888889,0.3054444444444444,0.16927777777777778,0.5402777777777777,0.27305555555555555,0.2061388888888889,0.38569444444444445,0.4996388888888889,0.6219722222222221,0.4235555555555555,0.1313888888888889,0.4828888888888889,0.4828888888888889,0.4828888888888889,0.4828888888888889,0.48136111111111113,0.48136111111111113,0.0,0.19649999999999998,0.3123888888888889,0.3123888888888889,0.1802222222222222,0.44519444444444445,0.11125,1.9646111111111113,1.9646111111111113,0.6219722222222221,0.43777777777777777,0.28702777777777777,0.16972222222222222,0.19725,0.32658333333333334,3.082861111111111,3.082861111111111,3.082861111111111,0.6219722222222221,0.10222222222222223,0.19141666666666668,0.6961944444444444,0.30730555555555555,0.6219722222222221,0.30672222222222223,0.4091666666666667,0.25677777777777777,0.48541666666666666,7.065166666666666,7.065166666666666,0.39005555555555554,2.551861111111111
0.6700833333333334,0.19994444444444442,0.6211111111111111,0.47547222222222224,0.47547222222222224,0.47547222222222224,0.47547222222222224,0.18905555555555556,0.58625,0.48688888888888887,2.938861111111111,0.44230555555555556,0.44230555555555556,0.44230555555555556,0.44230555555555556,0.15683333333333335,0.14663888888888887,0.3348611111111111,0.18733333333333332,0.14855555555555555,0.15802777777777777,0.2760277777777778,0.2760277777777778,0.6526666666666666,0.47547222222222224,0.26469444444444445,3.7666388888888886,3.7666388888888886,0.2662222222222222,0.3516944444444444,2.645166666666667,0.3453333333333333,6.598638888888888,6.598638888888888,0.13041666666666665,0.49319444444444444,0.12675,0.35533333333333333,0.19752777777777777,0.16302777777777777,0.5962222222222222,0.15683333333333335,0.24736111111111111,0.2694722222222222,0.5929444444444444,0.47547222222222224,0.27705555555555555,0.1428611111111111,0.3363888888888889,0.3363888888888889,0.3363888888888889,0.3363888888888889,0.3348611111111111,0.3348611111111111,0.21511111111111111,0.0,0.2619722222222222,0.2619722222222222,0.09822222222222222,0.3095277777777778,0.20455555555555555,1.818111111111111,1.818111111111111,0.47547222222222224,0.5310833333333334,0.19755555555555557,0.13333333333333333,0.12208333333333334,0.2821388888888889,2.936361111111111,2.936361111111111,2.936361111111111,0.47547222222222224,0.20663888888888887,0.11486111111111111,0.6457777777777778,0.2568888888888889,0.47547222222222224,0.25630555555555556,0.2760277777777778,0.08347222222222223,0.33891666666666664,7.014749999999999,7.014749999999999,0.4833611111111111,2.645166666666667
0.7665277777777778,0.19627777777777777,0.7175555555555555,0.43869444444444444,0.43869444444444444,0.43869444444444444,0.43869444444444444,0.11141666666666668,0.6826944444444444,0.5833333333333334,3.0353055555555555,0.39952777777777776,0.39952777777777776,0.39952777777777776,0.39952777777777776,0.13030555555555556,0.12941666666666665,0.3475,0.17252777777777778,0.16905555555555557,0.23377777777777778,0.2743055555555556,0.2743055555555556,0.7491111111111112,0.43869444444444444,0.27322222222222226,3.544611111111111,3.544611111111111,0.17675,0.30369444444444443,2.7416111111111108,0.35797222222222225,6.5929166666666665,6.5929166666666665,0.33244444444444443,0.5896388888888888,0.20072222222222222,0.19966666666666666,0.17844444444444443,0.1788611111111111,0.6603888888888889,0.13030555555555556,0.19741666666666668,0.2214722222222222,0.6893888888888889,0.43869444444444444,0.2929444444444444,0.23930555555555555,0.346,0.346,0.346,0.346,0.3475,0.3475,0.31155555555555553,0.2741388888888889,0.0,0.0,0.23141666666666666,0.3143888888888889,0.301,1.812388888888889,1.812388888888889,0.43869444444444444,0.5610277777777778,0.11611111111111111,0.20758333333333331,0.31936111111111115,0.06388888888888888,2.930638888888889,2.930638888888889,2.930638888888889,0.43869444444444444,0.2752777777777778,0.31849999999999995,0.42375,0.03586111111111111,0.43869444444444444,0.007055555555555555,0.2743055555555556,0.2123611111111111,0.34852777777777777,6.792722222222222,6.792722222222222,0.5798055555555556,2.7416111111111108
0.7665277777777778,0.19627777777777777,0.7175555555555555,0.43869444444444444,0.43869444444444444,0.43869444444444444,0.43869444444444444,0.11141666666666668,0.6826944444444444,0.5833333333333334,3.0353055555555555,0.39952777777777776,0.39952777777777776,0.39952777777777776,0.39952777777777776,0.13030555555555556,0.12941666666666665,0.3475,0.17252777777777778,0.16905555555555557,0.23377777777777778,0.2743055555555556,0.2743055555555556,0.7491111111111112,0.43869444444444444,0.27322222222222226,3.544611111111111,3.544611111111111,0.17675,0.30369444444444443,2.7416111111111108,0.35797222222222225,6.5929166666666665,6.5929166666666665,0.33244444444444443,0.5896388888888888,0.20072222222222222,0.19966666666666666,0.17844444444444443,0.1788611111111111,0.6603888888888889,0.13030555555555556,0.19741666666666668,0.2214722222222222,0.6893888888888889,0.43869444444444444,0.2929444444444444,0.23930555555555555,0.346,0.346,0.346,0.346,0.3475,0.3475,0.31155555555555553,0.2741388888888889,0.0,0.0,0.23141666666666666,0.3143888888888889,0.301,1.812388888888889,1.812388888888889,0.43869444444444444,0.5610277777777778,0.11611111111111111,0.20758333333333331,0.31936111111111115,0.06388888888888888,2.930638888888889,2.930638888888889,2.930638888888889,0.43869444444444444,0.2752777777777778,0.31849999999999995,0.42375,0.03586111111111111,0.43869444444444444,0.007055555555555555,0.2743055555555556,0.2123611111111111,0.34852777777777777,6.792722222222222,6.792722222222222,0.5798055555555556,2.7416111111111108
0.6057222222222222,0.13558333333333333,0.55675,0.5385,0.5385,0.5385,0.5385,0.22705555555555554,0.5218888888888888,0.4225277777777778,2.8745000000000003,0.4942777777777778,0.4942777777777778,0.4942777777777778,0.4942777777777778,0.19483333333333333,0.1846388888888889,0.3978888888888889,0.21177777777777776,0.1408888888888889,0.09366666666666666,0.32569444444444445,0.32569444444444445,0.5883055555555555,0.5385,0.3277222222222222,3.7753611111111107,3.7753611111111107,0.2146111111111111,0.38969444444444445,2.5808055555555556,0.40836111111111106,6.661666666666667,6.661666666666667,0.16819444444444445,0.42883333333333334,0.20344444444444443,0.35841666666666666,0.22197222222222224,0.09866666666666667,0.5862222222222222,0.19483333333333333,0.19575,0.30747222222222226,0.5285833333333334,0.5385,0.3400833333333333,0.0785,0.3994166666666667,0.3994166666666667,0.3994166666666667,0.3994166666666667,0.3978888888888889,0.3978888888888889,0.15075000000000002,0.07669444444444445,0.27069444444444446,0.27069444444444446,0.0,0.3617222222222222,0.14019444444444445,1.881138888888889,1.881138888888889,0.5385,0.46672222222222226,0.23555555555555555,0.08480555555555556,0.15855555555555553,0.2796666666666667,2.999388888888889,2.999388888888889,2.999388888888889,0.5385,0.14227777777777778,0.15569444444444444,0.6545,0.26561111111111113,0.5385,0.2650277777777778,0.32569444444444445,0.16016666666666668,0.40194444444444444,7.023472222222222,7.023472222222222,0.41900000000000004,2.5808055555555556
0.8946666666666667,0.3968055555555556,0.8456944444444444,0.3409444444444445,0.3409444444444445,0.3409444444444445,0.3409444444444445,0.2861111111111111,0.8108333333333333,0.7114722222222223,3.1634444444444445,0.30894444444444447,0.30894444444444447,0.30894444444444447,0.30894444444444447,0.2916944444444444,0.2848611111111111,0.1685,0.22897222222222222,0.3167777777777778,0.3892777777777778,0.11683333333333334,0.11683333333333334,0.87725,0.3409444444444445,0.13180555555555556,3.6955555555555555,3.6955555555555555,0.44725,0.2221388888888889,2.8697500000000002,0.1789722222222222,6.458472222222222,6.458472222222222,0.388,0.7177777777777777,0.26461111111111113,0.3111111111111111,0.17408333333333334,0.3793888888888889,0.6478611111111111,0.2916944444444444,0.4283888888888889,0.22525,0.8175277777777777,0.3409444444444445,0.1491111111111111,0.3674444444444444,0.14450000000000002,0.14450000000000002,0.14450000000000002,0.14450000000000002,0.1685,0.1685,0.43969444444444444,0.34944444444444445,0.36894444444444446,0.36894444444444446,0.3595555555555556,0.0,0.4291388888888889,1.6779444444444445,1.6779444444444445,0.3409444444444445,0.7556666666666667,0.2946111111111111,0.3649444444444444,0.37966666666666665,0.35638888888888887,2.796194444444444,2.796194444444444,2.796194444444444,0.3409444444444445,0.43122222222222223,0.3913333333333333,0.75275,0.36386111111111114,0.3409444444444445,0.36327777777777776,0.11683333333333334,0.27283333333333337,0.14702777777777776,6.943666666666667,6.943666666666667,0.7079444444444444,2.8697500000000002
0.49002777777777773,0.2262222222222222,0.44105555555555553,0.6709444444444445,0.6709444444444445,0.6709444444444445,0.6709444444444445,0.3313055555555556,0.4061944444444444,0.3068333333333333,2.758805555555556,0.6214722222222223,0.6214722222222223,0.6214722222222223,0.6214722222222223,0.32202777777777775,0.3118333333333333,0.5303333333333333,0.3442222222222222,0.2733333333333333,0.1872777777777778,0.4581388888888889,0.4581388888888889,0.47261111111111115,0.6709444444444445,0.46016666666666667,3.866027777777778,3.866027777777778,0.25822222222222224,0.5168888888888888,2.465111111111111,0.5408055555555555,6.7941111111111105,6.7941111111111105,0.21908333333333335,0.31313888888888886,0.3405833333333333,0.4518611111111111,0.3544166666666667,0.21825,0.5029722222222223,0.32202777777777775,0.2551111111111111,0.43466666666666665,0.4128888888888889,0.6709444444444445,0.47252777777777777,0.1803611111111111,0.5318611111111111,0.5318611111111111,0.5318611111111111,0.5318611111111111,0.5303333333333333,0.5303333333333333,0.08161111111111112,0.24547222222222223,0.36136111111111113,0.36136111111111113,0.22919444444444445,0.49416666666666664,0.0,2.013583333333333,2.013583333333333,0.6709444444444445,0.35102777777777777,0.33599999999999997,0.21869444444444444,0.22049999999999997,0.37555555555555553,3.1318333333333332,3.1318333333333332,3.1318333333333332,0.6709444444444445,0.15119444444444444,0.2123888888888889,0.74325,0.35627777777777775,0.6709444444444445,0.3556944444444444,0.4581388888888889,0.30575,0.5343888888888889,7.114138888888889,7.114138888888889,0.3033055555555556,2.465111111111111
4.683416666666666,4.321861111111112,4.8299722222222226,3.986527777777778,3.986527777777778,3.986527777777778,3.986527777777778,4.209194444444445,4.795111111111112,4.69575,3.4292499999999997,4.054138888888889,4.054138888888889,4.054138888888889,4.054138888888889,4.210805555555555,4.2099166666666665,4.095444444444444,4.262416666666667,4.267194444444445,4.359361111111111,4.182472222222222,4.182472222222222,4.691972222222222,3.986527777777778,4.115611111111111,7.341138888888889,7.341138888888889,4.372305555555555,4.068388888888889,4.0125,4.087305555555555,5.064972222222223,5.064972222222223,4.425722222222222,4.702055555555556,4.289638888888889,4.202611111111111,4.237472222222222,4.304444444444444,4.737388888888889,4.210805555555555,4.3534444444444444,4.1409722222222225,4.801805555555555,3.986527777777778,4.113361111111111,4.3517222222222225,4.095194444444445,4.095194444444445,4.095194444444445,4.095194444444445,4.095444444444444,4.095444444444444,4.423972222222222,4.386972222222222,4.294,4.294,4.343833333333333,4.138166666666667,4.4134166666666665,0.0,0.0,3.986527777777778,4.739944444444444,4.217694444444445,4.333166666666666,4.417388888888889,4.3125277777777775,1.4026944444444445,1.4026944444444445,1.4026944444444445,3.986527777777778,4.400861111111111,4.429055555555555,4.6778055555555556,4.288916666666667,3.986527777777778,4.288333333333333,4.182472222222222,4.300472222222222,4.097722222222222,10.589250000000002,10.589250000000002,4.692222222222222,4.0125
4.683416666666666,4.321861111111112,4.8299722222222226,3.986527777777778,3.986527777777778,3.986527777777778,3.986527777777778,4.209194444444445,4.795111111111112,4.69575,3.4292499999999997,4.054138888888889,4.054138888888889,4.054138888888889,4.054138888888889,4.210805555555555,4.2099166666666665,4.095444444444444,4.262416666666667,4.267194444444445,4.359361111111111,4.182472222222222,4.182472222222222,4.691972222222222,3.986527777777778,4.115611111111111,7.341138888888889,7.341138888888889,4.372305555555555,4.068388888888889,4.0125,4.087305555555555,5.064972222222223,5.064972222222223,4.425722222222222,4.702055555555556,4.289638888888889,4.202611111111111,4.237472222222222,4.304444444444444,4.737388888888889,4.210805555555555,4.3534444444444444,4.1409722222222225,4.801805555555555,3.986527777777778,4.113361111111111,4.3517222222222225,4.095194444444445,4.095194444444445,4.095194444444445,4.095194444444445,4.095444444444444,4.095444444444444,4.423972222222222,4.386972222222222,4.294,4.294,4.343833333333333,4.138166666666667,4.4134166666666665,0.0,0.0,3.986527777777778,4.739944444444444,4.217694444444445,4.333166666666666,4.417388888888889,4.3125277777777775,1.4026944444444445,1.4026944444444445,1.4026944444444445,3.986527777777778,4.400861111111111,4.429055555555555,4.6778055555555556,4.288916666666667,3.986527777777778,4.288333333333333,4.182472222222222,4.300472222222222,4.097722222222222,10.589250000000002,10.589250000000002,4.692222222222222,4.0125
1.0020833333333334,0.445,0.953111111111111,0.0,0.0,0.0,0.0,0.33233333333333337,0.9182499999999999,0.8188888888888889,3.270861111111111,0.1673611111111111,0.1673611111111111,0.1673611111111111,0.1673611111111111,0.33394444444444443,0.33305555555555555,0.2501388888888889,0.38591666666666663,0.39033333333333337,0.4825,0.33716666666666667,0.33716666666666667,0.9846666666666667,0.0,0.23875,3.3935833333333334,3.3935833333333334,0.4954444444444444,0.19152777777777777,2.9771666666666663,0.25919444444444445,6.221500000000001,6.221500000000001,0.5509999999999999,0.8251944444444443,0.4141111111111111,0.32575000000000004,0.3918333333333333,0.4275833333333333,0.8737777777777778,0.33394444444444443,0.47658333333333336,0.2641111111111111,0.9249444444444445,0.0,0.26805555555555555,0.4748611111111111,0.27005555555555555,0.27005555555555555,0.27005555555555555,0.27005555555555555,0.2501388888888889,0.2501388888888889,0.5471111111111111,0.5101111111111112,0.4171388888888889,0.4171388888888889,0.4669722222222222,0.32405555555555554,0.5365555555555556,1.4409722222222223,1.4409722222222223,0.0,0.8630833333333333,0.3408333333333333,0.4563055555555556,0.5426666666666666,0.39805555555555555,2.5592222222222225,2.5592222222222225,2.5592222222222225,0.0,0.524,0.5540555555555555,0.8009444444444445,0.41205555555555556,0.0,0.4114722222222222,0.33716666666666667,0.42575,0.27258333333333334,6.641694444444444,6.641694444444444,0.8153611111111112,2.9771666666666663
0.4168611111111111,0.4980833333333333,0.23197222222222222,0.9393888888888889,0.9393888888888889,0.9393888888888889,0.9393888888888889,0.6031666666666667,0.20936111111111114,0.044583333333333336,2.6453333333333333,0.8933333333333333,0.8933333333333333,0.8933333333333333,0.8933333333333333,0.5938888888888889,0.5836944444444445,0.8021944444444444,0.6160833333333333,0.5451944444444444,0.45913888888888893,0.73,0.73,0.39944444444444444,0.9393888888888889,0.7320277777777778,3.8891666666666667,3.8891666666666667,0.4680277777777778,0.78875,2.3516388888888886,0.8126666666666666,7.065972222222222,7.065972222222222,0.5018611111111111,0.050888888888888886,0.6124444444444445,0.7003611111111112,0.6262777777777777,0.49011111111111116,0.8157222222222222,0.5938888888888889,0.5036388888888889,0.7065277777777778,0.21605555555555556,0.9393888888888889,0.744388888888889,0.45222222222222225,0.8037222222222222,0.8037222222222222,0.8037222222222222,0.8037222222222222,0.8021944444444444,0.8021944444444444,0.35347222222222224,0.5173333333333333,0.5733611111111111,0.5733611111111111,0.5010555555555556,0.7660277777777778,0.4320833333333333,2.2854444444444444,2.2854444444444444,0.9393888888888889,0.0,0.6078611111111112,0.4905555555555556,0.5180833333333333,0.6216111111111111,3.403694444444444,3.403694444444444,3.403694444444444,0.9393888888888889,0.4230555555555556,0.51225,0.48,0.6092222222222222,0.9393888888888889,0.5804166666666667,0.73,0.5776111111111112,0.80625,7.137277777777778,7.137277777777778,0.04105555555555556,2.3516388888888886
0.725,0.15475,0.6760277777777777,0.4069166666666667,0.4069166666666667,0.4069166666666667,0.4069166666666667,0.02875,0.6411666666666667,0.5418055555555555,2.993777777777778,0.3560277777777778,0.3560277777777778,0.3560277777777778,0.3560277777777778,0.09741666666666667,0.09652777777777778,0.2967777777777778,0.1396388888888889,0.1275277777777778,0.19225,0.24141666666666667,0.24141666666666667,0.7075833333333333,0.4069166666666667,0.2225,3.638027777777778,3.638027777777778,0.20519444444444446,0.25144444444444447,2.700083333333333,0.30724999999999997,6.540666666666667,6.540666666666667,0.29091666666666666,0.5481111111111111,0.16783333333333333,0.18191666666666667,0.14555555555555555,0.13733333333333334,0.6275,0.09741666666666667,0.18633333333333332,0.16922222222222225,0.6478611111111111,0.4069166666666667,0.25419444444444445,0.19777777777777777,0.29527777777777775,0.29527777777777775,0.29527777777777775,0.29527777777777775,0.2967777777777778,0.2967777777777778,0.2700277777777778,0.2326111111111111,0.13336111111111112,0.13336111111111112,0.18988888888888888,0.2815,0.2594722222222222,1.760138888888889,1.760138888888889,0.4069166666666667,0.586,0.0,0.16605555555555554,0.2778333333333333,0.12083333333333333,2.878388888888889,2.878388888888889,2.878388888888889,0.4069166666666667,0.23375,0.27697222222222223,0.5171666666666667,0.12827777777777777,0.4069166666666667,0.12769444444444444,0.24141666666666667,0.17947222222222223,0.29780555555555555,6.886138888888889,6.886138888888889,0.5382777777777777,2.700083333333333
0.6391944444444444,0.12544444444444444,0.5902222222222223,0.5110555555555556,0.5110555555555556,0.5110555555555556,0.5110555555555556,0.19294444444444445,0.5553611111111111,0.45599999999999996,2.9079722222222224,0.46016666666666667,0.46016666666666667,0.46016666666666667,0.46016666666666667,0.16072222222222224,0.15052777777777776,0.37580555555555556,0.18969444444444444,0.10105555555555557,0.09866666666666667,0.3036111111111111,0.3036111111111111,0.6217777777777778,0.5110555555555556,0.30563888888888885,3.7292777777777775,3.7292777777777775,0.19980555555555554,0.3555833333333333,2.6142777777777777,0.3862777777777778,6.639583333333333,6.639583333333333,0.2088888888888889,0.4623055555555555,0.18605555555555553,0.3085555555555555,0.1998888888888889,0.08852777777777777,0.6196944444444444,0.16072222222222224,0.18094444444444444,0.2733611111111111,0.5620555555555555,0.5110555555555556,0.318,0.11197222222222222,0.37733333333333335,0.37733333333333335,0.37733333333333335,0.37733333333333335,0.37580555555555556,0.37580555555555556,0.18422222222222223,0.1411388888888889,0.22461111111111112,0.22461111111111112,0.09719444444444444,0.3396388888888889,0.1736666666666667,1.8590555555555557,1.8590555555555557,0.5110555555555556,0.5001944444444445,0.20144444444444445,0.0,0.19202777777777777,0.22980555555555554,2.977305555555555,2.977305555555555,2.977305555555555,0.5110555555555556,0.17575000000000002,0.19116666666666668,0.6084166666666667,0.21952777777777777,0.5110555555555556,0.21894444444444447,0.3036111111111111,0.1758888888888889,0.3798611111111111,6.977388888888888,6.977388888888888,0.4524722222222222,2.6142777777777777
0.6435555555555557,0.21672222222222223,0.5945833333333334,0.5745277777777779,0.5745277777777779,0.5745277777777779,0.5745277777777779,0.28811111111111115,0.5597222222222222,0.4603611111111111,2.912333333333333,0.5413611111111112,0.5413611111111112,0.5413611111111112,0.5413611111111112,0.2558888888888889,0.24569444444444444,0.4339166666666666,0.25775,0.22105555555555553,0.17777777777777778,0.3358888888888889,0.3358888888888889,0.6261388888888889,0.5745277777777779,0.36375,3.860055555555556,3.860055555555556,0.2774166666666667,0.45075000000000004,2.618638888888889,0.4443888888888889,6.697694444444445,6.697694444444445,0.04480555555555556,0.4666666666666667,0.21638888888888888,0.4393333333333333,0.25758333333333333,0.20875,0.5293611111111112,0.2558888888888889,0.2743055555555556,0.3685277777777778,0.5664166666666667,0.5745277777777779,0.3761111111111111,0.10427777777777777,0.4354444444444444,0.4354444444444444,0.4354444444444444,0.4354444444444444,0.4339166666666666,0.4339166666666666,0.1831111111111111,0.12252777777777779,0.3553888888888889,0.3553888888888889,0.15644444444444447,0.3719166666666667,0.17802777777777778,1.9171666666666667,1.9171666666666667,0.5745277777777779,0.5045555555555555,0.2966111111111111,0.20919444444444446,0.0,0.3605833333333333,3.035416666666667,3.035416666666667,3.035416666666667,0.5745277777777779,0.1703888888888889,0.017388888888888888,0.7391944444444444,0.35030555555555554,0.5745277777777779,0.3497222222222222,0.3358888888888889,0.13419444444444445,0.4379722222222222,7.108166666666667,7.108166666666667,0.4568333333333333,2.618638888888889
0.7863333333333333,0.21608333333333332,0.7373611111111111,0.3914444444444445,0.3914444444444445,0.3914444444444445,0.3914444444444445,0.1312222222222222,0.7025,0.6031388888888889,3.055111111111111,0.3522777777777778,0.3522777777777778,0.3522777777777778,0.3522777777777778,0.1501111111111111,0.14922222222222223,0.30025,0.19233333333333333,0.18886111111111112,0.2535833333333333,0.2941111111111111,0.2941111111111111,0.7689166666666667,0.3914444444444445,0.2259722222222222,3.598722222222222,3.598722222222222,0.24422222222222223,0.2778611111111111,2.761416666666667,0.3107222222222222,6.567083333333334,6.567083333333334,0.35224999999999995,0.6094444444444445,0.22052777777777777,0.15241666666666667,0.19825,0.19866666666666669,0.6801944444444444,0.1501111111111111,0.24555555555555555,0.1956388888888889,0.7091944444444445,0.3914444444444445,0.25869444444444445,0.2591111111111111,0.29875,0.29875,0.29875,0.29875,0.30025,0.30025,0.33136111111111116,0.29394444444444445,0.11080555555555555,0.11080555555555555,0.25122222222222224,0.2980555555555556,0.32080555555555557,1.7865555555555557,1.7865555555555557,0.3914444444444445,0.6318888888888889,0.13591666666666666,0.2273888888888889,0.33916666666666667,0.0,2.9048055555555554,2.9048055555555554,2.9048055555555554,0.3914444444444445,0.2950833333333333,0.3383055555555556,0.4946111111111111,0.051361111111111114,0.3914444444444445,0.10513888888888889,0.2941111111111111,0.23216666666666666,0.30127777777777776,6.846833333333333,6.846833333333333,0.5996111111111111,2.761416666666667
5.933611111111111,5.4375277777777775,5.9456388888888885,5.102194444444445,5.102194444444445,5.102194444444445,5.102194444444445,5.324861111111111,5.910777777777778,5.811416666666666,4.679444444444444,5.1698055555555555,5.1698055555555555,5.1698055555555555,5.1698055555555555,5.326472222222222,5.325583333333333,5.211111111111111,5.378083333333333,5.382861111111111,5.475027777777777,5.2981388888888885,5.2981388888888885,5.942166666666666,5.102194444444445,5.231277777777778,8.456805555555556,8.456805555555556,5.487972222222222,5.184055555555555,5.262694444444445,5.202972222222223,3.676055555555555,3.676055555555555,5.541388888888889,5.817722222222222,5.405305555555556,5.318277777777777,5.353138888888889,5.420111111111112,5.853055555555556,5.326472222222222,5.469111111111111,5.256638888888889,5.917472222222223,5.102194444444445,5.229027777777778,5.467388888888888,5.210861111111111,5.210861111111111,5.210861111111111,5.210861111111111,5.211111111111111,5.211111111111111,5.539638888888889,5.502638888888889,5.409666666666666,5.409666666666666,5.4595,5.253833333333333,5.529083333333333,1.386277777777778,1.386277777777778,5.102194444444445,5.855611111111111,5.3333611111111106,5.448833333333333,5.533055555555555,5.428194444444444,0.0,0.0,0.0,5.102194444444445,5.516527777777778,5.544722222222222,5.793472222222222,5.404583333333333,5.102194444444445,5.404000000000001,5.2981388888888885,5.416138888888889,5.213388888888889,11.704916666666666,11.704916666666666,5.807888888888889,5.262694444444445
5.933611111111111,5.4375277777777775,5.9456388888888885,5.102194444444445,5.102194444444445,5.102194444444445,5.102194444444445,5.324861111111111,5.910777777777778,5.811416666666666,4.679444444444444,5.1698055555555555,5.1698055555555555,5.1698055555555555,5.1698055555555555,5.326472222222222,5.325583333333333,5.211111111111111,5.378083333333333,5.382861111111111,5.475027777777777,5.2981388888888885,5.2981388888888885,5.942166666666666,5.102194444444445,5.231277777777778,8.456805555555556,8.456805555555556,5.487972222222222,5.184055555555555,5.262694444444445,5.202972222222223,3.676055555555555,3.676055555555555,5.541388888888889,5.817722222222222,5.405305555555556,5.318277777777777,5.353138888888889,5.420111111111112,5.853055555555556,5.326472222222222,5.469111111111111,5.256638888888889,5.917472222222223,5.102194444444445,5.229027777777778,5.467388888888888,5.210861111111111,5.210861111111111,5.210861111111111,5.210861111111111,5.211111111111111,5.211111111111111,5.539638888888889,5.502638888888889,5.409666666666666,5.409666666666666,5.4595,5.253833333333333,5.529083333333333,1.386277777777778,1.386277777777778,5.102194444444445,5.855611111111111,5.3333611111111106,5.448833333333333,5.533055555555555,5.428194444444444,0.0,0.0,0.0,5.102194444444445,5.516527777777778,5.544722222222222,5.793472222222222,5.404583333333333,5.102194444444445,5.404000000000001,5.2981388888888885,5.416138888888889,5.213388888888889,11.704916666666666,11.704916666666666,5.807888888888889,5.262694444444445
5.933611111111111,5.4375277777777775,5.9456388888888885,5.102194444444445,5.102194444444445,5.102194444444445,5.102194444444445,5.324861111111111,5.910777777777778,5.811416666666666,4.679444444444444,5.1698055555555555,5.1698055555555555,5.1698055555555555,5.1698055555555555,5.326472222222222,5.325583333333333,5.211111111111111,5.378083333333333,5.382861111111111,5.475027777777777,5.2981388888888885,5.2981388888888885,5.942166666666666,5.102194444444445,5.231277777777778,8.456805555555556,8.456805555555556,5.487972222222222,5.184055555555555,5.262694444444445,5.202972222222223,3.676055555555555,3.676055555555555,5.541388888888889,5.817722222222222,5.405305555555556,5.318277777777777,5.353138888888889,5.420111111111112,5.853055555555556,5.326472222222222,5.469111111111111,5.256638888888889,5.917472222222223,5.102194444444445,5.229027777777778,5.467388888888888,5.210861111111111,5.210861111111111,5.210861111111111,5.210861111111111,5.211111111111111,5.211111111111111,5.539638888888889,5.502638888888889,5.409666666666666,5.409666666666666,5.4595,5.253833333333333,5.529083333333333,1.386277777777778,1.386277777777778,5.102194444444445,5.855611111111111,5.3333611111111106,5.448833333333333,5.533055555555555,5.428194444444444,0.0,0.0,0.0,5.102194444444445,5.516527777777778,5.544722222222222,5.793472222222222,5.404583333333333,5.102194444444445,5.404000000000001,5.2981388888888885,5.416138888888889,5.213388888888889,11.704916666666666,11.704916666666666,5.807888888888889,5.262694444444445
1.0020833333333334,0.445,0.953111111111111,0.0,0.0,0.0,0.0,0.33233333333333337,0.9182499999999999,0.8188888888888889,3.270861111111111,0.1673611111111111,0.1673611111111111,0.1673611111111111,0.1673611111111111,0.33394444444444443,0.33305555555555555,0.2501388888888889,0.38591666666666663,0.39033333333333337,0.4825,0.33716666666666667,0.33716666666666667,0.9846666666666667,0.0,0.23875,3.3935833333333334,3.3935833333333334,0.4954444444444444,0.19152777777777777,2.9771666666666663,0.25919444444444445,6.221500000000001,6.221500000000001,0.5509999999999999,0.8251944444444443,0.4141111111111111,0.32575000000000004,0.3918333333333333,0.4275833333333333,0.8737777777777778,0.33394444444444443,0.47658333333333336,0.2641111111111111,0.9249444444444445,0.0,0.26805555555555555,0.4748611111111111,0.27005555555555555,0.27005555555555555,0.27005555555555555,0.27005555555555555,0.2501388888888889,0.2501388888888889,0.5471111111111111,0.5101111111111112,0.4171388888888889,0.4171388888888889,0.4669722222222222,0.32405555555555554,0.5365555555555556,1.4409722222222223,1.4409722222222223,0.0,0.8630833333333333,0.3408333333333333,0.4563055555555556,0.5426666666666666,0.39805555555555555,2.5592222222222225,2.5592222222222225,2.5592222222222225,0.0,0.524,0.5540555555555555,0.8009444444444445,0.41205555555555556,0.0,0.4114722222222222,0.33716666666666667,0.42575,0.27258333333333334,6.641694444444444,6.641694444444444,0.8153611111111112,2.9771666666666663
0.6386111111111111,0.12452777777777778,0.5896388888888888,0.560861111111111,0.560861111111111,0.560861111111111,0.560861111111111,0.21980555555555553,0.5547777777777778,0.4554166666666667,2.907388888888889,0.5099722222222223,0.5099722222222223,0.5099722222222223,0.5099722222222223,0.21052777777777776,0.20033333333333334,0.4350555555555556,0.28091666666666665,0.183,0.173,0.37622222222222224,0.37622222222222224,0.6211944444444445,0.560861111111111,0.3648888888888889,3.7545277777777777,3.7545277777777777,0.16616666666666668,0.4053888888888889,2.613694444444444,0.4455277777777778,6.694611111111111,6.694611111111111,0.22608333333333333,0.46172222222222226,0.27591666666666664,0.3403611111111111,0.28683333333333333,0.11655555555555557,0.6191111111111112,0.21052777777777776,0.15530555555555556,0.3231666666666667,0.5614722222222223,0.560861111111111,0.37725,0.18108333333333332,0.4365833333333333,0.4365833333333333,0.4365833333333333,0.4365833333333333,0.4350555555555556,0.4350555555555556,0.13125,0.24155555555555555,0.24986111111111112,0.24986111111111112,0.21555555555555556,0.4097222222222222,0.17308333333333334,1.9140833333333334,1.9140833333333334,0.560861111111111,0.49961111111111106,0.2245,0.18183333333333335,0.24458333333333335,0.26405555555555554,3.0323333333333333,3.0323333333333333,3.0323333333333333,0.560861111111111,0.0,0.23647222222222222,0.6336666666666666,0.2447777777777778,0.560861111111111,0.24419444444444446,0.37622222222222224,0.27458333333333335,0.4391111111111111,7.002638888888889,7.002638888888889,0.4518888888888889,2.613694444444444
0.6533611111111111,0.2174722222222222,0.604388888888889,0.5571388888888889,0.5571388888888889,0.5571388888888889,0.5571388888888889,0.27072222222222225,0.5695277777777779,0.4701666666666666,2.922138888888889,0.5239722222222222,0.5239722222222222,0.5239722222222222,0.5239722222222222,0.23850000000000002,0.22830555555555554,0.4165277777777778,0.2403611111111111,0.2036666666666667,0.17852777777777779,0.31849999999999995,0.31849999999999995,0.6359444444444444,0.5571388888888889,0.3463611111111111,3.8426666666666667,3.8426666666666667,0.2915555555555555,0.4333611111111111,2.6284444444444444,0.427,6.680305555555555,6.680305555555555,0.06958333333333333,0.4764722222222222,0.19899999999999998,0.42194444444444446,0.24019444444444446,0.20950000000000002,0.5491111111111111,0.23850000000000002,0.28844444444444445,0.3511388888888889,0.5762222222222223,0.5571388888888889,0.3587222222222222,0.10502777777777779,0.41805555555555557,0.41805555555555557,0.41805555555555557,0.41805555555555557,0.4165277777777778,0.4165277777777778,0.19725,0.1073888888888889,0.33799999999999997,0.33799999999999997,0.13905555555555557,0.3545277777777778,0.18783333333333335,1.8997777777777778,1.8997777777777778,0.5571388888888889,0.5143611111111112,0.27922222222222226,0.19275,0.024777777777777777,0.34319444444444447,3.0180277777777778,3.0180277777777778,3.0180277777777778,0.5571388888888889,0.18452777777777776,0.0,0.7218055555555556,0.3329166666666667,0.5571388888888889,0.33233333333333337,0.31849999999999995,0.11680555555555555,0.4205833333333333,7.090777777777777,7.090777777777777,0.46663888888888894,2.6284444444444444
0.7460555555555556,0.6321111111111111,0.4363888888888889,0.8745277777777778,0.8745277777777778,0.8745277777777778,0.8745277777777778,0.54725,0.4141111111111111,0.45019444444444445,2.8784444444444444,0.8353611111111111,0.8353611111111111,0.8353611111111111,0.8353611111111111,0.5661388888888889,0.56525,0.7833333333333333,0.6083611111111111,0.6048888888888888,0.669611111111111,0.7101388888888889,0.7101388888888889,0.7286388888888888,0.8745277777777778,0.7090555555555556,3.751638888888889,3.751638888888889,0.6125833333333334,0.7395277777777778,2.58475,0.7938055555555555,7.02875,7.02875,0.7682777777777778,0.45141666666666663,0.6365555555555555,0.6355000000000001,0.6142777777777778,0.6146944444444444,1.0962222222222222,0.5661388888888889,0.63325,0.6573055555555556,0.40974999999999995,0.8745277777777778,0.7287777777777777,0.6751388888888888,0.7818333333333333,0.7818333333333333,0.7818333333333333,0.7818333333333333,0.7833333333333333,0.7833333333333333,0.7473888888888889,0.7099722222222222,0.43583333333333335,0.43583333333333335,0.66725,0.7502222222222222,0.7368333333333333,2.248222222222222,2.248222222222222,0.8745277777777778,0.48841666666666667,0.5519444444444445,0.6434166666666667,0.7551944444444444,0.49972222222222223,3.366472222222222,3.366472222222222,3.366472222222222,0.8745277777777778,0.7111111111111111,0.7543333333333333,0.0,0.4716944444444444,0.8745277777777778,0.4428888888888889,0.7101388888888889,0.6481944444444444,0.7843611111111111,6.99975,6.99975,0.4568333333333333,2.58475
0.7578333333333332,0.18758333333333332,0.7088611111111112,0.43,0.43,0.43,0.43,0.10272222222222223,0.674,0.5746388888888888,3.026611111111111,0.3908333333333333,0.3908333333333333,0.3908333333333333,0.3908333333333333,0.12161111111111111,0.12072222222222223,0.3388055555555556,0.16383333333333333,0.1603611111111111,0.22508333333333333,0.26561111111111113,0.26561111111111113,0.7404166666666666,0.43,0.26452777777777775,3.5794722222222224,3.5794722222222224,0.21572222222222223,0.295,2.7329166666666667,0.3492777777777778,6.584222222222222,6.584222222222222,0.32375,0.5809444444444445,0.19202777777777777,0.1909722222222222,0.16975,0.17016666666666666,0.6516944444444445,0.12161111111111111,0.21705555555555556,0.2127777777777778,0.6806944444444445,0.43,0.28425,0.23061111111111113,0.3373055555555555,0.3373055555555555,0.3373055555555555,0.3373055555555555,0.3388055555555556,0.3388055555555556,0.3028611111111111,0.2654444444444444,0.07480555555555556,0.07480555555555556,0.2227222222222222,0.30569444444444444,0.29230555555555554,1.8036944444444445,1.8036944444444445,0.43,0.5958888888888888,0.10741666666666666,0.1988888888888889,0.3106666666666667,0.048111111111111104,2.9219444444444442,2.9219444444444442,2.9219444444444442,0.43,0.26658333333333334,0.30980555555555556,0.45861111111111114,0.0,0.43,0.06963888888888889,0.26561111111111113,0.2036666666666667,0.3398333333333334,6.827583333333333,6.827583333333333,0.5711111111111111,2.7329166666666667
1.0020833333333334,0.445,0.953111111111111,0.0,0.0,0.0,0.0,0.33233333333333337,0.9182499999999999,0.8188888888888889,3.270861111111111,0.1673611111111111,0.1673611111111111,0.1673611111111111,0.1673611111111111,0.33394444444444443,0.33305555555555555,0.2501388888888889,0.38591666666666663,0.39033333333333337,0.4825,0.33716666666666667,0.33716666666666667,0.9846666666666667,0.0,0.23875,3.3935833333333334,3.3935833333333334,0.4954444444444444,0.19152777777777777,2.9771666666666663,0.25919444444444445,6.221500000000001,6.221500000000001,0.5509999999999999,0.8251944444444443,0.4141111111111111,0.32575000000000004,0.3918333333333333,0.4275833333333333,0.8737777777777778,0.33394444444444443,0.47658333333333336,0.2641111111111111,0.9249444444444445,0.0,0.26805555555555555,0.4748611111111111,0.27005555555555555,0.27005555555555555,0.27005555555555555,0.27005555555555555,0.2501388888888889,0.2501388888888889,0.5471111111111111,0.5101111111111112,0.4171388888888889,0.4171388888888889,0.4669722222222222,0.32405555555555554,0.5365555555555556,1.4409722222222223,1.4409722222222223,0.0,0.8630833333333333,0.3408333333333333,0.4563055555555556,0.5426666666666666,0.39805555555555555,2.5592222222222225,2.5592222222222225,2.5592222222222225,0.0,0.524,0.5540555555555555,0.8009444444444445,0.41205555555555556,0.0,0.4114722222222222,0.33716666666666667,0.42575,0.27258333333333334,6.641694444444444,6.641694444444444,0.8153611111111112,2.9771666666666663
0.7655000000000001,0.19525,0.7165277777777778,0.43766666666666665,0.43766666666666665,0.43766666666666665,0.43766666666666665,0.11038888888888888,0.6816666666666666,0.57875,3.0342777777777776,0.39849999999999997,0.39849999999999997,0.39849999999999997,0.39849999999999997,0.12927777777777777,0.12838888888888889,0.34647222222222224,0.17149999999999999,0.16802777777777778,0.23274999999999998,0.2732777777777778,0.2732777777777778,0.7480833333333333,0.43766666666666665,0.27219444444444446,3.5375555555555556,3.5375555555555556,0.16969444444444443,0.30266666666666664,2.7405833333333334,0.35694444444444445,6.591888888888889,6.591888888888889,0.33141666666666664,0.58375,0.19969444444444442,0.1986388888888889,0.17741666666666667,0.17783333333333334,0.6593611111111111,0.12927777777777777,0.1903611111111111,0.22044444444444444,0.6883611111111111,0.43766666666666665,0.2919166666666667,0.23827777777777776,0.34497222222222224,0.34497222222222224,0.34497222222222224,0.34497222222222224,0.34647222222222224,0.34647222222222224,0.3105277777777778,0.27311111111111114,0.05986111111111111,0.05986111111111111,0.2303888888888889,0.3133611111111111,0.29997222222222225,1.811361111111111,1.811361111111111,0.43766666666666665,0.5539722222222222,0.11508333333333334,0.20655555555555558,0.31833333333333336,0.06286111111111112,2.9296111111111114,2.9296111111111114,2.9296111111111114,0.43766666666666665,0.27425,0.31747222222222227,0.4166944444444444,0.034833333333333334,0.43766666666666665,0.0,0.2732777777777778,0.21133333333333332,0.3475,6.785666666666667,6.785666666666667,0.5752222222222223,2.7405833333333334
0.8020833333333334,0.3026388888888889,0.7531111111111111,0.31166666666666665,0.31166666666666665,0.31166666666666665,0.31166666666666665,0.19194444444444445,0.7182499999999999,0.6188888888888889,3.0708611111111113,0.2785,0.2785,0.2785,0.2785,0.19752777777777777,0.19069444444444444,0.17105555555555554,0.1622777777777778,0.2226111111111111,0.2966944444444444,0.0,0.0,0.7846666666666667,0.31166666666666665,0.10088888888888889,3.6662777777777777,3.6662777777777777,0.3530833333333333,0.19169444444444445,2.7771666666666666,0.1815277777777778,6.434833333333334,6.434833333333334,0.3343611111111111,0.6251944444444444,0.19047222222222224,0.2773055555555555,0.12044444444444445,0.2852222222222222,0.5942222222222222,0.19752777777777777,0.33422222222222225,0.19144444444444444,0.7249444444444445,0.31166666666666665,0.11325,0.2748611111111111,0.17033333333333334,0.17033333333333334,0.17033333333333334,0.17033333333333334,0.17105555555555554,0.17105555555555554,0.3471111111111111,0.2958055555555556,0.2747777777777778,0.2747777777777778,0.2669722222222222,0.1148888888888889,0.33655555555555555,1.6543055555555555,1.6543055555555555,0.31166666666666665,0.6630833333333334,0.20044444444444445,0.2723611111111111,0.3260277777777778,0.29494444444444445,2.772555555555556,2.772555555555556,2.772555555555556,0.31166666666666665,0.3386388888888889,0.33769444444444446,0.6585833333333334,0.26969444444444446,0.31166666666666665,0.2691111111111111,0.0,0.21305555555555555,0.1728611111111111,6.9143888888888885,6.9143888888888885,0.6153611111111111,2.7771666666666666
0.6981944444444445,0.23472222222222222,0.6492222222222221,0.47394444444444445,0.47394444444444445,0.47394444444444445,0.47394444444444445,0.1875277777777778,0.614361111111111,0.515,2.966972222222222,0.44077777777777777,0.44077777777777777,0.44077777777777777,0.44077777777777777,0.15530555555555556,0.1451111111111111,0.3333333333333333,0.15869444444444444,0.14402777777777778,0.19280555555555556,0.23683333333333334,0.23683333333333334,0.6807777777777778,0.47394444444444445,0.26316666666666666,3.765111111111111,3.765111111111111,0.2940555555555555,0.3501666666666666,2.6732777777777774,0.3438055555555556,6.5971111111111105,6.5971111111111105,0.13683333333333333,0.5213055555555556,0.11733333333333333,0.3538055555555556,0.1585277777777778,0.19780555555555557,0.5883888888888889,0.15530555555555556,0.27519444444444446,0.26794444444444443,0.6210555555555556,0.47394444444444445,0.27552777777777776,0.16797222222222224,0.3348611111111111,0.3348611111111111,0.3348611111111111,0.3348611111111111,0.3333333333333333,0.3333333333333333,0.24322222222222223,0.10691666666666666,0.2604444444444445,0.2604444444444445,0.1461388888888889,0.2728611111111111,0.23266666666666666,1.8165833333333332,1.8165833333333332,0.47394444444444445,0.5591944444444444,0.1960277777777778,0.16116666666666668,0.1285,0.28061111111111114,2.934833333333333,2.934833333333333,2.934833333333333,0.47394444444444445,0.23475000000000001,0.14016666666666666,0.6442500000000001,0.2553611111111111,0.47394444444444445,0.25477777777777777,0.23683333333333334,0.0,0.33738888888888885,7.013222222222222,7.013222222222222,0.5114722222222222,2.6732777777777774
0.8992222222222221,0.3963888888888889,0.8502500000000001,0.22519444444444445,0.22519444444444445,0.22519444444444445,0.22519444444444445,0.2837222222222222,0.8153888888888889,0.7160277777777777,3.1679999999999997,0.2599444444444444,0.2599444444444444,0.2599444444444444,0.2599444444444444,0.2853333333333333,0.28444444444444444,0.050972222222222224,0.2664722222222222,0.32680555555555557,0.3938333333333333,0.18652777777777776,0.18652777777777776,0.8818055555555555,0.22519444444444445,0.12002777777777779,3.5798055555555552,3.5798055555555552,0.4468333333333333,0.17313888888888887,2.8743055555555554,0.041833333333333333,6.341611111111111,6.341611111111111,0.4297777777777778,0.7223333333333334,0.2936944444444444,0.27144444444444443,0.24152777777777779,0.3789722222222222,0.7414444444444444,0.2853333333333333,0.42797222222222225,0.21094444444444443,0.8220833333333334,0.22519444444444445,0.10369444444444445,0.372,0.03294444444444444,0.03294444444444444,0.03294444444444444,0.03294444444444444,0.050972222222222224,0.050972222222222224,0.44425,0.3998611111111111,0.3685277777777778,0.3685277777777778,0.3641111111111111,0.12291666666666666,0.43369444444444444,1.5610833333333332,1.5610833333333332,0.22519444444444445,0.7602222222222222,0.2922222222222222,0.3695,0.42144444444444445,0.37461111111111106,2.6793333333333336,2.6793333333333336,2.6793333333333336,0.22519444444444445,0.43577777777777776,0.4331111111111111,0.7523333333333334,0.36344444444444446,0.22519444444444445,0.3628611111111111,0.18652777777777776,0.3045277777777778,0.0,6.827916666666667,6.827916666666667,0.7125,2.8743055555555554
7.440194444444445,6.883111111111111,7.322527777777777,6.497750000000001,6.497750000000001,6.497750000000001,6.497750000000001,6.770444444444444,7.299916666666667,7.135138888888889,9.708972222222224,6.608611111111111,6.608611111111111,6.608611111111111,6.608611111111111,6.772055555555556,6.771166666666667,6.68825,6.824027777777777,6.828444444444445,6.9206111111111115,6.775277777777778,6.775277777777778,7.422777777777778,6.497750000000001,6.676861111111111,3.299,3.299,6.9335555555555555,6.6296388888888895,9.415277777777778,6.697305555555555,12.659611111111111,12.659611111111111,6.989111111111111,7.140138888888889,6.852222222222222,6.763861111111112,6.829944444444444,6.865694444444444,7.311888888888888,6.772055555555556,6.914694444444445,6.702222222222222,7.306611111111111,6.497750000000001,6.706166666666667,6.912972222222223,6.708166666666667,6.708166666666667,6.708166666666667,6.708166666666667,6.68825,6.68825,6.985222222222222,6.948222222222221,6.775444444444444,6.775444444444444,6.905083333333333,6.762166666666666,6.974666666666667,7.879083333333334,7.879083333333334,6.497750000000001,7.110361111111111,6.778944444444445,6.894416666666667,6.980777777777778,6.839333333333333,8.997333333333334,8.997333333333334,8.997333333333334,6.497750000000001,6.962111111111111,6.992166666666667,6.973083333333333,6.811305555555556,6.497750000000001,6.7825,6.775277777777778,6.863861111111111,6.710694444444444,0.0,0.0,7.131611111111111,9.415277777777778
7.440194444444445,6.883111111111111,7.322527777777777,6.497750000000001,6.497750000000001,6.497750000000001,6.497750000000001,6.770444444444444,7.299916666666667,7.135138888888889,9.708972222222224,6.608611111111111,6.608611111111111,6.608611111111111,6.608611111111111,6.772055555555556,6.771166666666667,6.68825,6.824027777777777,6.828444444444445,6.9206111111111115,6.775277777777778,6.775277777777778,7.422777777777778,6.497750000000001,6.676861111111111,3.299,3.299,6.9335555555555555,6.6296388888888895,9.415277777777778,6.697305555555555,12.659611111111111,12.659611111111111,6.989111111111111,7.140138888888889,6.852222222222222,6.763861111111112,6.829944444444444,6.865694444444444,7.311888888888888,6.772055555555556,6.914694444444445,6.702222222222222,7.306611111111111,6.497750000000001,6.706166666666667,6.912972222222223,6.708166666666667,6.708166666666667,6.708166666666667,6.708166666666667,6.68825,6.68825,6.985222222222222,6.948222222222221,6.775444444444444,6.775444444444444,6.905083333333333,6.762166666666666,6.974666666666667,7.879083333333334,7.879083333333334,6.497750000000001,7.110361111111111,6.778944444444445,6.894416666666667,6.980777777777778,6.839333333333333,8.997333333333334,8.997333333333334,8.997333333333334,6.497750000000001,6.962111111111111,6.992166666666667,6.973083333333333,6.811305555555556,6.497750000000001,6.7825,6.775277777777778,6.863861111111111,6.710694444444444,0.0,0.0,7.131611111111111,9.415277777777778
0.3984444444444445,0.47966666666666663,0.21355555555555555,0.9243888888888889,0.9243888888888889,0.9243888888888889,0.9243888888888889,0.58475,0.19094444444444444,0.023777777777777776,2.6269166666666663,0.8749166666666666,0.8749166666666666,0.8749166666666666,0.8749166666666666,0.5754722222222222,0.5652777777777778,0.7837777777777778,0.5976666666666667,0.5267777777777778,0.4407222222222222,0.7115833333333332,0.7115833333333332,0.3810277777777778,0.9243888888888889,0.7136111111111111,3.9251944444444447,3.9251944444444447,0.5061388888888889,0.7703333333333333,2.3332222222222225,0.79425,7.047555555555555,7.047555555555555,0.48344444444444445,0.030083333333333333,0.5940277777777778,0.7053055555555555,0.6078611111111112,0.4716944444444444,0.7973055555555556,0.5754722222222222,0.5085555555555555,0.688111111111111,0.1976388888888889,0.9243888888888889,0.7259722222222222,0.43380555555555556,0.7853055555555555,0.7853055555555555,0.7853055555555555,0.7853055555555555,0.7837777777777778,0.7837777777777778,0.33505555555555555,0.4989166666666666,0.609388888888889,0.609388888888889,0.4826388888888889,0.7476111111111111,0.4136666666666667,2.267027777777778,2.267027777777778,0.9243888888888889,0.06797222222222223,0.5894444444444444,0.4721388888888889,0.49966666666666665,0.629,3.3852777777777776,3.3852777777777776,3.3852777777777776,0.9243888888888889,0.4046388888888889,0.49383333333333335,0.4751944444444445,0.6097222222222223,0.9243888888888889,0.6091388888888889,0.7115833333333332,0.5591944444444444,0.7878333333333333,7.173305555555556,7.173305555555556,0.0,2.3332222222222225
1.6515555555555557,2.1738333333333335,1.8669166666666666,2.6185555555555555,2.6185555555555555,2.6185555555555555,2.6185555555555555,2.278916666666667,1.83,1.8771111111111112,1.2261111111111112,2.5690833333333334,2.5690833333333334,2.5690833333333334,2.5690833333333334,2.2696388888888888,2.2594444444444446,2.4779444444444447,2.2918333333333334,2.220944444444444,2.134888888888889,2.4057500000000003,2.4057500000000003,1.660111111111111,2.6185555555555555,2.4077777777777776,5.778527777777778,5.778527777777778,2.2058333333333335,2.4645,0.0,2.4884166666666663,8.741722222222222,8.741722222222222,2.177611111111111,1.8834166666666667,2.2881944444444446,2.3994722222222222,2.3020277777777776,2.165861111111111,2.067,2.2696388888888888,2.2027222222222225,2.382277777777778,1.83875,2.6185555555555555,2.420138888888889,2.127972222222222,2.4794722222222223,2.4794722222222223,2.4794722222222223,2.4794722222222223,2.4779444444444447,2.4779444444444447,2.0292222222222223,2.1930833333333335,2.308972222222222,2.308972222222222,2.1768055555555557,2.441777777777778,2.1078333333333332,3.880055555555556,3.880055555555556,2.6185555555555555,1.9213055555555556,2.283611111111111,2.1663055555555557,2.1938333333333335,2.3231666666666664,5.079444444444444,5.079444444444444,5.079444444444444,2.6185555555555555,2.0988055555555554,2.188,2.2143611111111112,2.303888888888889,2.6185555555555555,2.3033055555555553,2.4057500000000003,2.2533611111111114,2.482,9.02663888888889,9.02663888888889,1.8735833333333332,0.0
