0,1,2,3,4,5,6,7,8,9,10,11,12,13,14,15,16,17,18,19,20,21,22,23,24,25,26,27,28,29,30,31,32,33,34,35,36,37,38,39,40,41,42,43,44,45,46,47,48,49,50,51,52,53,54,55,56,57,58,59,60,61,62,63,64,65,66,67,68,69,70,71,72,73,74,75,76,77,78,79,80,81,82,83,84,85,86,87,88,89,90,91
0.0,0.4111111111111111,0.10102777777777777,0.08647222222222223,0.08647222222222223,0.08647222222222223,0.08647222222222223,0.16205555555555554,0.16205555555555554,0.16205555555555554,0.16205555555555554,0.3000555555555556,0.2991666666666667,0.24100000000000002,0.3520277777777778,0.24813888888888888,0.24813888888888888,0.35644444444444445,0.4486111111111111,0.1685,0.26469444444444445,0.3051388888888889,0.3051388888888889,0.34044444444444444,0.08647222222222223,0.15311111111111111,0.19208333333333333,0.15763888888888888,0.2500555555555556,0.13041666666666665,6.220222222222222,6.220222222222222,0.14844444444444443,0.5171111111111111,0.12625,0.3802222222222222,0.3579444444444444,0.39369444444444446,0.13041666666666665,0.10580555555555556,0.3000555555555556,0.2733333333333333,0.10580555555555556,0.23022222222222222,0.036333333333333336,0.24825000000000003,0.22772222222222221,0.18075000000000002,0.08647222222222223,0.22938888888888886,0.4409722222222222,0.2510833333333333,0.2510833333333333,0.2510833333333333,0.2510833333333333,0.24100000000000002,0.24100000000000002,0.24825000000000003,0.5132222222222222,0.47622222222222227,0.1345,0.24813888888888888,0.1527777777777778,0.08177777777777777,0.13041666666666665,0.4330833333333333,0.2773888888888889,0.2599444444444444,0.5026666666666666,1.4396944444444444,1.4396944444444444,0.08647222222222223,0.1939722222222222,1.2862777777777779,0.08188888888888889,0.42241666666666666,0.24813888888888888,0.5087777777777778,2.5579444444444444,2.5579444444444444,2.5579444444444444,0.08647222222222223,0.49011111111111116,0.5201666666666667,0.08647222222222223,0.3051388888888889,0.0628888888888889,0.3918611111111111,0.2536111111111111,0.2566111111111111,0.24813888888888888,0.22019444444444447
0.4632222222222222,0.0,0.4944722222222222,0.5163888888888889,0.5163888888888889,0.5163888888888889,0.5163888888888889,0.46549999999999997,0.46549999999999997,0.46549999999999997,0.46549999999999997,0.16605555555555554,0.15586111111111112,0.3905833333333333,0.23680555555555555,0.4800277777777778,0.4800277777777778,0.12794444444444444,0.10024999999999999,0.4638611111111111,0.48430555555555554,0.33175,0.33175,0.29511111111111116,0.5163888888888889,0.4842777777777778,0.3204166666666667,0.36091666666666666,0.40105555555555555,0.5603333333333333,6.650138888888889,6.650138888888889,0.5783611111111111,0.23530555555555557,0.5561666666666667,0.23144444444444445,0.2427222222222222,0.04380555555555555,0.5603333333333333,0.5357222222222222,0.16605555555555554,0.5833888888888888,0.5357222222222222,0.2786944444444444,0.47575,0.4875555555555556,0.4885555555555555,0.5535,0.5163888888888889,0.3327777777777778,0.1523611111111111,0.3921111111111111,0.3921111111111111,0.3921111111111111,0.3921111111111111,0.3905833333333333,0.3905833333333333,0.4875555555555556,0.17188888888888887,0.18675,0.45175,0.4800277777777778,0.48025,0.44472222222222224,0.5603333333333333,0.14280555555555557,0.36525,0.47955555555555557,0.20102777777777778,1.8696111111111111,1.8696111111111111,0.5163888888888889,0.42886111111111114,1.4590833333333333,0.5118055555555555,0.10908333333333332,0.4800277777777778,0.21822222222222223,2.987861111111111,2.987861111111111,2.987861111111111,0.5163888888888889,0.10611111111111111,0.22508333333333333,0.5163888888888889,0.33175,0.49280555555555555,0.21077777777777776,0.39463888888888893,0.48638888888888887,0.4800277777777778,0.4811944444444444
0.11297222222222222,0.43844444444444447,0.0,0.09413888888888888,0.09413888888888888,0.09413888888888888,0.09413888888888888,0.0793888888888889,0.0793888888888889,0.0793888888888889,0.0793888888888889,0.32738888888888884,0.3265,0.2649722222222222,0.37936111111111115,0.27211111111111114,0.27211111111111114,0.3837777777777778,0.47594444444444445,0.1924722222222222,0.2886666666666667,0.3324722222222222,0.3324722222222222,0.36777777777777776,0.09413888888888888,0.13441666666666666,0.21941666666666665,0.1849722222222222,0.27402777777777776,0.1378611111111111,6.227666666666666,6.227666666666666,0.1558888888888889,0.5444444444444444,0.14166666666666666,0.40755555555555556,0.3852777777777778,0.4210277777777778,0.1378611111111111,0.11325,0.32738888888888884,0.2807777777777778,0.11325,0.2575555555555556,0.10316666666666666,0.2722222222222222,0.25169444444444444,0.18819444444444444,0.09413888888888888,0.25672222222222224,0.4683055555555556,0.27841666666666665,0.27841666666666665,0.27841666666666665,0.27841666666666665,0.2649722222222222,0.2649722222222222,0.2722222222222222,0.5405555555555556,0.5035555555555555,0.10602777777777778,0.27211111111111114,0.17675,0.1361111111111111,0.1378611111111111,0.46041666666666664,0.3047222222222222,0.28391666666666665,0.53,1.4471388888888888,1.4471388888888888,0.09413888888888888,0.21794444444444444,1.31025,0.09730555555555556,0.44975,0.27211111111111114,0.5361111111111111,2.5653888888888887,2.5653888888888887,2.5653888888888887,0.09413888888888888,0.5174444444444445,0.5475,0.09413888888888888,0.3324722222222222,0.05280555555555556,0.4191944444444444,0.28094444444444444,0.28058333333333335,0.27211111111111114,0.24416666666666667
0.11438888888888889,0.445,0.1051111111111111,0.0,0.0,0.0,0.0,0.1673611111111111,0.1673611111111111,0.1673611111111111,0.1673611111111111,0.33394444444444443,0.33305555555555555,0.2501388888888889,0.38591666666666663,0.25727777777777777,0.25727777777777777,0.39033333333333337,0.4825,0.1776388888888889,0.2738333333333333,0.33716666666666667,0.33716666666666667,0.37247222222222226,0.0,0.09552777777777777,0.23875,0.19152777777777777,0.25919444444444445,0.12841666666666668,6.221500000000001,6.221500000000001,0.13824999999999998,0.5509999999999999,0.07047222222222221,0.4141111111111111,0.3918333333333333,0.4275833333333333,0.12841666666666668,0.10708333333333334,0.33394444444444443,0.27461111111111114,0.10708333333333334,0.2641111111111111,0.10458333333333333,0.2573888888888889,0.23686111111111113,0.18202777777777776,0.0,0.26805555555555555,0.4748611111111111,0.27005555555555555,0.27005555555555555,0.27005555555555555,0.27005555555555555,0.2501388888888889,0.2501388888888889,0.2573888888888889,0.5471111111111111,0.5101111111111112,0.15952777777777777,0.25727777777777777,0.16191666666666665,0.15452777777777776,0.12841666666666668,0.4669722222222222,0.32405555555555554,0.26908333333333334,0.5365555555555556,1.4409722222222223,1.4409722222222223,0.0,0.20311111111111113,1.2954166666666667,0.004416666666666667,0.4563055555555556,0.25727777777777777,0.5426666666666666,2.5592222222222225,2.5592222222222225,2.5592222222222225,0.0,0.524,0.5540555555555555,0.0,0.33716666666666667,0.07133333333333333,0.42575,0.27258333333333334,0.26575,0.25727777777777777,0.22933333333333333
0.11438888888888889,0.445,0.1051111111111111,0.0,0.0,0.0,0.0,0.1673611111111111,0.1673611111111111,0.1673611111111111,0.1673611111111111,0.33394444444444443,0.33305555555555555,0.2501388888888889,0.38591666666666663,0.25727777777777777,0.25727777777777777,0.39033333333333337,0.4825,0.1776388888888889,0.2738333333333333,0.33716666666666667,0.33716666666666667,0.37247222222222226,0.0,0.09552777777777777,0.23875,0.19152777777777777,0.25919444444444445,0.12841666666666668,6.221500000000001,6.221500000000001,0.13824999999999998,0.5509999999999999,0.07047222222222221,0.4141111111111111,0.3918333333333333,0.4275833333333333,0.12841666666666668,0.10708333333333334,0.33394444444444443,0.27461111111111114,0.10708333333333334,0.2641111111111111,0.10458333333333333,0.2573888888888889,0.23686111111111113,0.18202777777777776,0.0,0.26805555555555555,0.4748611111111111,0.27005555555555555,0.27005555555555555,0.27005555555555555,0.27005555555555555,0.2501388888888889,0.2501388888888889,0.2573888888888889,0.5471111111111111,0.5101111111111112,0.15952777777777777,0.25727777777777777,0.16191666666666665,0.15452777777777776,0.12841666666666668,0.4669722222222222,0.32405555555555554,0.26908333333333334,0.5365555555555556,1.4409722222222223,1.4409722222222223,0.0,0.20311111111111113,1.2954166666666667,0.004416666666666667,0.4563055555555556,0.25727777777777777,0.5426666666666666,2.5592222222222225,2.5592222222222225,2.5592222222222225,0.0,0.524,0.5540555555555555,0.0,0.33716666666666667,0.07133333333333333,0.42575,0.27258333333333334,0.26575,0.25727777777777777,0.22933333333333333
0.11438888888888889,0.445,0.1051111111111111,0.0,0.0,0.0,0.0,0.1673611111111111,0.1673611111111111,0.1673611111111111,0.1673611111111111,0.33394444444444443,0.33305555555555555,0.2501388888888889,0.38591666666666663,0.25727777777777777,0.25727777777777777,0.39033333333333337,0.4825,0.1776388888888889,0.2738333333333333,0.33716666666666667,0.33716666666666667,0.37247222222222226,0.0,0.09552777777777777,0.23875,0.19152777777777777,0.25919444444444445,0.12841666666666668,6.221500000000001,6.221500000000001,0.13824999999999998,0.5509999999999999,0.07047222222222221,0.4141111111111111,0.3918333333333333,0.4275833333333333,0.12841666666666668,0.10708333333333334,0.33394444444444443,0.27461111111111114,0.10708333333333334,0.2641111111111111,0.10458333333333333,0.2573888888888889,0.23686111111111113,0.18202777777777776,0.0,0.26805555555555555,0.4748611111111111,0.27005555555555555,0.27005555555555555,0.27005555555555555,0.27005555555555555,0.2501388888888889,0.2501388888888889,0.2573888888888889,0.5471111111111111,0.5101111111111112,0.15952777777777777,0.25727777777777777,0.16191666666666665,0.15452777777777776,0.12841666666666668,0.4669722222222222,0.32405555555555554,0.26908333333333334,0.5365555555555556,1.4409722222222223,1.4409722222222223,0.0,0.20311111111111113,1.2954166666666667,0.004416666666666667,0.4563055555555556,0.25727777777777777,0.5426666666666666,2.5592222222222225,2.5592222222222225,2.5592222222222225,0.0,0.524,0.5540555555555555,0.0,0.33716666666666667,0.07133333333333333,0.42575,0.27258333333333334,0.26575,0.25727777777777777,0.22933333333333333
0.11438888888888889,0.445,0.1051111111111111,0.0,0.0,0.0,0.0,0.1673611111111111,0.1673611111111111,0.1673611111111111,0.1673611111111111,0.33394444444444443,0.33305555555555555,0.2501388888888889,0.38591666666666663,0.25727777777777777,0.25727777777777777,0.39033333333333337,0.4825,0.1776388888888889,0.2738333333333333,0.33716666666666667,0.33716666666666667,0.37247222222222226,0.0,0.09552777777777777,0.23875,0.19152777777777777,0.25919444444444445,0.12841666666666668,6.221500000000001,6.221500000000001,0.13824999999999998,0.5509999999999999,0.07047222222222221,0.4141111111111111,0.3918333333333333,0.4275833333333333,0.12841666666666668,0.10708333333333334,0.33394444444444443,0.27461111111111114,0.10708333333333334,0.2641111111111111,0.10458333333333333,0.2573888888888889,0.23686111111111113,0.18202777777777776,0.0,0.26805555555555555,0.4748611111111111,0.27005555555555555,0.27005555555555555,0.27005555555555555,0.27005555555555555,0.2501388888888889,0.2501388888888889,0.2573888888888889,0.5471111111111111,0.5101111111111112,0.15952777777777777,0.25727777777777777,0.16191666666666665,0.15452777777777776,0.12841666666666668,0.4669722222222222,0.32405555555555554,0.26908333333333334,0.5365555555555556,1.4409722222222223,1.4409722222222223,0.0,0.20311111111111113,1.2954166666666667,0.004416666666666667,0.4563055555555556,0.25727777777777777,0.5426666666666666,2.5592222222222225,2.5592222222222225,2.5592222222222225,0.0,0.524,0.5540555555555555,0.0,0.33716666666666667,0.07133333333333333,0.42575,0.27258333333333334,0.26575,0.25727777777777777,0.22933333333333333
0.16944444444444445,0.40116666666666667,0.06941666666666667,0.16355555555555554,0.16355555555555554,0.16355555555555554,0.16355555555555554,0.0,0.0,0.0,0.0,0.29011111111111115,0.2892222222222222,0.24263888888888888,0.34208333333333335,0.31416666666666665,0.31416666666666665,0.34650000000000003,0.4386666666666667,0.2618888888888889,0.3184444444444445,0.2951944444444445,0.2951944444444445,0.33049999999999996,0.16355555555555554,0.18738888888888888,0.1821388888888889,0.14769444444444446,0.2531111111111111,0.20727777777777778,6.297083333333333,6.297083333333333,0.22530555555555556,0.5071666666666667,0.21108333333333332,0.37027777777777776,0.348,0.38375,0.20727777777777778,0.18266666666666667,0.29011111111111115,0.3501944444444445,0.18266666666666667,0.22027777777777777,0.1549722222222222,0.3216944444444444,0.3211111111111111,0.2576111111111111,0.16355555555555554,0.21944444444444444,0.4310277777777778,0.2411388888888889,0.2411388888888889,0.2411388888888889,0.2411388888888889,0.24263888888888888,0.24263888888888888,0.3216944444444444,0.5032777777777777,0.46627777777777774,0.09316666666666666,0.31416666666666665,0.24616666666666667,0.17630555555555558,0.20727777777777778,0.4231388888888889,0.26744444444444443,0.31369444444444444,0.49272222222222223,1.5165555555555557,1.5165555555555557,0.16355555555555554,0.263,1.2932222222222223,0.16672222222222224,0.41247222222222224,0.31416666666666665,0.4988333333333333,2.6348055555555554,2.6348055555555554,2.6348055555555554,0.16355555555555554,0.48016666666666663,0.5102222222222222,0.16355555555555554,0.2951944444444445,0.12222222222222222,0.3819166666666667,0.24366666666666667,0.3205277777777778,0.31416666666666665,0.3135833333333334
0.16944444444444445,0.40116666666666667,0.06941666666666667,0.16355555555555554,0.16355555555555554,0.16355555555555554,0.16355555555555554,0.0,0.0,0.0,0.0,0.29011111111111115,0.2892222222222222,0.24263888888888888,0.34208333333333335,0.31416666666666665,0.31416666666666665,0.34650000000000003,0.4386666666666667,0.2618888888888889,0.3184444444444445,0.2951944444444445,0.2951944444444445,0.33049999999999996,0.16355555555555554,0.18738888888888888,0.1821388888888889,0.14769444444444446,0.2531111111111111,0.20727777777777778,6.297083333333333,6.297083333333333,0.22530555555555556,0.5071666666666667,0.21108333333333332,0.37027777777777776,0.348,0.38375,0.20727777777777778,0.18266666666666667,0.29011111111111115,0.3501944444444445,0.18266666666666667,0.22027777777777777,0.1549722222222222,0.3216944444444444,0.3211111111111111,0.2576111111111111,0.16355555555555554,0.21944444444444444,0.4310277777777778,0.2411388888888889,0.2411388888888889,0.2411388888888889,0.2411388888888889,0.24263888888888888,0.24263888888888888,0.3216944444444444,0.5032777777777777,0.46627777777777774,0.09316666666666666,0.31416666666666665,0.24616666666666667,0.17630555555555558,0.20727777777777778,0.4231388888888889,0.26744444444444443,0.31369444444444444,0.49272222222222223,1.5165555555555557,1.5165555555555557,0.16355555555555554,0.263,1.2932222222222223,0.16672222222222224,0.41247222222222224,0.31416666666666665,0.4988333333333333,2.6348055555555554,2.6348055555555554,2.6348055555555554,0.16355555555555554,0.48016666666666663,0.5102222222222222,0.16355555555555554,0.2951944444444445,0.12222222222222222,0.3819166666666667,0.24366666666666667,0.3205277777777778,0.31416666666666665,0.3135833333333334
0.16944444444444445,0.40116666666666667,0.06941666666666667,0.16355555555555554,0.16355555555555554,0.16355555555555554,0.16355555555555554,0.0,0.0,0.0,0.0,0.29011111111111115,0.2892222222222222,0.24263888888888888,0.34208333333333335,0.31416666666666665,0.31416666666666665,0.34650000000000003,0.4386666666666667,0.2618888888888889,0.3184444444444445,0.2951944444444445,0.2951944444444445,0.33049999999999996,0.16355555555555554,0.18738888888888888,0.1821388888888889,0.14769444444444446,0.2531111111111111,0.20727777777777778,6.297083333333333,6.297083333333333,0.22530555555555556,0.5071666666666667,0.21108333333333332,0.37027777777777776,0.348,0.38375,0.20727777777777778,0.18266666666666667,0.29011111111111115,0.3501944444444445,0.18266666666666667,0.22027777777777777,0.1549722222222222,0.3216944444444444,0.3211111111111111,0.2576111111111111,0.16355555555555554,0.21944444444444444,0.4310277777777778,0.2411388888888889,0.2411388888888889,0.2411388888888889,0.2411388888888889,0.24263888888888888,0.24263888888888888,0.3216944444444444,0.5032777777777777,0.46627777777777774,0.09316666666666666,0.31416666666666665,0.24616666666666667,0.17630555555555558,0.20727777777777778,0.4231388888888889,0.26744444444444443,0.31369444444444444,0.49272222222222223,1.5165555555555557,1.5165555555555557,0.16355555555555554,0.263,1.2932222222222223,0.16672222222222224,0.41247222222222224,0.31416666666666665,0.4988333333333333,2.6348055555555554,2.6348055555555554,2.6348055555555554,0.16355555555555554,0.48016666666666663,0.5102222222222222,0.16355555555555554,0.2951944444444445,0.12222222222222222,0.3819166666666667,0.24366666666666667,0.3205277777777778,0.31416666666666665,0.3135833333333334
0.16944444444444445,0.40116666666666667,0.06941666666666667,0.16355555555555554,0.16355555555555554,0.16355555555555554,0.16355555555555554,0.0,0.0,0.0,0.0,0.29011111111111115,0.2892222222222222,0.24263888888888888,0.34208333333333335,0.31416666666666665,0.31416666666666665,0.34650000000000003,0.4386666666666667,0.2618888888888889,0.3184444444444445,0.2951944444444445,0.2951944444444445,0.33049999999999996,0.16355555555555554,0.18738888888888888,0.1821388888888889,0.14769444444444446,0.2531111111111111,0.20727777777777778,6.297083333333333,6.297083333333333,0.22530555555555556,0.5071666666666667,0.21108333333333332,0.37027777777777776,0.348,0.38375,0.20727777777777778,0.18266666666666667,0.29011111111111115,0.3501944444444445,0.18266666666666667,0.22027777777777777,0.1549722222222222,0.3216944444444444,0.3211111111111111,0.2576111111111111,0.16355555555555554,0.21944444444444444,0.4310277777777778,0.2411388888888889,0.2411388888888889,0.2411388888888889,0.2411388888888889,0.24263888888888888,0.24263888888888888,0.3216944444444444,0.5032777777777777,0.46627777777777774,0.09316666666666666,0.31416666666666665,0.24616666666666667,0.17630555555555558,0.20727777777777778,0.4231388888888889,0.26744444444444443,0.31369444444444444,0.49272222222222223,1.5165555555555557,1.5165555555555557,0.16355555555555554,0.263,1.2932222222222223,0.16672222222222224,0.41247222222222224,0.31416666666666665,0.4988333333333333,2.6348055555555554,2.6348055555555554,2.6348055555555554,0.16355555555555554,0.48016666666666663,0.5102222222222222,0.16355555555555554,0.2951944444444445,0.12222222222222222,0.3819166666666667,0.24366666666666667,0.3205277777777778,0.31416666666666665,0.3135833333333334
0.3478888888888889,0.1837222222222222,0.3898611111111111,0.40105555555555555,0.40105555555555555,0.40105555555555555,0.40105555555555555,0.3501666666666666,0.3501666666666666,0.3501666666666666,0.3501666666666666,0.0,0.04052777777777778,0.2891111111111111,0.12941666666666665,0.37855555555555553,0.37855555555555553,0.08613888888888889,0.1827777777777778,0.36238888888888887,0.38283333333333336,0.23027777777777778,0.23027777777777778,0.192,0.40105555555555555,0.42630555555555555,0.21894444444444447,0.24558333333333335,0.2995833333333333,0.445,6.534805555555556,6.534805555555556,0.4630277777777778,0.24294444444444446,0.44083333333333335,0.11902777777777777,0.13961111111111113,0.16030555555555556,0.445,0.4203888888888889,0.0,0.4819166666666667,0.4203888888888889,0.16336111111111112,0.36041666666666666,0.38608333333333333,0.38708333333333333,0.45202777777777775,0.40105555555555555,0.23130555555555557,0.16094444444444445,0.2906388888888889,0.2906388888888889,0.2906388888888889,0.2906388888888889,0.2891111111111111,0.2891111111111111,0.38608333333333333,0.23319444444444445,0.19619444444444442,0.33641666666666664,0.37855555555555553,0.37877777777777777,0.3293888888888889,0.445,0.15305555555555556,0.2637777777777778,0.3780833333333333,0.2226388888888889,1.7542777777777776,1.7542777777777776,0.40105555555555555,0.32738888888888884,1.357611111111111,0.3964722222222222,0.15844444444444444,0.37855555555555553,0.2346111111111111,2.872527777777778,2.872527777777778,2.872527777777778,0.40105555555555555,0.2247222222222222,0.2401388888888889,0.40105555555555555,0.23027777777777778,0.37747222222222226,0.11769444444444443,0.2931666666666667,0.3849166666666667,0.37855555555555553,0.37972222222222224
0.3073611111111111,0.16944444444444445,0.34933333333333333,0.3605277777777778,0.3605277777777778,0.3605277777777778,0.3605277777777778,0.3096388888888889,0.3096388888888889,0.3096388888888889,0.3096388888888889,0.058388888888888886,0.0,0.2650277777777778,0.10061111111111111,0.36827777777777776,0.36827777777777776,0.11477777777777777,0.20694444444444443,0.3521111111111111,0.3725555555555556,0.2023888888888889,0.2023888888888889,0.15891666666666668,0.3605277777777778,0.3857777777777778,0.19075,0.20505555555555557,0.27549999999999997,0.4044722222222222,6.4942777777777785,6.4942777777777785,0.4225,0.26569444444444446,0.4003055555555555,0.12880555555555556,0.10652777777777778,0.15202777777777776,0.4044722222222222,0.3798611111111111,0.058388888888888886,0.47163888888888894,0.3798611111111111,0.12283333333333334,0.3198888888888889,0.37580555555555556,0.37680555555555556,0.42819444444444443,0.3605277777777778,0.2210277777777778,0.19930555555555557,0.2635277777777778,0.2635277777777778,0.2635277777777778,0.2635277777777778,0.2650277777777778,0.2650277777777778,0.37580555555555556,0.27155555555555555,0.23455555555555554,0.2958888888888889,0.36827777777777776,0.3521388888888889,0.2888611111111111,0.4044722222222222,0.19141666666666668,0.24247222222222223,0.36780555555555555,0.261,1.71375,1.71375,0.3605277777777778,0.31711111111111107,1.3473333333333333,0.35594444444444445,0.18075000000000002,0.36827777777777776,0.2573611111111111,2.8320000000000003,2.8320000000000003,2.8320000000000003,0.3605277777777778,0.24844444444444444,0.26902777777777775,0.3605277777777778,0.2023888888888889,0.33694444444444444,0.14044444444444446,0.26605555555555555,0.3746388888888889,0.36827777777777776,0.36944444444444446
0.181,0.40002777777777776,0.2487222222222222,0.23416666666666666,0.23416666666666666,0.23416666666666666,0.23416666666666666,0.2689166666666667,0.2689166666666667,0.2689166666666667,0.2689166666666667,0.29430555555555554,0.2880833333333333,0.0,0.25966666666666666,0.13325,0.13325,0.32,0.38702777777777775,0.16183333333333333,0.13752777777777778,0.17972222222222223,0.17972222222222223,0.2150277777777778,0.23416666666666666,0.3008055555555556,0.12613888888888888,0.1821111111111111,0.010472222222222223,0.27811111111111114,6.350583333333333,6.350583333333333,0.29613888888888884,0.42297222222222225,0.27394444444444443,0.28688888888888886,0.23472222222222222,0.3826111111111111,0.27811111111111114,0.2535,0.29430555555555554,0.2366111111111111,0.2535,0.21991666666666668,0.19805555555555557,0.14077777777777778,0.14177777777777778,0.2564722222222222,0.23416666666666666,0.09530555555555556,0.36519444444444443,0.025805555555555557,0.025805555555555557,0.025805555555555557,0.025805555555555557,0.0,0.0,0.14077777777777778,0.4374444444444444,0.39305555555555555,0.25516666666666665,0.13325,0.18322222222222223,0.21805555555555556,0.27811111111111114,0.35730555555555554,0.1299722222222222,0.13277777777777777,0.4268888888888889,1.5700555555555555,1.5700555555555555,0.23416666666666666,0.12491666666666666,1.1123055555555557,0.22958333333333333,0.36269444444444443,0.13325,0.4146388888888889,2.6883055555555555,2.6883055555555555,2.6883055555555555,0.23416666666666666,0.4289722222222222,0.42630555555555555,0.23416666666666666,0.17972222222222223,0.21058333333333334,0.2977222222222222,0.028333333333333332,0.13961111111111113,0.13325,0.13441666666666666
0.37516666666666665,0.23841666666666667,0.4348611111111111,0.42833333333333334,0.42833333333333334,0.42833333333333334,0.42833333333333334,0.39516666666666667,0.39516666666666667,0.39516666666666667,0.39516666666666667,0.13330555555555554,0.12647222222222224,0.2877222222222222,0.0,0.3680833333333333,0.3680833333333333,0.13616666666666666,0.21305555555555555,0.361,0.3723611111111111,0.16025,0.16025,0.10891666666666668,0.42833333333333334,0.48144444444444445,0.21755555555555556,0.3083611111111111,0.29819444444444443,0.4722777777777778,6.551500000000001,6.551500000000001,0.49030555555555555,0.2553888888888889,0.46811111111111114,0.09883333333333334,0.058916666666666666,0.21033333333333334,0.4722777777777778,0.44766666666666666,0.13330555555555554,0.47144444444444444,0.44766666666666666,0.24686111111111111,0.39222222222222225,0.3756111111111111,0.3766111111111111,0.45063888888888887,0.42833333333333334,0.22991666666666669,0.1912222222222222,0.26358333333333334,0.26358333333333334,0.26358333333333334,0.26358333333333334,0.2877222222222222,0.2877222222222222,0.3756111111111111,0.2634722222222222,0.22166666666666668,0.3814166666666666,0.3680833333333333,0.3773888888888889,0.40172222222222226,0.4722777777777778,0.18333333333333332,0.19627777777777777,0.3676111111111111,0.2529166666666667,1.7709722222222222,1.7709722222222222,0.42833333333333334,0.32599999999999996,1.3471388888888889,0.42375,0.1887222222222222,0.3680833333333333,0.24705555555555556,2.8892222222222226,2.8892222222222226,2.8892222222222226,0.42833333333333334,0.255,0.25872222222222224,0.42833333333333334,0.16025,0.40475,0.1301388888888889,0.26611111111111113,0.37444444444444447,0.3680833333333333,0.36924999999999997
0.2152222222222222,0.4608888888888889,0.28294444444444444,0.2683888888888889,0.2683888888888889,0.2683888888888889,0.2683888888888889,0.3244444444444444,0.3244444444444444,0.3244444444444444,0.3244444444444444,0.3498333333333334,0.34894444444444445,0.13341666666666668,0.3332222222222222,0.0,0.0,0.39355555555555555,0.4605833333333333,0.1348888888888889,0.03086111111111111,0.2431111111111111,0.2431111111111111,0.28255555555555556,0.2683888888888889,0.33502777777777776,0.18452777777777776,0.2376388888888889,0.12783333333333333,0.2669722222222222,6.25038888888889,6.25038888888889,0.285,0.4965277777777778,0.3081666666666667,0.3604444444444444,0.30827777777777776,0.4434722222222222,0.2669722222222222,0.2263888888888889,0.3498333333333334,0.14438888888888887,0.2263888888888889,0.27544444444444444,0.23227777777777778,0.019305555555555555,0.06619444444444444,0.18452777777777776,0.2683888888888889,0.17819444444444443,0.43875,0.13572222222222222,0.13572222222222222,0.13572222222222222,0.13572222222222222,0.13341666666666668,0.13341666666666668,0.019305555555555555,0.511,0.4666111111111111,0.31069444444444444,0.0,0.17708333333333334,0.25227777777777777,0.2669722222222222,0.4308611111111111,0.17869444444444443,0.05836111111111111,0.5004444444444445,1.469861111111111,1.469861111111111,0.2683888888888889,0.12047222222222222,1.1270555555555555,0.26380555555555557,0.43625,0.0,0.48819444444444443,2.5881111111111115,2.5881111111111115,2.5881111111111115,0.2683888888888889,0.5025277777777778,0.4998611111111111,0.2683888888888889,0.2431111111111111,0.24480555555555555,0.37127777777777776,0.13824999999999998,0.009972222222222223,0.0,0.06863888888888889
0.2152222222222222,0.4608888888888889,0.28294444444444444,0.2683888888888889,0.2683888888888889,0.2683888888888889,0.2683888888888889,0.3244444444444444,0.3244444444444444,0.3244444444444444,0.3244444444444444,0.3498333333333334,0.34894444444444445,0.13341666666666668,0.3332222222222222,0.0,0.0,0.39355555555555555,0.4605833333333333,0.1348888888888889,0.03086111111111111,0.2431111111111111,0.2431111111111111,0.28255555555555556,0.2683888888888889,0.33502777777777776,0.18452777777777776,0.2376388888888889,0.12783333333333333,0.2669722222222222,6.25038888888889,6.25038888888889,0.285,0.4965277777777778,0.3081666666666667,0.3604444444444444,0.30827777777777776,0.4434722222222222,0.2669722222222222,0.2263888888888889,0.3498333333333334,0.14438888888888887,0.2263888888888889,0.27544444444444444,0.23227777777777778,0.019305555555555555,0.06619444444444444,0.18452777777777776,0.2683888888888889,0.17819444444444443,0.43875,0.13572222222222222,0.13572222222222222,0.13572222222222222,0.13572222222222222,0.13341666666666668,0.13341666666666668,0.019305555555555555,0.511,0.4666111111111111,0.31069444444444444,0.0,0.17708333333333334,0.25227777777777777,0.2669722222222222,0.4308611111111111,0.17869444444444443,0.05836111111111111,0.5004444444444445,1.469861111111111,1.469861111111111,0.2683888888888889,0.12047222222222222,1.1270555555555555,0.26380555555555557,0.43625,0.0,0.48819444444444443,2.5881111111111115,2.5881111111111115,2.5881111111111115,0.2683888888888889,0.5025277777777778,0.4998611111111111,0.2683888888888889,0.2431111111111111,0.24480555555555555,0.37127777777777776,0.13824999999999998,0.009972222222222223,0.0,0.06863888888888889
0.3773888888888889,0.10269444444444444,0.41936111111111113,0.4305555555555556,0.4305555555555556,0.4305555555555556,0.4305555555555556,0.37966666666666665,0.37966666666666665,0.37966666666666665,0.37966666666666665,0.08022222222222222,0.07002777777777777,0.30474999999999997,0.15097222222222223,0.3941944444444444,0.3941944444444444,0.0,0.1351388888888889,0.3780277777777778,0.3984722222222222,0.24591666666666664,0.24591666666666664,0.20927777777777778,0.4305555555555556,0.44211111111111107,0.23458333333333334,0.27508333333333335,0.31522222222222224,0.47450000000000003,6.564305555555555,6.564305555555555,0.49252777777777773,0.22044444444444444,0.4703333333333333,0.14561111111111114,0.15688888888888888,0.07416666666666667,0.47450000000000003,0.44988888888888884,0.08022222222222222,0.4975555555555556,0.44988888888888884,0.1928611111111111,0.3899166666666667,0.40172222222222226,0.4027222222222222,0.4676666666666666,0.4305555555555556,0.24694444444444444,0.12730555555555556,0.30627777777777776,0.30627777777777776,0.30627777777777776,0.30627777777777776,0.30474999999999997,0.30474999999999997,0.40172222222222226,0.19955555555555554,0.1621388888888889,0.36591666666666667,0.3941944444444444,0.3944166666666667,0.35888888888888887,0.47450000000000003,0.11941666666666666,0.27941666666666665,0.39372222222222225,0.189,1.783777777777778,1.783777777777778,0.4305555555555556,0.3430277777777778,1.3732499999999999,0.4259722222222222,0.09822222222222222,0.3941944444444444,0.2073611111111111,2.9020277777777777,2.9020277777777777,2.9020277777777777,0.4305555555555556,0.18169444444444446,0.2065,0.4305555555555556,0.24591666666666664,0.4069722222222222,0.14427777777777778,0.30880555555555556,0.40055555555555555,0.3941944444444444,0.3953611111111111
0.4678611111111111,0.07752777777777778,0.4968888888888889,0.5210277777777778,0.5210277777777778,0.5210277777777778,0.5210277777777778,0.4701388888888889,0.4701388888888889,0.4701388888888889,0.4701388888888889,0.17069444444444445,0.16049999999999998,0.38680555555555557,0.20069444444444445,0.47625,0.47625,0.12980555555555556,0.0,0.46008333333333334,0.4805277777777778,0.31461111111111106,0.31461111111111106,0.2632777777777778,0.5210277777777778,0.48669444444444443,0.3166388888888889,0.3655555555555556,0.3972777777777778,0.5649722222222222,6.650583333333333,6.650583333333333,0.5830000000000001,0.1973611111111111,0.5608055555555556,0.19705555555555554,0.2108888888888889,0.04844444444444444,0.5649722222222222,0.5403611111111111,0.17069444444444445,0.5796111111111111,0.5403611111111111,0.2833333333333333,0.4803888888888889,0.48377777777777775,0.4847777777777778,0.5497222222222222,0.5210277777777778,0.329,0.10044444444444445,0.3883333333333333,0.3883333333333333,0.3883333333333333,0.3883333333333333,0.38680555555555557,0.38680555555555557,0.48377777777777775,0.17269444444444446,0.12961111111111112,0.4563888888888889,0.47625,0.4764722222222222,0.4493611111111111,0.5649722222222222,0.08566666666666665,0.3506388888888889,0.47577777777777774,0.1621388888888889,1.8700555555555556,1.8700555555555556,0.5210277777777778,0.4250833333333333,1.4553055555555556,0.5164444444444445,0.07516666666666667,0.47625,0.1805,2.9883055555555553,2.9883055555555553,2.9883055555555553,0.5210277777777778,0.1631388888888889,0.1796388888888889,0.5210277777777778,0.31461111111111106,0.4974444444444444,0.18688888888888888,0.3908611111111111,0.48261111111111116,0.47625,0.47741666666666666
0.11022222222222222,0.4359722222222222,0.17794444444444446,0.1633888888888889,0.1633888888888889,0.1633888888888889,0.1633888888888889,0.2389722222222222,0.2389722222222222,0.2389722222222222,0.2389722222222222,0.3249166666666667,0.3240277777777778,0.15325000000000003,0.3202222222222222,0.10061111111111111,0.10061111111111111,0.38055555555555554,0.44758333333333333,0.0,0.11716666666666667,0.24027777777777778,0.24027777777777778,0.27558333333333335,0.1633888888888889,0.23002777777777778,0.17469444444444443,0.1825,0.16230555555555554,0.20733333333333331,6.246277777777777,6.246277777777777,0.2253611111111111,0.4835277777777778,0.20316666666666666,0.34744444444444444,0.29527777777777775,0.41855555555555557,0.20733333333333331,0.17627777777777778,0.3249166666666667,0.19436111111111112,0.17627777777777778,0.25508333333333333,0.12727777777777777,0.10072222222222223,0.07552777777777778,0.1436388888888889,0.1633888888888889,0.1711666666666667,0.42575,0.17316666666666666,0.17316666666666666,0.17316666666666666,0.17316666666666666,0.15325000000000003,0.15325000000000003,0.10072222222222223,0.498,0.45361111111111113,0.22544444444444445,0.10061111111111111,0.07680555555555556,0.14727777777777779,0.20733333333333331,0.41786111111111107,0.22994444444444442,0.11066666666666666,0.48744444444444446,1.4657499999999999,1.4657499999999999,0.1633888888888889,0.058111111111111106,1.1796944444444444,0.15880555555555556,0.42325,0.10061111111111111,0.4751944444444445,2.584,2.584,2.584,0.1633888888888889,0.4895277777777778,0.48686111111111113,0.1633888888888889,0.24027777777777778,0.13980555555555557,0.35827777777777775,0.17569444444444443,0.10908333333333332,0.10061111111111111,0.07266666666666667
0.22308333333333333,0.4683055555555556,0.2908055555555556,0.27625,0.27625,0.27625,0.27625,0.3318611111111111,0.3318611111111111,0.3318611111111111,0.3318611111111111,0.35724999999999996,0.35636111111111113,0.14083333333333334,0.3406388888888889,0.03588888888888889,0.03588888888888889,0.40097222222222223,0.46799999999999997,0.13524999999999998,0.0,0.2505277777777778,0.2505277777777778,0.28997222222222224,0.27625,0.3428888888888889,0.19194444444444445,0.24505555555555558,0.13524999999999998,0.2361111111111111,6.243194444444445,6.243194444444445,0.25413888888888886,0.5039444444444444,0.3160277777777778,0.3678611111111111,0.31569444444444444,0.4508888888888889,0.2361111111111111,0.19552777777777777,0.35724999999999996,0.13133333333333333,0.19552777777777777,0.2828611111111111,0.2401388888888889,0.048916666666666664,0.06655555555555555,0.15366666666666667,0.27625,0.18561111111111112,0.44616666666666666,0.14313888888888887,0.14313888888888887,0.14313888888888887,0.14313888888888887,0.14083333333333334,0.14083333333333334,0.048916666666666664,0.5184166666666666,0.47402777777777777,0.3181111111111111,0.03588888888888889,0.16502777777777777,0.26013888888888886,0.2361111111111111,0.43827777777777777,0.18611111111111112,0.0275,0.5078611111111111,1.4626666666666668,1.4626666666666668,0.27625,0.13283333333333333,1.134472222222222,0.27166666666666667,0.44366666666666665,0.03588888888888889,0.4956111111111111,2.5809166666666665,2.5809166666666665,2.5809166666666665,0.27625,0.5099444444444444,0.5072777777777778,0.27625,0.2505277777777778,0.25266666666666665,0.37869444444444444,0.14566666666666667,0.044194444444444446,0.03588888888888889,0.069
0.2585,0.3026388888888889,0.31819444444444445,0.31166666666666665,0.31166666666666665,0.31166666666666665,0.31166666666666665,0.2785,0.2785,0.2785,0.2785,0.19752777777777777,0.19069444444444444,0.17105555555555554,0.1622777777777778,0.2605,0.2605,0.2226111111111111,0.2966944444444444,0.24433333333333335,0.2647777777777778,0.0,0.0,0.059555555555555556,0.31166666666666665,0.3647777777777778,0.10088888888888889,0.19169444444444445,0.1815277777777778,0.3556111111111111,6.434833333333334,6.434833333333334,0.37363888888888885,0.3343611111111111,0.35144444444444445,0.19047222222222224,0.12044444444444445,0.2852222222222222,0.3556111111111111,0.33099999999999996,0.19752777777777777,0.36386111111111114,0.33099999999999996,0.19144444444444444,0.27555555555555555,0.26802777777777775,0.26902777777777775,0.3339722222222222,0.31166666666666665,0.11325,0.2748611111111111,0.17033333333333334,0.17033333333333334,0.17033333333333334,0.17033333333333334,0.17105555555555554,0.17105555555555554,0.26802777777777775,0.3471111111111111,0.2958055555555556,0.26475,0.2605,0.26072222222222224,0.28505555555555556,0.3556111111111111,0.2669722222222222,0.1148888888888889,0.2600277777777778,0.33655555555555555,1.6543055555555555,1.6543055555555555,0.31166666666666665,0.20933333333333334,1.2395555555555555,0.3070833333333333,0.2723611111111111,0.2605,0.3260277777777778,2.772555555555556,2.772555555555556,2.772555555555556,0.31166666666666665,0.3386388888888889,0.33769444444444446,0.31166666666666665,0.0,0.2880833333333333,0.21305555555555555,0.1728611111111111,0.2668611111111111,0.2605,0.26166666666666666
0.2585,0.3026388888888889,0.31819444444444445,0.31166666666666665,0.31166666666666665,0.31166666666666665,0.31166666666666665,0.2785,0.2785,0.2785,0.2785,0.19752777777777777,0.19069444444444444,0.17105555555555554,0.1622777777777778,0.2605,0.2605,0.2226111111111111,0.2966944444444444,0.24433333333333335,0.2647777777777778,0.0,0.0,0.059555555555555556,0.31166666666666665,0.3647777777777778,0.10088888888888889,0.19169444444444445,0.1815277777777778,0.3556111111111111,6.434833333333334,6.434833333333334,0.37363888888888885,0.3343611111111111,0.35144444444444445,0.19047222222222224,0.12044444444444445,0.2852222222222222,0.3556111111111111,0.33099999999999996,0.19752777777777777,0.36386111111111114,0.33099999999999996,0.19144444444444444,0.27555555555555555,0.26802777777777775,0.26902777777777775,0.3339722222222222,0.31166666666666665,0.11325,0.2748611111111111,0.17033333333333334,0.17033333333333334,0.17033333333333334,0.17033333333333334,0.17105555555555554,0.17105555555555554,0.26802777777777775,0.3471111111111111,0.2958055555555556,0.26475,0.2605,0.26072222222222224,0.28505555555555556,0.3556111111111111,0.2669722222222222,0.1148888888888889,0.2600277777777778,0.33655555555555555,1.6543055555555555,1.6543055555555555,0.31166666666666665,0.20933333333333334,1.2395555555555555,0.3070833333333333,0.2723611111111111,0.2605,0.3260277777777778,2.772555555555556,2.772555555555556,2.772555555555556,0.31166666666666665,0.3386388888888889,0.33769444444444446,0.31166666666666665,0.0,0.2880833333333333,0.21305555555555555,0.1728611111111111,0.2668611111111111,0.2605,0.26166666666666666
0.29430555555555554,0.2922777777777778,0.35400000000000004,0.34747222222222224,0.34747222222222224,0.34747222222222224,0.34747222222222224,0.31430555555555556,0.31430555555555556,0.31430555555555556,0.31430555555555556,0.18716666666666665,0.18033333333333335,0.20375,0.15191666666666667,0.2836388888888889,0.2836388888888889,0.21225,0.28633333333333333,0.2801388888888889,0.28791666666666665,0.06566666666666666,0.06566666666666666,0.0,0.34747222222222224,0.4005833333333333,0.13669444444444445,0.2275,0.21422222222222223,0.39141666666666663,6.470638888888889,6.470638888888889,0.40944444444444444,0.3274722222222222,0.38725,0.1801111111111111,0.09961111111111112,0.2748611111111111,0.39141666666666663,0.36680555555555555,0.18716666666666665,0.387,0.36680555555555555,0.20672222222222222,0.31136111111111114,0.2911666666666667,0.29216666666666663,0.3697777777777778,0.34747222222222224,0.14905555555555555,0.2645,0.17913888888888888,0.17913888888888888,0.17913888888888888,0.17913888888888888,0.20375,0.20375,0.2911666666666667,0.33675,0.28891666666666665,0.3005555555555556,0.2836388888888889,0.2965277777777778,0.3208611111111111,0.39141666666666663,0.2566111111111111,0.11183333333333334,0.2831666666666667,0.32619444444444445,1.6901111111111111,1.6901111111111111,0.34747222222222224,0.24513888888888888,1.2626944444444443,0.3428888888888889,0.262,0.2836388888888889,0.3191388888888889,2.808361111111111,2.808361111111111,2.808361111111111,0.34747222222222224,0.3282777777777778,0.3308055555555556,0.34747222222222224,0.06566666666666666,0.3238888888888889,0.2051388888888889,0.18166666666666667,0.29,0.2836388888888889,0.28480555555555553
0.11438888888888889,0.445,0.1051111111111111,0.0,0.0,0.0,0.0,0.1673611111111111,0.1673611111111111,0.1673611111111111,0.1673611111111111,0.33394444444444443,0.33305555555555555,0.2501388888888889,0.38591666666666663,0.25727777777777777,0.25727777777777777,0.39033333333333337,0.4825,0.1776388888888889,0.2738333333333333,0.33716666666666667,0.33716666666666667,0.37247222222222226,0.0,0.09552777777777777,0.23875,0.19152777777777777,0.25919444444444445,0.12841666666666668,6.221500000000001,6.221500000000001,0.13824999999999998,0.5509999999999999,0.07047222222222221,0.4141111111111111,0.3918333333333333,0.4275833333333333,0.12841666666666668,0.10708333333333334,0.33394444444444443,0.27461111111111114,0.10708333333333334,0.2641111111111111,0.10458333333333333,0.2573888888888889,0.23686111111111113,0.18202777777777776,0.0,0.26805555555555555,0.4748611111111111,0.27005555555555555,0.27005555555555555,0.27005555555555555,0.27005555555555555,0.2501388888888889,0.2501388888888889,0.2573888888888889,0.5471111111111111,0.5101111111111112,0.15952777777777777,0.25727777777777777,0.16191666666666665,0.15452777777777776,0.12841666666666668,0.4669722222222222,0.32405555555555554,0.26908333333333334,0.5365555555555556,1.4409722222222223,1.4409722222222223,0.0,0.20311111111111113,1.2954166666666667,0.004416666666666667,0.4563055555555556,0.25727777777777777,0.5426666666666666,2.5592222222222225,2.5592222222222225,2.5592222222222225,0.0,0.524,0.5540555555555555,0.0,0.33716666666666667,0.07133333333333333,0.42575,0.27258333333333334,0.26575,0.25727777777777777,0.22933333333333333
0.18844444444444444,0.4898888888888889,0.10416666666666667,0.08938888888888889,0.08938888888888889,0.08938888888888889,0.08938888888888889,0.16641666666666668,0.16641666666666668,0.16641666666666668,0.16641666666666668,0.3788333333333333,0.3779444444444444,0.3241944444444444,0.4308055555555556,0.3313333333333333,0.3313333333333333,0.43522222222222223,0.5273888888888889,0.25169444444444444,0.3478888888888889,0.38391666666666663,0.38391666666666663,0.4192222222222222,0.08938888888888889,0.0,0.2708611111111111,0.23641666666666666,0.33325,0.20247222222222222,6.295555555555556,6.295555555555556,0.21230555555555555,0.5958888888888888,0.14372222222222222,0.459,0.43672222222222223,0.47247222222222224,0.20247222222222222,0.1811388888888889,0.3788333333333333,0.3486666666666667,0.1811388888888889,0.30900000000000005,0.1786388888888889,0.33144444444444443,0.3109166666666667,0.25608333333333333,0.08938888888888889,0.3081666666666667,0.5197499999999999,0.3298611111111111,0.3298611111111111,0.3298611111111111,0.3298611111111111,0.3241944444444444,0.3241944444444444,0.33144444444444443,0.592,0.555,0.19430555555555556,0.3313333333333333,0.23597222222222222,0.22858333333333333,0.20247222222222222,0.5118611111111111,0.3561666666666667,0.3431388888888889,0.5814444444444444,1.5150277777777779,1.5150277777777779,0.08938888888888889,0.2771666666666667,1.3694722222222224,0.09380555555555556,0.5011944444444444,0.3313333333333333,0.5875555555555555,2.6332777777777774,2.6332777777777774,2.6332777777777774,0.08938888888888889,0.5688888888888889,0.5989444444444444,0.08938888888888889,0.38391666666666663,0.14538888888888887,0.4706388888888889,0.33238888888888884,0.3398055555555555,0.3313333333333333,0.3033888888888889
0.2058888888888889,0.3248611111111111,0.22811111111111113,0.25905555555555554,0.25905555555555554,0.25905555555555554,0.25905555555555554,0.18841666666666665,0.18841666666666665,0.18841666666666665,0.18841666666666665,0.21380555555555558,0.21291666666666667,0.10072222222222223,0.23322222222222222,0.2063333333333333,0.2063333333333333,0.27019444444444446,0.3570277777777778,0.19019444444444444,0.2106111111111111,0.15327777777777776,0.15327777777777776,0.18858333333333333,0.25905555555555554,0.27469444444444446,0.0,0.10161111111111111,0.11119444444444444,0.303,6.3822222222222225,6.3822222222222225,0.3210277777777778,0.3929722222222222,0.29883333333333334,0.2568888888888889,0.20827777777777776,0.3074444444444444,0.303,0.2783888888888889,0.21380555555555558,0.3096944444444445,0.2783888888888889,0.13941666666666666,0.19866666666666669,0.2138611111111111,0.21475,0.2813611111111111,0.25905555555555554,0.07752777777777778,0.33519444444444446,0.09922222222222223,0.09922222222222223,0.09922222222222223,0.09922222222222223,0.10072222222222223,0.10072222222222223,0.2138611111111111,0.40744444444444444,0.3630555555555556,0.17466666666666666,0.2063333333333333,0.20811111111111114,0.1949722222222222,0.303,0.3273055555555555,0.12552777777777777,0.2058611111111111,0.3968888888888889,1.6016944444444445,1.6016944444444445,0.25905555555555554,0.15327777777777776,1.1853888888888888,0.2544722222222222,0.33269444444444446,0.2063333333333333,0.3846388888888889,2.7199444444444443,2.7199444444444443,2.7199444444444443,0.25905555555555554,0.39897222222222223,0.3963055555555556,0.25905555555555554,0.15327777777777776,0.23547222222222222,0.2677222222222222,0.10175000000000001,0.21269444444444446,0.2063333333333333,0.20722222222222222
0.12647222222222224,0.31211111111111106,0.1521111111111111,0.1796388888888889,0.1796388888888889,0.1796388888888889,0.1796388888888889,0.11241666666666666,0.11241666666666666,0.11241666666666666,0.11241666666666666,0.20105555555555554,0.20016666666666666,0.15358333333333332,0.2530277777777778,0.2251111111111111,0.2251111111111111,0.2574444444444444,0.3496111111111111,0.18697222222222223,0.22938888888888886,0.2061388888888889,0.2061388888888889,0.24144444444444446,0.1796388888888889,0.19869444444444442,0.09308333333333334,0.0,0.16405555555555557,0.22358333333333333,6.313388888888889,6.313388888888889,0.2416111111111111,0.4181111111111111,0.21941666666666665,0.2812222222222222,0.2589444444444445,0.2946944444444445,0.22358333333333333,0.19897222222222222,0.20105555555555554,0.3284722222222222,0.19897222222222222,0.1312222222222222,0.12266666666666667,0.2326388888888889,0.2336388888888889,0.24730555555555556,0.1796388888888889,0.1303888888888889,0.3419722222222222,0.15208333333333332,0.15208333333333332,0.15208333333333332,0.15208333333333332,0.15358333333333332,0.15358333333333332,0.2326388888888889,0.4142222222222222,0.37722222222222224,0.09866666666666667,0.2251111111111111,0.17125,0.10797222222222222,0.22358333333333333,0.33408333333333334,0.1783888888888889,0.2246388888888889,0.4036666666666667,1.5328611111111112,1.5328611111111112,0.1796388888888889,0.17394444444444446,1.2041666666666666,0.17505555555555558,0.32341666666666663,0.2251111111111111,0.4097777777777778,2.651111111111111,2.651111111111111,2.651111111111111,0.1796388888888889,0.39111111111111113,0.4211666666666667,0.1796388888888889,0.2061388888888889,0.15605555555555553,0.29286111111111107,0.15461111111111112,0.23147222222222222,0.2251111111111111,0.22627777777777777
0.18988888888888888,0.3895555555555556,0.2576111111111111,0.24305555555555555,0.24305555555555555,0.24305555555555555,0.24305555555555555,0.2601111111111111,0.2601111111111111,0.2601111111111111,0.2601111111111111,0.28444444444444444,0.2776111111111111,0.06883333333333333,0.24919444444444444,0.1421388888888889,0.1421388888888889,0.3095277777777778,0.37655555555555553,0.17072222222222222,0.14641666666666667,0.16924999999999998,0.16924999999999998,0.20455555555555555,0.24305555555555555,0.3096944444444445,0.11566666666666665,0.17330555555555555,0.0,0.28700000000000003,6.359472222222222,6.359472222222222,0.30502777777777773,0.4125,0.2828333333333333,0.2764166666666667,0.22424999999999998,0.3721388888888889,0.28700000000000003,0.2623888888888889,0.28444444444444444,0.2455,0.2623888888888889,0.2111111111111111,0.20694444444444443,0.14966666666666664,0.15066666666666667,0.2653611111111111,0.24305555555555555,0.08483333333333333,0.3547222222222222,0.015333333333333334,0.015333333333333334,0.015333333333333334,0.015333333333333334,0.06883333333333333,0.06883333333333333,0.14966666666666664,0.4269722222222222,0.38258333333333333,0.24636111111111111,0.1421388888888889,0.19211111111111112,0.22694444444444445,0.28700000000000003,0.3468333333333333,0.14077777777777778,0.14166666666666666,0.41641666666666666,1.5789444444444445,1.5789444444444445,0.24305555555555555,0.13380555555555554,1.1211944444444446,0.23847222222222222,0.3522222222222222,0.1421388888888889,0.4041666666666667,2.6971944444444444,2.6971944444444444,2.6971944444444444,0.24305555555555555,0.4185,0.41583333333333333,0.24305555555555555,0.16924999999999998,0.21947222222222224,0.28724999999999995,0.01786111111111111,0.1485,0.1421388888888889,0.14330555555555555
0.17252777777777778,0.5031388888888889,0.16441666666666666,0.15202777777777776,0.15202777777777776,0.15202777777777776,0.15202777777777776,0.22544444444444445,0.22544444444444445,0.22544444444444445,0.22544444444444445,0.39208333333333334,0.39119444444444446,0.30827777777777776,0.44405555555555554,0.29016666666666663,0.29016666666666663,0.4484722222222222,0.5406388888888889,0.23516666666666666,0.29638888888888887,0.3953055555555555,0.3953055555555555,0.4306111111111111,0.15202777777777776,0.20872222222222223,0.29688888888888887,0.24966666666666665,0.31733333333333336,0.0,6.181666666666667,6.181666666666667,0.02822222222222222,0.6091388888888889,0.17919444444444446,0.47224999999999995,0.4499722222222223,0.4857222222222222,0.0,0.06755555555555555,0.39208333333333334,0.23477777777777778,0.06755555555555555,0.32225,0.1627222222222222,0.30119444444444443,0.2641111111111111,0.14219444444444443,0.15202777777777776,0.32619444444444445,0.533,0.32819444444444446,0.32819444444444446,0.32819444444444446,0.32819444444444446,0.30827777777777776,0.30827777777777776,0.30119444444444443,0.6052500000000001,0.56825,0.2222222222222222,0.29016666666666663,0.1748611111111111,0.21266666666666667,0.0,0.5251111111111111,0.38219444444444445,0.26216666666666666,0.5946944444444444,1.401138888888889,1.401138888888889,0.15202777777777776,0.26125,1.2905,0.14788888888888888,0.5144444444444445,0.29016666666666663,0.6008055555555556,2.519388888888889,2.519388888888889,2.519388888888889,0.15202777777777776,0.5821388888888889,0.6121944444444445,0.15202777777777776,0.3953055555555555,0.1262777777777778,0.48388888888888887,0.3307222222222222,0.29847222222222225,0.29016666666666663,0.26755555555555555
8.769194444444445,9.089611111111111,8.76086111111111,8.754277777777778,8.754277777777778,8.754277777777778,8.754277777777778,8.82188888888889,8.82188888888889,8.82188888888889,8.82188888888889,8.978555555555555,8.977666666666666,8.863194444444444,9.030166666666666,8.763694444444445,8.763694444444445,9.034944444444445,9.12711111111111,8.744166666666667,8.777083333333334,8.950222222222221,8.950222222222221,8.985527777777778,8.754277777777778,8.820916666666667,8.88336111111111,8.836138888888888,8.855055555555555,8.692277777777777,0.0,0.0,8.710305555555555,9.193472222222223,8.794055555555556,9.05738888888889,9.005222222222223,9.072194444444445,8.692277777777777,8.651694444444445,8.978555555555555,8.672222222222222,8.651694444444445,8.908722222222222,8.763111111111112,8.760388888888889,8.773111111111112,8.625777777777778,8.754277777777778,8.88111111111111,9.119472222222221,8.862944444444445,8.862944444444445,8.862944444444445,8.862944444444445,8.863194444444444,8.863194444444444,8.760388888888889,9.191722222222221,9.154722222222222,8.818666666666667,8.763694444444445,8.683861111111112,8.797638888888889,8.692277777777777,9.111583333333332,8.905916666666666,8.74986111111111,9.181166666666666,5.038361111111111,5.038361111111111,8.754277777777778,8.802277777777778,8.829749999999999,8.749694444444446,9.100916666666667,8.763694444444445,9.185138888888888,3.652083333333333,3.652083333333333,3.652083333333333,8.754277777777778,9.168611111111112,9.196805555555555,8.754277777777778,8.950222222222221,8.722722222222222,9.068222222222222,8.865472222222223,8.743194444444445,8.763694444444445,8.776555555555555
8.769194444444445,9.089611111111111,8.76086111111111,8.754277777777778,8.754277777777778,8.754277777777778,8.754277777777778,8.82188888888889,8.82188888888889,8.82188888888889,8.82188888888889,8.978555555555555,8.977666666666666,8.863194444444444,9.030166666666666,8.763694444444445,8.763694444444445,9.034944444444445,9.12711111111111,8.744166666666667,8.777083333333334,8.950222222222221,8.950222222222221,8.985527777777778,8.754277777777778,8.820916666666667,8.88336111111111,8.836138888888888,8.855055555555555,8.692277777777777,0.0,0.0,8.710305555555555,9.193472222222223,8.794055555555556,9.05738888888889,9.005222222222223,9.072194444444445,8.692277777777777,8.651694444444445,8.978555555555555,8.672222222222222,8.651694444444445,8.908722222222222,8.763111111111112,8.760388888888889,8.773111111111112,8.625777777777778,8.754277777777778,8.88111111111111,9.119472222222221,8.862944444444445,8.862944444444445,8.862944444444445,8.862944444444445,8.863194444444444,8.863194444444444,8.760388888888889,9.191722222222221,9.154722222222222,8.818666666666667,8.763694444444445,8.683861111111112,8.797638888888889,8.692277777777777,9.111583333333332,8.905916666666666,8.74986111111111,9.181166666666666,5.038361111111111,5.038361111111111,8.754277777777778,8.802277777777778,8.829749999999999,8.749694444444446,9.100916666666667,8.763694444444445,9.185138888888888,3.652083333333333,3.652083333333333,3.652083333333333,8.754277777777778,9.168611111111112,9.196805555555555,8.754277777777778,8.950222222222221,8.722722222222222,9.068222222222222,8.865472222222223,8.743194444444445,8.763694444444445,8.776555555555555
0.18141666666666667,0.5120277777777777,0.1765,0.16091666666666665,0.16091666666666665,0.16091666666666665,0.16091666666666665,0.23752777777777778,0.23752777777777778,0.23752777777777778,0.23752777777777778,0.40097222222222223,0.40008333333333335,0.31716666666666665,0.4529444444444444,0.3065277777777778,0.3065277777777778,0.4573611111111111,0.5495277777777777,0.24466666666666664,0.31275000000000003,0.4041944444444444,0.4041944444444444,0.4395,0.16091666666666665,0.21761111111111112,0.30577777777777776,0.25855555555555554,0.32622222222222225,0.02788888888888889,6.198027777777778,6.198027777777778,0.0,0.6180277777777778,0.16444444444444445,0.48113888888888884,0.45886111111111116,0.4946111111111111,0.02788888888888889,0.08391666666666667,0.40097222222222223,0.2511388888888889,0.08391666666666667,0.33113888888888887,0.1716111111111111,0.3175555555555556,0.28047222222222223,0.15855555555555553,0.16091666666666665,0.33508333333333334,0.5418888888888889,0.33708333333333335,0.33708333333333335,0.33708333333333335,0.33708333333333335,0.31716666666666665,0.31716666666666665,0.3175555555555556,0.6141388888888889,0.5771388888888889,0.23430555555555554,0.3065277777777778,0.1912222222222222,0.22155555555555556,0.02788888888888889,0.534,0.39108333333333334,0.27852777777777776,0.6035833333333334,1.4175,1.4175,0.16091666666666665,0.2701388888888889,1.306861111111111,0.15677777777777777,0.5233333333333333,0.3065277777777778,0.6096944444444444,2.53575,2.53575,2.53575,0.16091666666666665,0.5910277777777777,0.6210833333333333,0.16091666666666665,0.4041944444444444,0.13836111111111113,0.49277777777777776,0.3396111111111111,0.31483333333333335,0.3065277777777778,0.28391666666666665
0.495,0.2185,0.5546944444444445,0.5481666666666667,0.5481666666666667,0.5481666666666667,0.5481666666666667,0.515,0.515,0.515,0.515,0.22952777777777778,0.21933333333333335,0.40755555555555556,0.2600277777777778,0.497,0.497,0.22125,0.17955555555555555,0.48083333333333333,0.5012777777777777,0.34872222222222227,0.34872222222222227,0.3071388888888889,0.5481666666666667,0.6012777777777778,0.33738888888888885,0.42438888888888887,0.4180277777777778,0.592111111111111,6.671333333333333,6.671333333333333,0.6101388888888889,0.0,0.5879444444444444,0.19944444444444445,0.2702222222222222,0.21052777777777776,0.592111111111111,0.5675,0.22952777777777778,0.6003611111111111,0.5675,0.3421666666666667,0.5120555555555556,0.5045277777777778,0.5055277777777778,0.5704722222222222,0.5481666666666667,0.34974999999999995,0.10605555555555556,0.40908333333333335,0.40908333333333335,0.40908333333333335,0.40908333333333335,0.40755555555555556,0.40755555555555556,0.5045277777777778,0.16822222222222222,0.09588888888888888,0.50125,0.497,0.49722222222222223,0.5081944444444444,0.592111111111111,0.14805555555555555,0.38222222222222224,0.4965277777777778,0.1631388888888889,1.8908055555555554,1.8908055555555554,0.5481666666666667,0.44583333333333336,1.4760555555555557,0.5435833333333333,0.20602777777777778,0.497,0.04702777777777778,3.009055555555556,3.009055555555556,3.009055555555556,0.5481666666666667,0.1555,0.04325,0.5481666666666667,0.34872222222222227,0.5245833333333333,0.15616666666666668,0.4116111111111111,0.503361111111111,0.497,0.4981666666666667
0.15730555555555553,0.48791666666666667,0.14975,0.07408333333333333,0.07408333333333333,0.07408333333333333,0.07408333333333333,0.21341666666666664,0.21341666666666664,0.21341666666666664,0.21341666666666664,0.37686111111111115,0.3759722222222222,0.29305555555555557,0.42883333333333334,0.30019444444444443,0.30019444444444443,0.43325,0.5254166666666666,0.22055555555555556,0.31675,0.38008333333333333,0.38008333333333333,0.4153888888888889,0.07408333333333333,0.14016666666666666,0.2816666666666667,0.23444444444444446,0.3021111111111111,0.1713333333333333,6.264416666666667,6.264416666666667,0.17952777777777776,0.5939166666666666,0.0,0.45702777777777776,0.43474999999999997,0.4705,0.1713333333333333,0.15,0.37686111111111115,0.31752777777777774,0.15,0.3070277777777778,0.1475,0.30030555555555555,0.2797777777777778,0.22494444444444442,0.07408333333333333,0.3109722222222222,0.5177777777777778,0.3129722222222222,0.3129722222222222,0.3129722222222222,0.3129722222222222,0.29305555555555557,0.29305555555555557,0.30030555555555555,0.5900277777777777,0.5530277777777778,0.21019444444444446,0.30019444444444443,0.20483333333333334,0.19744444444444442,0.1713333333333333,0.5098888888888888,0.3669722222222222,0.312,0.5794722222222222,1.4838888888888888,1.4838888888888888,0.07408333333333333,0.2460277777777778,1.3383333333333334,0.0643611111111111,0.49922222222222223,0.30019444444444443,0.5855833333333333,2.6021388888888892,2.6021388888888892,2.6021388888888892,0.07408333333333333,0.5669166666666667,0.5969722222222222,0.07408333333333333,0.38008333333333333,0.11425,0.4686666666666667,0.3155,0.3086666666666667,0.30019444444444443,0.27225
0.3789722222222222,0.21605555555555556,0.4386666666666667,0.4321388888888889,0.4321388888888889,0.4321388888888889,0.4321388888888889,0.39897222222222223,0.39897222222222223,0.39897222222222223,0.39897222222222223,0.115,0.10480555555555555,0.2915277777777778,0.1373611111111111,0.3809722222222222,0.3809722222222222,0.11336111111111112,0.17941666666666667,0.36480555555555555,0.38525000000000004,0.23269444444444445,0.23269444444444445,0.18313888888888888,0.4321388888888889,0.48525,0.2213611111111111,0.3098611111111111,0.302,0.47608333333333336,6.555305555555555,6.555305555555555,0.4941111111111111,0.19172222222222224,0.4719166666666667,0.0,0.15569444444444444,0.18441666666666667,0.47608333333333336,0.4514722222222222,0.115,0.4843333333333333,0.4514722222222222,0.2276388888888889,0.3960277777777778,0.38849999999999996,0.3895,0.45444444444444443,0.4321388888888889,0.23372222222222222,0.15758333333333333,0.29305555555555557,0.29305555555555557,0.29305555555555557,0.29305555555555557,0.2915277777777778,0.2915277777777778,0.38849999999999996,0.22983333333333333,0.16180555555555556,0.3852222222222222,0.3809722222222222,0.38119444444444445,0.39366666666666666,0.47608333333333336,0.14969444444444444,0.26619444444444446,0.3805,0.21927777777777777,1.7747777777777778,1.7747777777777778,0.4321388888888889,0.3298055555555555,1.3600277777777778,0.4275555555555556,0.15508333333333332,0.3809722222222222,0.1833888888888889,2.8930277777777778,2.8930277777777778,2.8930277777777778,0.4321388888888889,0.2213611111111111,0.19505555555555557,0.4321388888888889,0.23269444444444445,0.40855555555555556,0.06647222222222222,0.2955833333333333,0.38733333333333336,0.3809722222222222,0.3821388888888889
0.35516666666666663,0.2688055555555556,0.4148611111111111,0.4083333333333333,0.4083333333333333,0.4083333333333333,0.4083333333333333,0.37516666666666665,0.37516666666666665,0.37516666666666665,0.37516666666666665,0.16369444444444442,0.15686111111111112,0.24677777777777776,0.1063888888888889,0.32666666666666666,0.32666666666666666,0.1887777777777778,0.2628611111111111,0.33625,0.3309444444444445,0.11883333333333333,0.11883333333333333,0.0675,0.4083333333333333,0.46144444444444443,0.19755555555555557,0.28836111111111107,0.25725,0.4522777777777778,6.5315,6.5315,0.47030555555555553,0.27647222222222223,0.4481111111111111,0.15308333333333335,0.0,0.2513888888888889,0.4522777777777778,0.42766666666666664,0.16369444444444442,0.43002777777777773,0.42766666666666664,0.22683333333333333,0.37222222222222223,0.3341944444444444,0.33519444444444446,0.43063888888888885,0.4083333333333333,0.20991666666666667,0.24102777777777779,0.22216666666666665,0.22216666666666665,0.22216666666666665,0.22216666666666665,0.24677777777777776,0.24677777777777776,0.3341944444444444,0.31327777777777777,0.23791666666666667,0.36141666666666666,0.32666666666666666,0.35738888888888887,0.38172222222222224,0.4522777777777778,0.23313888888888887,0.15486111111111112,0.32619444444444445,0.3027222222222222,1.7509722222222222,1.7509722222222222,0.4083333333333333,0.2993333333333333,1.3057222222222222,0.40375,0.23852777777777778,0.32666666666666666,0.26813888888888887,2.8692222222222226,2.8692222222222226,2.8692222222222226,0.4083333333333333,0.30480555555555555,0.27980555555555553,0.4083333333333333,0.11883333333333333,0.38475,0.16130555555555556,0.22469444444444445,0.3330277777777778,0.32666666666666666,0.32783333333333337
0.4246388888888889,0.050583333333333334,0.46238888888888885,0.47780555555555554,0.47780555555555554,0.47780555555555554,0.47780555555555554,0.42691666666666667,0.42691666666666667,0.42691666666666667,0.42691666666666667,0.1274722222222222,0.11727777777777777,0.35200000000000004,0.19822222222222222,0.4414444444444445,0.4414444444444445,0.08936111111111111,0.07233333333333333,0.42527777777777775,0.4457222222222222,0.2931666666666667,0.2931666666666667,0.2565277777777778,0.47780555555555554,0.45219444444444445,0.2818333333333333,0.32233333333333336,0.36247222222222225,0.5217499999999999,6.611555555555555,6.611555555555555,0.5397777777777778,0.21591666666666665,0.5175833333333333,0.1928611111111111,0.20413888888888887,0.0,0.5217499999999999,0.4971388888888889,0.1274722222222222,0.5448055555555555,0.4971388888888889,0.2401111111111111,0.43716666666666665,0.4489722222222222,0.4499722222222223,0.5149166666666667,0.47780555555555554,0.2941944444444444,0.119,0.3535277777777778,0.3535277777777778,0.3535277777777778,0.3535277777777778,0.35200000000000004,0.35200000000000004,0.4489722222222222,0.19125,0.14816666666666667,0.4131666666666667,0.4414444444444445,0.44166666666666665,0.4061388888888889,0.5217499999999999,0.10422222222222222,0.32666666666666666,0.4409722222222222,0.18069444444444444,1.8310277777777777,1.8310277777777777,0.47780555555555554,0.3902777777777778,1.4205,0.4732222222222222,0.07050000000000001,0.4414444444444445,0.19905555555555557,2.9492777777777777,2.9492777777777777,2.9492777777777777,0.47780555555555554,0.13041666666666665,0.19819444444444445,0.47780555555555554,0.2931666666666667,0.45422222222222225,0.17219444444444443,0.35605555555555557,0.4478055555555555,0.4414444444444445,0.4426111111111111
0.17252777777777778,0.5031388888888889,0.16441666666666666,0.15202777777777776,0.15202777777777776,0.15202777777777776,0.15202777777777776,0.22544444444444445,0.22544444444444445,0.22544444444444445,0.22544444444444445,0.39208333333333334,0.39119444444444446,0.30827777777777776,0.44405555555555554,0.29016666666666663,0.29016666666666663,0.4484722222222222,0.5406388888888889,0.23516666666666666,0.29638888888888887,0.3953055555555555,0.3953055555555555,0.4306111111111111,0.15202777777777776,0.20872222222222223,0.29688888888888887,0.24966666666666665,0.31733333333333336,0.0,6.181666666666667,6.181666666666667,0.02822222222222222,0.6091388888888889,0.17919444444444446,0.47224999999999995,0.4499722222222223,0.4857222222222222,0.0,0.06755555555555555,0.39208333333333334,0.23477777777777778,0.06755555555555555,0.32225,0.1627222222222222,0.30119444444444443,0.2641111111111111,0.14219444444444443,0.15202777777777776,0.32619444444444445,0.533,0.32819444444444446,0.32819444444444446,0.32819444444444446,0.32819444444444446,0.30827777777777776,0.30827777777777776,0.30119444444444443,0.6052500000000001,0.56825,0.2222222222222222,0.29016666666666663,0.1748611111111111,0.21266666666666667,0.0,0.5251111111111111,0.38219444444444445,0.26216666666666666,0.5946944444444444,1.401138888888889,1.401138888888889,0.15202777777777776,0.26125,1.2905,0.14788888888888888,0.5144444444444445,0.29016666666666663,0.6008055555555556,2.519388888888889,2.519388888888889,2.519388888888889,0.15202777777777776,0.5821388888888889,0.6121944444444445,0.15202777777777776,0.3953055555555555,0.1262777777777778,0.48388888888888887,0.3307222222222222,0.29847222222222225,0.29016666666666663,0.26755555555555555
0.1433611111111111,0.47341666666666665,0.13130555555555556,0.12472222222222222,0.12472222222222222,0.12472222222222222,0.12472222222222222,0.19233333333333333,0.19233333333333333,0.19233333333333333,0.19233333333333333,0.36236111111111113,0.3614722222222222,0.27855555555555556,0.41433333333333333,0.2610277777777778,0.2610277777777778,0.41875,0.5109166666666667,0.20602777777777778,0.26725,0.3655833333333333,0.3655833333333333,0.4008888888888889,0.12472222222222222,0.1913611111111111,0.26716666666666666,0.21994444444444444,0.28761111111111115,0.06272222222222222,6.152527777777777,6.152527777777777,0.08075,0.5794166666666667,0.1645,0.44252777777777774,0.42025,0.45599999999999996,0.06272222222222222,0.0,0.36236111111111113,0.20563888888888887,0.0,0.2925277777777778,0.13355555555555557,0.27205555555555555,0.23497222222222222,0.11305555555555556,0.12472222222222222,0.2964722222222222,0.5032777777777777,0.29847222222222225,0.29847222222222225,0.29847222222222225,0.29847222222222225,0.27855555555555556,0.27855555555555556,0.27205555555555555,0.5755277777777777,0.5385277777777778,0.1891111111111111,0.2610277777777778,0.14572222222222223,0.1835,0.06272222222222222,0.49538888888888893,0.35247222222222224,0.23302777777777778,0.5649722222222222,1.3719999999999999,1.3719999999999999,0.12472222222222222,0.23152777777777778,1.261361111111111,0.12013888888888889,0.4847222222222222,0.2610277777777778,0.5710833333333334,2.49025,2.49025,2.49025,0.12472222222222222,0.5524166666666667,0.5824722222222223,0.12472222222222222,0.3655833333333333,0.09316666666666666,0.45416666666666666,0.301,0.2693333333333333,0.2610277777777778,0.23841666666666667
0.3478888888888889,0.1837222222222222,0.3898611111111111,0.40105555555555555,0.40105555555555555,0.40105555555555555,0.40105555555555555,0.3501666666666666,0.3501666666666666,0.3501666666666666,0.3501666666666666,0.0,0.04052777777777778,0.2891111111111111,0.12941666666666665,0.37855555555555553,0.37855555555555553,0.08613888888888889,0.1827777777777778,0.36238888888888887,0.38283333333333336,0.23027777777777778,0.23027777777777778,0.192,0.40105555555555555,0.42630555555555555,0.21894444444444447,0.24558333333333335,0.2995833333333333,0.445,6.534805555555556,6.534805555555556,0.4630277777777778,0.24294444444444446,0.44083333333333335,0.11902777777777777,0.13961111111111113,0.16030555555555556,0.445,0.4203888888888889,0.0,0.4819166666666667,0.4203888888888889,0.16336111111111112,0.36041666666666666,0.38608333333333333,0.38708333333333333,0.45202777777777775,0.40105555555555555,0.23130555555555557,0.16094444444444445,0.2906388888888889,0.2906388888888889,0.2906388888888889,0.2906388888888889,0.2891111111111111,0.2891111111111111,0.38608333333333333,0.23319444444444445,0.19619444444444442,0.33641666666666664,0.37855555555555553,0.37877777777777777,0.3293888888888889,0.445,0.15305555555555556,0.2637777777777778,0.3780833333333333,0.2226388888888889,1.7542777777777776,1.7542777777777776,0.40105555555555555,0.32738888888888884,1.357611111111111,0.3964722222222222,0.15844444444444444,0.37855555555555553,0.2346111111111111,2.872527777777778,2.872527777777778,2.872527777777778,0.40105555555555555,0.2247222222222222,0.2401388888888889,0.40105555555555555,0.23027777777777778,0.37747222222222226,0.11769444444444443,0.2931666666666667,0.3849166666666667,0.37855555555555553,0.37972222222222224
0.2456111111111111,0.5450833333333334,0.2987222222222222,0.2921388888888889,0.2921388888888889,0.2921388888888889,0.2921388888888889,0.35974999999999996,0.35974999999999996,0.35974999999999996,0.35974999999999996,0.4340277777777778,0.43313888888888885,0.21761111111111112,0.41741666666666666,0.11266666666666668,0.11266666666666668,0.47775,0.5447777777777778,0.17044444444444445,0.11888888888888889,0.3273055555555555,0.3273055555555555,0.36674999999999996,0.2921388888888889,0.35877777777777775,0.2687222222222222,0.3178888888888889,0.21202777777777776,0.2301388888888889,6.182666666666666,6.182666666666666,0.24816666666666665,0.5807222222222223,0.3319166666666667,0.4446388888888889,0.3924722222222222,0.5276666666666666,0.2301388888888889,0.18955555555555556,0.4340277777777778,0.0,0.18955555555555556,0.3596388888888889,0.26266666666666666,0.12569444444444444,0.14333333333333334,0.10369444444444445,0.2921388888888889,0.2623888888888889,0.5229444444444444,0.21991666666666668,0.21991666666666668,0.21991666666666668,0.21991666666666668,0.21761111111111112,0.21761111111111112,0.12569444444444444,0.5951944444444444,0.5508055555555555,0.3565277777777778,0.11266666666666668,0.17141666666666666,0.2826666666666667,0.2301388888888889,0.5150555555555556,0.2628888888888889,0.08466666666666667,0.5846388888888888,1.4021388888888888,1.4021388888888888,0.2921388888888889,0.2096111111111111,1.21125,0.28755555555555556,0.5204444444444444,0.11266666666666668,0.5723888888888888,2.520388888888889,2.520388888888889,2.520388888888889,0.2921388888888889,0.5867222222222221,0.5840555555555556,0.2921388888888889,0.3273055555555555,0.26058333333333333,0.4554722222222222,0.22244444444444444,0.12097222222222222,0.11266666666666668,0.14577777777777776
0.1433611111111111,0.47341666666666665,0.13130555555555556,0.12472222222222222,0.12472222222222222,0.12472222222222222,0.12472222222222222,0.19233333333333333,0.19233333333333333,0.19233333333333333,0.19233333333333333,0.36236111111111113,0.3614722222222222,0.27855555555555556,0.41433333333333333,0.2610277777777778,0.2610277777777778,0.41875,0.5109166666666667,0.20602777777777778,0.26725,0.3655833333333333,0.3655833333333333,0.4008888888888889,0.12472222222222222,0.1913611111111111,0.26716666666666666,0.21994444444444444,0.28761111111111115,0.06272222222222222,6.152527777777777,6.152527777777777,0.08075,0.5794166666666667,0.1645,0.44252777777777774,0.42025,0.45599999999999996,0.06272222222222222,0.0,0.36236111111111113,0.20563888888888887,0.0,0.2925277777777778,0.13355555555555557,0.27205555555555555,0.23497222222222222,0.11305555555555556,0.12472222222222222,0.2964722222222222,0.5032777777777777,0.29847222222222225,0.29847222222222225,0.29847222222222225,0.29847222222222225,0.27855555555555556,0.27855555555555556,0.27205555555555555,0.5755277777777777,0.5385277777777778,0.1891111111111111,0.2610277777777778,0.14572222222222223,0.1835,0.06272222222222222,0.49538888888888893,0.35247222222222224,0.23302777777777778,0.5649722222222222,1.3719999999999999,1.3719999999999999,0.12472222222222222,0.23152777777777778,1.261361111111111,0.12013888888888889,0.4847222222222222,0.2610277777777778,0.5710833333333334,2.49025,2.49025,2.49025,0.12472222222222222,0.5524166666666667,0.5824722222222223,0.12472222222222222,0.3655833333333333,0.09316666666666666,0.45416666666666666,0.301,0.2693333333333333,0.2610277777777778,0.23841666666666667
0.24347222222222223,0.22922222222222224,0.2748611111111111,0.2966388888888889,0.2966388888888889,0.2966388888888889,0.2966388888888889,0.23516666666666666,0.23516666666666666,0.23516666666666666,0.23516666666666666,0.1751388888888889,0.17425,0.20444444444444446,0.22711111111111112,0.3051388888888889,0.3051388888888889,0.202,0.26672222222222225,0.2908888888888889,0.3094166666666667,0.21758333333333332,0.21758333333333332,0.24938888888888888,0.2966388888888889,0.3055833333333333,0.13016666666666668,0.14116666666666666,0.21491666666666667,0.3405833333333333,6.430388888888889,6.430388888888889,0.3586111111111111,0.36538888888888893,0.33641666666666664,0.25530555555555556,0.23302777777777778,0.21180555555555555,0.3405833333333333,0.3159722222222222,0.1751388888888889,0.4085,0.3159722222222222,0.0,0.24541666666666667,0.31266666666666665,0.3136666666666667,0.36430555555555555,0.2966388888888889,0.1628888888888889,0.27225,0.20294444444444446,0.20294444444444446,0.20294444444444446,0.20294444444444446,0.20444444444444446,0.20444444444444446,0.31266666666666665,0.34450000000000003,0.3070833333333333,0.22141666666666668,0.3051388888888889,0.28825,0.2249722222222222,0.3405833333333333,0.2643611111111111,0.20225,0.30466666666666664,0.33394444444444443,1.649861111111111,1.649861111111111,0.2966388888888889,0.2539722222222222,1.2841944444444446,0.29205555555555557,0.24052777777777778,0.3051388888888889,0.35230555555555554,2.768111111111111,2.768111111111111,2.768111111111111,0.2966388888888889,0.3082222222222222,0.35144444444444445,0.2966388888888889,0.21758333333333332,0.27305555555555555,0.26694444444444443,0.20547222222222222,0.3115,0.3051388888888889,0.30630555555555555
0.04541666666666667,0.4013611111111111,0.10525,0.11697222222222223,0.11697222222222223,0.11697222222222223,0.11697222222222223,0.14755555555555558,0.14755555555555558,0.14755555555555558,0.14755555555555558,0.29030555555555554,0.2894166666666667,0.23752777777777778,0.3422777777777778,0.24466666666666664,0.24466666666666664,0.3466944444444444,0.43886111111111115,0.16502777777777777,0.2612222222222222,0.2953888888888889,0.2953888888888889,0.33069444444444446,0.11697222222222223,0.1836111111111111,0.18233333333333332,0.14788888888888888,0.24658333333333335,0.16091666666666665,6.250722222222222,6.250722222222222,0.17894444444444446,0.5073611111111112,0.15675,0.37047222222222226,0.3481944444444444,0.3839444444444445,0.16091666666666665,0.13630555555555554,0.29030555555555554,0.30383333333333334,0.13630555555555554,0.22047222222222224,0.0,0.2447777777777778,0.22424999999999998,0.21125,0.11697222222222223,0.2196388888888889,0.43122222222222223,0.24133333333333332,0.24133333333333332,0.24133333333333332,0.24133333333333332,0.23752777777777778,0.23752777777777778,0.2447777777777778,0.5034722222222222,0.46647222222222223,0.10247222222222221,0.24466666666666664,0.14930555555555555,0.06955555555555555,0.16091666666666665,0.42333333333333334,0.26763888888888887,0.2564722222222222,0.49291666666666667,1.4701944444444444,1.4701944444444444,0.11697222222222223,0.19049999999999997,1.2828055555555558,0.1123888888888889,0.4126666666666666,0.24466666666666664,0.4990277777777778,2.5884444444444443,2.5884444444444443,2.5884444444444443,0.11697222222222223,0.48036111111111107,0.5104166666666666,0.11697222222222223,0.2953888888888889,0.07880555555555556,0.38211111111111107,0.2438611111111111,0.25313888888888886,0.24466666666666664,0.21672222222222223
0.21569444444444444,0.45916666666666667,0.28341666666666665,0.2688611111111111,0.2688611111111111,0.2688611111111111,0.2688611111111111,0.3227222222222222,0.3227222222222222,0.3227222222222222,0.3227222222222222,0.34811111111111115,0.3472222222222222,0.13169444444444445,0.3315,0.015305555555555557,0.015305555555555557,0.3918333333333333,0.45886111111111116,0.14091666666666666,0.03730555555555556,0.24138888888888888,0.24138888888888888,0.2808333333333333,0.2688611111111111,0.33549999999999996,0.18280555555555555,0.23591666666666666,0.12611111111111112,0.26841666666666664,6.2508333333333335,6.2508333333333335,0.28644444444444445,0.49480555555555555,0.30863888888888885,0.3587222222222222,0.3065555555555555,0.44175,0.26841666666666664,0.22783333333333333,0.34811111111111115,0.14483333333333331,0.22783333333333333,0.2737222222222222,0.23274999999999998,0.0,0.07222222222222222,0.18597222222222223,0.2688611111111111,0.1764722222222222,0.4370277777777778,0.13399999999999998,0.13399999999999998,0.13399999999999998,0.13399999999999998,0.13169444444444445,0.13169444444444445,0.0,0.5092777777777778,0.46488888888888885,0.3089722222222222,0.015305555555555557,0.1831111111111111,0.25275,0.26841666666666664,0.4291388888888889,0.17697222222222223,0.059805555555555556,0.49872222222222223,1.4703055555555558,1.4703055555555558,0.2688611111111111,0.12094444444444444,1.1253333333333333,0.2642777777777778,0.4345277777777778,0.015305555555555557,0.4864722222222222,2.5885555555555553,2.5885555555555553,2.5885555555555553,0.2688611111111111,0.5008055555555556,0.49813888888888885,0.2688611111111111,0.24138888888888888,0.2452777777777778,0.3695555555555556,0.13652777777777778,0.00836111111111111,0.015305555555555557,0.07466666666666667
0.17480555555555555,0.4671666666666667,0.2425277777777778,0.22797222222222224,0.22797222222222224,0.22797222222222224,0.22797222222222224,0.3035555555555555,0.3035555555555555,0.3035555555555555,0.3035555555555555,0.3561111111111111,0.3552222222222222,0.13969444444444443,0.3395,0.05425000000000001,0.05425000000000001,0.3998333333333334,0.4668611111111111,0.08827777777777777,0.06974999999999999,0.24938888888888888,0.24938888888888888,0.28883333333333333,0.22797222222222224,0.2946111111111111,0.19080555555555556,0.24391666666666667,0.13411111111111113,0.2508611111111111,6.280277777777778,6.280277777777778,0.2688888888888889,0.5028055555555555,0.26775,0.3667222222222222,0.3145555555555556,0.44975,0.2508611111111111,0.21027777777777779,0.3561111111111111,0.1698888888888889,0.21027777777777779,0.2817222222222222,0.19186111111111112,0.05436111111111111,0.0,0.17716666666666667,0.22797222222222224,0.18447222222222223,0.44502777777777774,0.142,0.142,0.142,0.142,0.13969444444444443,0.13969444444444443,0.05436111111111111,0.5172777777777778,0.4728888888888889,0.2900277777777778,0.05425000000000001,0.1421111111111111,0.2118611111111111,0.2508611111111111,0.4371388888888889,0.1849722222222222,0.06605555555555556,0.5067222222222222,1.4997500000000001,1.4997500000000001,0.22797222222222224,0.08455555555555555,1.1333333333333333,0.22338888888888891,0.44252777777777774,0.05425000000000001,0.4944722222222222,2.618,2.618,2.618,0.22797222222222224,0.5088055555555556,0.5061388888888889,0.22797222222222224,0.24938888888888888,0.20438888888888887,0.3775555555555556,0.14452777777777776,0.06272222222222222,0.05425000000000001,0.008083333333333333
0.2086388888888889,0.5343888888888889,0.23105555555555554,0.22447222222222224,0.22447222222222224,0.22447222222222224,0.22447222222222224,0.2920833333333333,0.2920833333333333,0.2920833333333333,0.2920833333333333,0.42333333333333334,0.42244444444444446,0.2748333333333333,0.4443333333333333,0.1698888888888889,0.1698888888888889,0.4797222222222222,0.5716944444444444,0.15733333333333333,0.1761111111111111,0.3643888888888889,0.3643888888888889,0.39969444444444446,0.22447222222222224,0.2911111111111111,0.29880555555555555,0.28091666666666665,0.26925,0.1624722222222222,6.170333333333334,6.170333333333334,0.1805,0.6076388888888888,0.26425,0.4715555555555555,0.41938888888888887,0.5169722222222222,0.1624722222222222,0.1218888888888889,0.42333333333333334,0.11055555555555556,0.1218888888888889,0.3535,0.22569444444444445,0.18291666666666667,0.17858333333333332,0.0,0.22447222222222224,0.29527777777777775,0.5498611111111111,0.2771388888888889,0.2771388888888889,0.2771388888888889,0.2771388888888889,0.2748333333333333,0.2748333333333333,0.18291666666666667,0.6221111111111111,0.5777222222222222,0.2888611111111111,0.1698888888888889,0.12563888888888888,0.24569444444444444,0.1624722222222222,0.5419722222222222,0.3201111111111111,0.1418888888888889,0.6115555555555555,1.3898055555555555,1.3898055555555555,0.22447222222222224,0.21544444444444444,1.2684722222222222,0.21988888888888888,0.5456944444444445,0.1698888888888889,0.5993055555555555,2.5080555555555555,2.5080555555555555,2.5080555555555555,0.22447222222222224,0.6133888888888889,0.6109722222222222,0.22447222222222224,0.3643888888888889,0.19291666666666665,0.48238888888888887,0.2796666666666667,0.17819444444444443,0.1698888888888889,0.1810277777777778
0.11438888888888889,0.445,0.1051111111111111,0.0,0.0,0.0,0.0,0.1673611111111111,0.1673611111111111,0.1673611111111111,0.1673611111111111,0.33394444444444443,0.33305555555555555,0.2501388888888889,0.38591666666666663,0.25727777777777777,0.25727777777777777,0.39033333333333337,0.4825,0.1776388888888889,0.2738333333333333,0.33716666666666667,0.33716666666666667,0.37247222222222226,0.0,0.09552777777777777,0.23875,0.19152777777777777,0.25919444444444445,0.12841666666666668,6.221500000000001,6.221500000000001,0.13824999999999998,0.5509999999999999,0.07047222222222221,0.4141111111111111,0.3918333333333333,0.4275833333333333,0.12841666666666668,0.10708333333333334,0.33394444444444443,0.27461111111111114,0.10708333333333334,0.2641111111111111,0.10458333333333333,0.2573888888888889,0.23686111111111113,0.18202777777777776,0.0,0.26805555555555555,0.4748611111111111,0.27005555555555555,0.27005555555555555,0.27005555555555555,0.27005555555555555,0.2501388888888889,0.2501388888888889,0.2573888888888889,0.5471111111111111,0.5101111111111112,0.15952777777777777,0.25727777777777777,0.16191666666666665,0.15452777777777776,0.12841666666666668,0.4669722222222222,0.32405555555555554,0.26908333333333334,0.5365555555555556,1.4409722222222223,1.4409722222222223,0.0,0.20311111111111113,1.2954166666666667,0.004416666666666667,0.4563055555555556,0.25727777777777777,0.5426666666666666,2.5592222222222225,2.5592222222222225,2.5592222222222225,0.0,0.524,0.5540555555555555,0.0,0.33716666666666667,0.07133333333333333,0.42575,0.27258333333333334,0.26575,0.25727777777777777,0.22933333333333333
0.191,0.3555277777777778,0.25872222222222224,0.24416666666666667,0.24416666666666667,0.24416666666666667,0.24416666666666667,0.25466666666666665,0.25466666666666665,0.25466666666666665,0.25466666666666665,0.2504166666666667,0.24358333333333332,0.07172222222222221,0.21516666666666667,0.17733333333333332,0.17733333333333332,0.27549999999999997,0.34252777777777776,0.16119444444444442,0.1816111111111111,0.13522222222222222,0.13522222222222222,0.17052777777777778,0.24416666666666667,0.31080555555555556,0.09694444444444444,0.1678611111111111,0.08219444444444444,0.28811111111111115,6.367333333333334,6.367333333333334,0.30613888888888885,0.3784722222222222,0.28394444444444444,0.2423888888888889,0.1902222222222222,0.33811111111111114,0.28811111111111115,0.2635,0.2504166666666667,0.28069444444444447,0.2635,0.20558333333333334,0.20805555555555555,0.18486111111111111,0.18575000000000003,0.2664722222222222,0.24416666666666667,0.0,0.32069444444444445,0.07022222222222223,0.07022222222222223,0.07022222222222223,0.07022222222222223,0.07172222222222221,0.07172222222222221,0.18486111111111111,0.39294444444444443,0.34855555555555556,0.24091666666666667,0.17733333333333332,0.19322222222222224,0.22805555555555557,0.28811111111111115,0.3128055555555555,0.12319444444444444,0.17686111111111114,0.3823888888888889,1.5868055555555556,1.5868055555555556,0.24416666666666667,0.12427777777777776,1.156388888888889,0.23958333333333334,0.31819444444444445,0.17733333333333332,0.3701388888888889,2.7050555555555555,2.7050555555555555,2.7050555555555555,0.24416666666666667,0.3844722222222222,0.38180555555555556,0.24416666666666667,0.13522222222222222,0.22058333333333335,0.25322222222222224,0.07275,0.18369444444444444,0.17733333333333332,0.17822222222222223
0.49369444444444444,0.14855555555555555,0.5533888888888889,0.5468611111111111,0.5468611111111111,0.5468611111111111,0.5468611111111111,0.5136944444444445,0.5136944444444445,0.5136944444444445,0.5136944444444445,0.22822222222222222,0.21802777777777776,0.40625,0.25872222222222224,0.49569444444444444,0.49569444444444444,0.19311111111111112,0.10961111111111112,0.4795277777777778,0.49997222222222226,0.3474166666666667,0.3474166666666667,0.30583333333333335,0.5468611111111111,0.5810555555555557,0.33608333333333335,0.4230833333333333,0.4167222222222222,0.5908055555555556,6.6700277777777774,6.6700277777777774,0.6088333333333333,0.1451388888888889,0.5866388888888889,0.19813888888888886,0.2689166666666667,0.14058333333333334,0.5908055555555556,0.5661944444444444,0.22822222222222222,0.5990555555555556,0.5661944444444444,0.34086111111111106,0.51075,0.5032222222222222,0.5042222222222222,0.5691666666666667,0.5468611111111111,0.34844444444444445,0.0,0.4077777777777778,0.4077777777777778,0.4077777777777778,0.4077777777777778,0.40625,0.40625,0.5032222222222222,0.12716666666666668,0.09458333333333334,0.4999444444444444,0.49569444444444444,0.4959166666666667,0.5068888888888888,0.5908055555555556,0.06705555555555556,0.3809166666666667,0.49522222222222223,0.11661111111111111,1.8895,1.8895,0.5468611111111111,0.44452777777777774,1.47475,0.5422777777777777,0.13702777777777778,0.49569444444444444,0.13091666666666668,3.0077499999999997,3.0077499999999997,3.0077499999999997,0.5468611111111111,0.11869444444444445,0.12741666666666665,0.5468611111111111,0.3474166666666667,0.5232777777777777,0.15486111111111112,0.41030555555555553,0.5020555555555556,0.49569444444444444,0.49686111111111114
0.17455555555555555,0.39891666666666664,0.2422777777777778,0.22772222222222221,0.22772222222222221,0.22772222222222221,0.22772222222222221,0.2624722222222222,0.2624722222222222,0.2624722222222222,0.2624722222222222,0.2878611111111111,0.2869722222222222,0.0535,0.269,0.12680555555555556,0.12680555555555556,0.3293333333333333,0.39636111111111116,0.15538888888888888,0.13108333333333333,0.18905555555555556,0.18905555555555556,0.22436111111111112,0.22772222222222221,0.29436111111111113,0.12255555555555556,0.17566666666666667,0.04436111111111111,0.27166666666666667,6.34413888888889,6.34413888888889,0.2896944444444445,0.43230555555555555,0.2675,0.2962222222222222,0.24405555555555555,0.3815,0.27166666666666667,0.24705555555555556,0.2878611111111111,0.23016666666666669,0.24705555555555556,0.21347222222222223,0.1916111111111111,0.13433333333333333,0.13533333333333333,0.2500277777777778,0.22772222222222221,0.10622222222222222,0.3745277777777778,0.0,0.0,0.0,0.0,0.0535,0.0535,0.13433333333333333,0.44677777777777783,0.40238888888888885,0.2487222222222222,0.12680555555555556,0.17677777777777778,0.2116111111111111,0.27166666666666667,0.3666388888888889,0.12544444444444444,0.12633333333333333,0.43622222222222223,1.563611111111111,1.563611111111111,0.22772222222222221,0.11847222222222223,1.1058611111111112,0.2231388888888889,0.3720277777777778,0.12680555555555556,0.4239722222222222,2.6818611111111115,2.6818611111111115,2.6818611111111115,0.22772222222222221,0.43830555555555556,0.43563888888888885,0.22772222222222221,0.18905555555555556,0.20413888888888887,0.3070555555555556,0.0025277777777777777,0.13316666666666666,0.12680555555555556,0.1279722222222222
0.17455555555555555,0.39891666666666664,0.2422777777777778,0.22772222222222221,0.22772222222222221,0.22772222222222221,0.22772222222222221,0.2624722222222222,0.2624722222222222,0.2624722222222222,0.2624722222222222,0.2878611111111111,0.2869722222222222,0.0535,0.269,0.12680555555555556,0.12680555555555556,0.3293333333333333,0.39636111111111116,0.15538888888888888,0.13108333333333333,0.18905555555555556,0.18905555555555556,0.22436111111111112,0.22772222222222221,0.29436111111111113,0.12255555555555556,0.17566666666666667,0.04436111111111111,0.27166666666666667,6.34413888888889,6.34413888888889,0.2896944444444445,0.43230555555555555,0.2675,0.2962222222222222,0.24405555555555555,0.3815,0.27166666666666667,0.24705555555555556,0.2878611111111111,0.23016666666666669,0.24705555555555556,0.21347222222222223,0.1916111111111111,0.13433333333333333,0.13533333333333333,0.2500277777777778,0.22772222222222221,0.10622222222222222,0.3745277777777778,0.0,0.0,0.0,0.0,0.0535,0.0535,0.13433333333333333,0.44677777777777783,0.40238888888888885,0.2487222222222222,0.12680555555555556,0.17677777777777778,0.2116111111111111,0.27166666666666667,0.3666388888888889,0.12544444444444444,0.12633333333333333,0.43622222222222223,1.563611111111111,1.563611111111111,0.22772222222222221,0.11847222222222223,1.1058611111111112,0.2231388888888889,0.3720277777777778,0.12680555555555556,0.4239722222222222,2.6818611111111115,2.6818611111111115,2.6818611111111115,0.22772222222222221,0.43830555555555556,0.43563888888888885,0.22772222222222221,0.18905555555555556,0.20413888888888887,0.3070555555555556,0.0025277777777777777,0.13316666666666666,0.12680555555555556,0.1279722222222222
0.17455555555555555,0.39891666666666664,0.2422777777777778,0.22772222222222221,0.22772222222222221,0.22772222222222221,0.22772222222222221,0.2624722222222222,0.2624722222222222,0.2624722222222222,0.2624722222222222,0.2878611111111111,0.2869722222222222,0.0535,0.269,0.12680555555555556,0.12680555555555556,0.3293333333333333,0.39636111111111116,0.15538888888888888,0.13108333333333333,0.18905555555555556,0.18905555555555556,0.22436111111111112,0.22772222222222221,0.29436111111111113,0.12255555555555556,0.17566666666666667,0.04436111111111111,0.27166666666666667,6.34413888888889,6.34413888888889,0.2896944444444445,0.43230555555555555,0.2675,0.2962222222222222,0.24405555555555555,0.3815,0.27166666666666667,0.24705555555555556,0.2878611111111111,0.23016666666666669,0.24705555555555556,0.21347222222222223,0.1916111111111111,0.13433333333333333,0.13533333333333333,0.2500277777777778,0.22772222222222221,0.10622222222222222,0.3745277777777778,0.0,0.0,0.0,0.0,0.0535,0.0535,0.13433333333333333,0.44677777777777783,0.40238888888888885,0.2487222222222222,0.12680555555555556,0.17677777777777778,0.2116111111111111,0.27166666666666667,0.3666388888888889,0.12544444444444444,0.12633333333333333,0.43622222222222223,1.563611111111111,1.563611111111111,0.22772222222222221,0.11847222222222223,1.1058611111111112,0.2231388888888889,0.3720277777777778,0.12680555555555556,0.4239722222222222,2.6818611111111115,2.6818611111111115,2.6818611111111115,0.22772222222222221,0.43830555555555556,0.43563888888888885,0.22772222222222221,0.18905555555555556,0.20413888888888887,0.3070555555555556,0.0025277777777777777,0.13316666666666666,0.12680555555555556,0.1279722222222222
0.17455555555555555,0.39891666666666664,0.2422777777777778,0.22772222222222221,0.22772222222222221,0.22772222222222221,0.22772222222222221,0.2624722222222222,0.2624722222222222,0.2624722222222222,0.2624722222222222,0.2878611111111111,0.2869722222222222,0.0535,0.269,0.12680555555555556,0.12680555555555556,0.3293333333333333,0.39636111111111116,0.15538888888888888,0.13108333333333333,0.18905555555555556,0.18905555555555556,0.22436111111111112,0.22772222222222221,0.29436111111111113,0.12255555555555556,0.17566666666666667,0.04436111111111111,0.27166666666666667,6.34413888888889,6.34413888888889,0.2896944444444445,0.43230555555555555,0.2675,0.2962222222222222,0.24405555555555555,0.3815,0.27166666666666667,0.24705555555555556,0.2878611111111111,0.23016666666666669,0.24705555555555556,0.21347222222222223,0.1916111111111111,0.13433333333333333,0.13533333333333333,0.2500277777777778,0.22772222222222221,0.10622222222222222,0.3745277777777778,0.0,0.0,0.0,0.0,0.0535,0.0535,0.13433333333333333,0.44677777777777783,0.40238888888888885,0.2487222222222222,0.12680555555555556,0.17677777777777778,0.2116111111111111,0.27166666666666667,0.3666388888888889,0.12544444444444444,0.12633333333333333,0.43622222222222223,1.563611111111111,1.563611111111111,0.22772222222222221,0.11847222222222223,1.1058611111111112,0.2231388888888889,0.3720277777777778,0.12680555555555556,0.4239722222222222,2.6818611111111115,2.6818611111111115,2.6818611111111115,0.22772222222222221,0.43830555555555556,0.43563888888888885,0.22772222222222221,0.18905555555555556,0.20413888888888887,0.3070555555555556,0.0025277777777777777,0.13316666666666666,0.12680555555555556,0.1279722222222222
0.181,0.40002777777777776,0.2487222222222222,0.23416666666666666,0.23416666666666666,0.23416666666666666,0.23416666666666666,0.2689166666666667,0.2689166666666667,0.2689166666666667,0.2689166666666667,0.29430555555555554,0.2880833333333333,0.0,0.25966666666666666,0.13325,0.13325,0.32,0.38702777777777775,0.16183333333333333,0.13752777777777778,0.17972222222222223,0.17972222222222223,0.2150277777777778,0.23416666666666666,0.3008055555555556,0.12613888888888888,0.1821111111111111,0.010472222222222223,0.27811111111111114,6.350583333333333,6.350583333333333,0.29613888888888884,0.42297222222222225,0.27394444444444443,0.28688888888888886,0.23472222222222222,0.3826111111111111,0.27811111111111114,0.2535,0.29430555555555554,0.2366111111111111,0.2535,0.21991666666666668,0.19805555555555557,0.14077777777777778,0.14177777777777778,0.2564722222222222,0.23416666666666666,0.09530555555555556,0.36519444444444443,0.025805555555555557,0.025805555555555557,0.025805555555555557,0.025805555555555557,0.0,0.0,0.14077777777777778,0.4374444444444444,0.39305555555555555,0.25516666666666665,0.13325,0.18322222222222223,0.21805555555555556,0.27811111111111114,0.35730555555555554,0.1299722222222222,0.13277777777777777,0.4268888888888889,1.5700555555555555,1.5700555555555555,0.23416666666666666,0.12491666666666666,1.1123055555555557,0.22958333333333333,0.36269444444444443,0.13325,0.4146388888888889,2.6883055555555555,2.6883055555555555,2.6883055555555555,0.23416666666666666,0.4289722222222222,0.42630555555555555,0.23416666666666666,0.17972222222222223,0.21058333333333334,0.2977222222222222,0.028333333333333332,0.13961111111111113,0.13325,0.13441666666666666
0.181,0.40002777777777776,0.2487222222222222,0.23416666666666666,0.23416666666666666,0.23416666666666666,0.23416666666666666,0.2689166666666667,0.2689166666666667,0.2689166666666667,0.2689166666666667,0.29430555555555554,0.2880833333333333,0.0,0.25966666666666666,0.13325,0.13325,0.32,0.38702777777777775,0.16183333333333333,0.13752777777777778,0.17972222222222223,0.17972222222222223,0.2150277777777778,0.23416666666666666,0.3008055555555556,0.12613888888888888,0.1821111111111111,0.010472222222222223,0.27811111111111114,6.350583333333333,6.350583333333333,0.29613888888888884,0.42297222222222225,0.27394444444444443,0.28688888888888886,0.23472222222222222,0.3826111111111111,0.27811111111111114,0.2535,0.29430555555555554,0.2366111111111111,0.2535,0.21991666666666668,0.19805555555555557,0.14077777777777778,0.14177777777777778,0.2564722222222222,0.23416666666666666,0.09530555555555556,0.36519444444444443,0.025805555555555557,0.025805555555555557,0.025805555555555557,0.025805555555555557,0.0,0.0,0.14077777777777778,0.4374444444444444,0.39305555555555555,0.25516666666666665,0.13325,0.18322222222222223,0.21805555555555556,0.27811111111111114,0.35730555555555554,0.1299722222222222,0.13277777777777777,0.4268888888888889,1.5700555555555555,1.5700555555555555,0.23416666666666666,0.12491666666666666,1.1123055555555557,0.22958333333333333,0.36269444444444443,0.13325,0.4146388888888889,2.6883055555555555,2.6883055555555555,2.6883055555555555,0.23416666666666666,0.4289722222222222,0.42630555555555555,0.23416666666666666,0.17972222222222223,0.21058333333333334,0.2977222222222222,0.028333333333333332,0.13961111111111113,0.13325,0.13441666666666666
0.21569444444444444,0.45916666666666667,0.28341666666666665,0.2688611111111111,0.2688611111111111,0.2688611111111111,0.2688611111111111,0.3227222222222222,0.3227222222222222,0.3227222222222222,0.3227222222222222,0.34811111111111115,0.3472222222222222,0.13169444444444445,0.3315,0.015305555555555557,0.015305555555555557,0.3918333333333333,0.45886111111111116,0.14091666666666666,0.03730555555555556,0.24138888888888888,0.24138888888888888,0.2808333333333333,0.2688611111111111,0.33549999999999996,0.18280555555555555,0.23591666666666666,0.12611111111111112,0.26841666666666664,6.2508333333333335,6.2508333333333335,0.28644444444444445,0.49480555555555555,0.30863888888888885,0.3587222222222222,0.3065555555555555,0.44175,0.26841666666666664,0.22783333333333333,0.34811111111111115,0.14483333333333331,0.22783333333333333,0.2737222222222222,0.23274999999999998,0.0,0.07222222222222222,0.18597222222222223,0.2688611111111111,0.1764722222222222,0.4370277777777778,0.13399999999999998,0.13399999999999998,0.13399999999999998,0.13399999999999998,0.13169444444444445,0.13169444444444445,0.0,0.5092777777777778,0.46488888888888885,0.3089722222222222,0.015305555555555557,0.1831111111111111,0.25275,0.26841666666666664,0.4291388888888889,0.17697222222222223,0.059805555555555556,0.49872222222222223,1.4703055555555558,1.4703055555555558,0.2688611111111111,0.12094444444444444,1.1253333333333333,0.2642777777777778,0.4345277777777778,0.015305555555555557,0.4864722222222222,2.5885555555555553,2.5885555555555553,2.5885555555555553,0.2688611111111111,0.5008055555555556,0.49813888888888885,0.2688611111111111,0.24138888888888888,0.2452777777777778,0.3695555555555556,0.13652777777777778,0.00836111111111111,0.015305555555555557,0.07466666666666667
0.5688055555555556,0.17725000000000002,0.5924166666666666,0.6219722222222221,0.6219722222222221,0.6219722222222221,0.6219722222222221,0.5725,0.5725,0.5725,0.5725,0.27305555555555555,0.2628611111111111,0.48136111111111113,0.29525,0.5708055555555556,0.5708055555555556,0.22436111111111112,0.13830555555555554,0.5546388888888889,0.5750833333333334,0.4091666666666667,0.4091666666666667,0.35783333333333334,0.6219722222222221,0.5822222222222222,0.4111944444444444,0.46791666666666665,0.4918333333333333,0.6659166666666667,6.745138888888889,6.745138888888889,0.6839444444444444,0.1810277777777778,0.6617500000000001,0.2916111111111111,0.3054444444444444,0.16927777777777778,0.6659166666666667,0.6413055555555555,0.27305555555555555,0.6741666666666667,0.6413055555555555,0.38569444444444445,0.58275,0.5783333333333334,0.5793333333333333,0.6442777777777778,0.6219722222222221,0.4235555555555555,0.1313888888888889,0.4828888888888889,0.4828888888888889,0.4828888888888889,0.4828888888888889,0.48136111111111113,0.48136111111111113,0.5783333333333334,0.0,0.19649999999999998,0.55875,0.5708055555555556,0.5710277777777777,0.5517222222222222,0.6659166666666667,0.1802222222222222,0.44519444444444445,0.5703333333333332,0.11125,1.9646111111111113,1.9646111111111113,0.6219722222222221,0.5196388888888889,1.5498611111111111,0.6173888888888889,0.16972222222222222,0.5708055555555556,0.19725,3.082861111111111,3.082861111111111,3.082861111111111,0.6219722222222221,0.10222222222222223,0.19141666666666668,0.6219722222222221,0.4091666666666667,0.5983888888888889,0.25677777777777777,0.48541666666666666,0.5771666666666667,0.5708055555555556,0.5719722222222222
0.42230555555555555,0.19994444444444442,0.48200000000000004,0.47547222222222224,0.47547222222222224,0.47547222222222224,0.47547222222222224,0.44230555555555556,0.44230555555555556,0.44230555555555556,0.44230555555555556,0.15683333333333335,0.14663888888888887,0.3348611111111111,0.18733333333333332,0.42430555555555555,0.42430555555555555,0.14855555555555555,0.15802777777777777,0.4081388888888889,0.42858333333333337,0.2760277777777778,0.2760277777777778,0.23444444444444446,0.47547222222222224,0.5285833333333334,0.26469444444444445,0.3516944444444444,0.3453333333333333,0.5194166666666666,6.598638888888888,6.598638888888888,0.5374444444444444,0.13041666666666665,0.51525,0.12675,0.19752777777777777,0.16302777777777777,0.5194166666666666,0.49480555555555555,0.15683333333333335,0.5276666666666666,0.49480555555555555,0.2694722222222222,0.43936111111111115,0.4318333333333333,0.43283333333333335,0.49777777777777776,0.47547222222222224,0.27705555555555555,0.1428611111111111,0.3363888888888889,0.3363888888888889,0.3363888888888889,0.3363888888888889,0.3348611111111111,0.3348611111111111,0.4318333333333333,0.21511111111111111,0.0,0.4285555555555555,0.42430555555555555,0.4245277777777778,0.4355,0.5194166666666666,0.09822222222222222,0.3095277777777778,0.42383333333333334,0.20455555555555555,1.818111111111111,1.818111111111111,0.47547222222222224,0.37313888888888885,1.4033611111111113,0.4708888888888889,0.13333333333333333,0.42430555555555555,0.12208333333333334,2.936361111111111,2.936361111111111,2.936361111111111,0.47547222222222224,0.20663888888888887,0.11486111111111111,0.47547222222222224,0.2760277777777778,0.4518888888888889,0.08347222222222223,0.33891666666666664,0.4306666666666667,0.42430555555555555,0.42547222222222225
0.1471388888888889,0.3577222222222222,0.12069444444444444,0.18091666666666664,0.18091666666666664,0.18091666666666664,0.18091666666666664,0.08947222222222223,0.08947222222222223,0.08947222222222223,0.08947222222222223,0.24666666666666667,0.24577777777777776,0.19919444444444445,0.29863888888888884,0.27072222222222225,0.27072222222222225,0.3030555555555556,0.3952222222222222,0.24347222222222223,0.275,0.25175,0.25175,0.28705555555555556,0.18091666666666664,0.2013611111111111,0.13869444444444445,0.10425000000000001,0.20966666666666667,0.23044444444444445,6.320250000000001,6.320250000000001,0.24847222222222223,0.46372222222222226,0.23424999999999999,0.3268333333333333,0.3045555555555556,0.34030555555555553,0.23044444444444445,0.20583333333333334,0.24666666666666667,0.3733611111111111,0.20583333333333334,0.17683333333333334,0.13391666666666668,0.27825,0.27925,0.2807777777777778,0.18091666666666664,0.17600000000000002,0.38758333333333334,0.19769444444444445,0.19769444444444445,0.19769444444444445,0.19769444444444445,0.19919444444444445,0.19919444444444445,0.27825,0.45983333333333337,0.42283333333333334,0.0,0.27072222222222225,0.22774999999999998,0.1308888888888889,0.23044444444444445,0.37969444444444445,0.224,0.27025,0.4492777777777778,1.5397222222222222,1.5397222222222222,0.18091666666666664,0.21955555555555556,1.2497777777777777,0.18533333333333335,0.3690277777777778,0.27072222222222225,0.4553888888888889,2.6579722222222224,2.6579722222222224,2.6579722222222224,0.18091666666666664,0.43672222222222223,0.4667777777777778,0.18091666666666664,0.25175,0.14538888888888887,0.33847222222222223,0.20022222222222222,0.27708333333333335,0.27072222222222225,0.2718888888888889
0.2152222222222222,0.4608888888888889,0.28294444444444444,0.2683888888888889,0.2683888888888889,0.2683888888888889,0.2683888888888889,0.3244444444444444,0.3244444444444444,0.3244444444444444,0.3244444444444444,0.3498333333333334,0.34894444444444445,0.13341666666666668,0.3332222222222222,0.0,0.0,0.39355555555555555,0.4605833333333333,0.1348888888888889,0.03086111111111111,0.2431111111111111,0.2431111111111111,0.28255555555555556,0.2683888888888889,0.33502777777777776,0.18452777777777776,0.2376388888888889,0.12783333333333333,0.2669722222222222,6.25038888888889,6.25038888888889,0.285,0.4965277777777778,0.3081666666666667,0.3604444444444444,0.30827777777777776,0.4434722222222222,0.2669722222222222,0.2263888888888889,0.3498333333333334,0.14438888888888887,0.2263888888888889,0.27544444444444444,0.23227777777777778,0.019305555555555555,0.06619444444444444,0.18452777777777776,0.2683888888888889,0.17819444444444443,0.43875,0.13572222222222222,0.13572222222222222,0.13572222222222222,0.13572222222222222,0.13341666666666668,0.13341666666666668,0.019305555555555555,0.511,0.4666111111111111,0.31069444444444444,0.0,0.17708333333333334,0.25227777777777777,0.2669722222222222,0.4308611111111111,0.17869444444444443,0.05836111111111111,0.5004444444444445,1.469861111111111,1.469861111111111,0.2683888888888889,0.12047222222222222,1.1270555555555555,0.26380555555555557,0.43625,0.0,0.48819444444444443,2.5881111111111115,2.5881111111111115,2.5881111111111115,0.2683888888888889,0.5025277777777778,0.4998611111111111,0.2683888888888889,0.2431111111111111,0.24480555555555555,0.37127777777777776,0.13824999999999998,0.009972222222222223,0.0,0.06863888888888889
0.12861111111111112,0.4543611111111111,0.19633333333333333,0.18177777777777776,0.18177777777777776,0.18177777777777776,0.18177777777777776,0.2573611111111111,0.2573611111111111,0.2573611111111111,0.2573611111111111,0.3433055555555556,0.3424166666666667,0.21030555555555555,0.37727777777777777,0.16777777777777778,0.16777777777777778,0.39969444444444446,0.49186111111111114,0.09027777777777778,0.17205555555555554,0.29733333333333334,0.29733333333333334,0.3326388888888889,0.18177777777777776,0.24841666666666665,0.23174999999999998,0.2008888888888889,0.21936111111111112,0.1475,6.176916666666667,6.176916666666667,0.16552777777777777,0.5405833333333333,0.22155555555555556,0.4045,0.35233333333333333,0.43694444444444447,0.1475,0.10691666666666666,0.3433055555555556,0.1686388888888889,0.10691666666666666,0.2734722222222222,0.14566666666666667,0.17441666666666666,0.135,0.07605555555555556,0.18177777777777776,0.22822222222222222,0.48280555555555554,0.23022222222222222,0.23022222222222222,0.23022222222222222,0.23022222222222222,0.21030555555555555,0.21030555555555555,0.17441666666666666,0.5550555555555555,0.5106666666666667,0.24383333333333332,0.16777777777777778,0.0,0.16566666666666666,0.1475,0.47491666666666665,0.28700000000000003,0.15066666666666667,0.5445,1.396388888888889,1.396388888888889,0.18177777777777776,0.1483888888888889,1.2533888888888889,0.17719444444444443,0.4656666666666667,0.16777777777777778,0.53225,2.5146388888888893,2.5146388888888893,2.5146388888888893,0.18177777777777776,0.5333611111111111,0.5439166666666666,0.18177777777777776,0.29733333333333334,0.15819444444444444,0.41533333333333333,0.23274999999999998,0.17413888888888887,0.16777777777777778,0.14077777777777778
0.07855555555555556,0.3760833333333334,0.1338611111111111,0.13180555555555556,0.13180555555555556,0.13180555555555556,0.13180555555555556,0.1600277777777778,0.1600277777777778,0.1600277777777778,0.1600277777777778,0.2650277777777778,0.26413888888888887,0.21163888888888888,0.317,0.2187777777777778,0.2187777777777778,0.32141666666666663,0.41358333333333336,0.1391388888888889,0.23533333333333334,0.27799999999999997,0.27799999999999997,0.31330555555555556,0.13180555555555556,0.19844444444444445,0.16494444444444442,0.1226111111111111,0.22069444444444444,0.17575000000000002,6.265555555555555,6.265555555555555,0.19377777777777777,0.4820833333333333,0.17158333333333334,0.34519444444444447,0.3229166666666667,0.3586666666666667,0.17575000000000002,0.1511388888888889,0.2650277777777778,0.29205555555555557,0.1511388888888889,0.19519444444444445,0.07655555555555556,0.21888888888888888,0.19836111111111113,0.19947222222222222,0.13180555555555556,0.20225,0.4059444444444445,0.22394444444444445,0.22394444444444445,0.22394444444444445,0.22394444444444445,0.21163888888888888,0.21163888888888888,0.21888888888888888,0.4781944444444444,0.44119444444444444,0.12319444444444444,0.2187777777777778,0.12341666666666667,0.0,0.17575000000000002,0.39805555555555555,0.25025,0.23058333333333333,0.4676388888888889,1.4850277777777778,1.4850277777777778,0.13180555555555556,0.16461111111111112,1.2569166666666665,0.1272222222222222,0.38738888888888884,0.2187777777777778,0.47375,2.6032777777777776,2.6032777777777776,2.6032777777777776,0.13180555555555556,0.45508333333333334,0.4851388888888889,0.13180555555555556,0.27799999999999997,0.10822222222222223,0.35683333333333334,0.2264722222222222,0.22725,0.2187777777777778,0.19083333333333333
0.17252777777777778,0.5031388888888889,0.16441666666666666,0.15202777777777776,0.15202777777777776,0.15202777777777776,0.15202777777777776,0.22544444444444445,0.22544444444444445,0.22544444444444445,0.22544444444444445,0.39208333333333334,0.39119444444444446,0.30827777777777776,0.44405555555555554,0.29016666666666663,0.29016666666666663,0.4484722222222222,0.5406388888888889,0.23516666666666666,0.29638888888888887,0.3953055555555555,0.3953055555555555,0.4306111111111111,0.15202777777777776,0.20872222222222223,0.29688888888888887,0.24966666666666665,0.31733333333333336,0.0,6.181666666666667,6.181666666666667,0.02822222222222222,0.6091388888888889,0.17919444444444446,0.47224999999999995,0.4499722222222223,0.4857222222222222,0.0,0.06755555555555555,0.39208333333333334,0.23477777777777778,0.06755555555555555,0.32225,0.1627222222222222,0.30119444444444443,0.2641111111111111,0.14219444444444443,0.15202777777777776,0.32619444444444445,0.533,0.32819444444444446,0.32819444444444446,0.32819444444444446,0.32819444444444446,0.30827777777777776,0.30827777777777776,0.30119444444444443,0.6052500000000001,0.56825,0.2222222222222222,0.29016666666666663,0.1748611111111111,0.21266666666666667,0.0,0.5251111111111111,0.38219444444444445,0.26216666666666666,0.5946944444444444,1.401138888888889,1.401138888888889,0.15202777777777776,0.26125,1.2905,0.14788888888888888,0.5144444444444445,0.29016666666666663,0.6008055555555556,2.519388888888889,2.519388888888889,2.519388888888889,0.15202777777777776,0.5821388888888889,0.6121944444444445,0.15202777777777776,0.3953055555555555,0.1262777777777778,0.48388888888888887,0.3307222222222222,0.29847222222222225,0.29016666666666663,0.26755555555555555
0.48533333333333334,0.13558333333333333,0.5339722222222222,0.5385,0.5385,0.5385,0.5385,0.4942777777777778,0.4942777777777778,0.4942777777777778,0.4942777777777778,0.19483333333333333,0.1846388888888889,0.3978888888888889,0.21177777777777776,0.48733333333333334,0.48733333333333334,0.1408888888888889,0.09366666666666666,0.4711666666666667,0.4916111111111111,0.32569444444444445,0.32569444444444445,0.2743611111111111,0.5385,0.5353055555555555,0.3277222222222222,0.38969444444444445,0.40836111111111106,0.5824444444444445,6.661666666666667,6.661666666666667,0.6004722222222222,0.16819444444444445,0.5782777777777778,0.20344444444444443,0.22197222222222224,0.09866666666666667,0.5824444444444445,0.5578333333333333,0.19483333333333333,0.5906944444444444,0.5578333333333333,0.30747222222222226,0.5023888888888889,0.4948611111111111,0.4958611111111111,0.5608055555555556,0.5385,0.3400833333333333,0.0785,0.3994166666666667,0.3994166666666667,0.3994166666666667,0.3994166666666667,0.3978888888888889,0.3978888888888889,0.4948611111111111,0.15075000000000002,0.07669444444444445,0.4805277777777778,0.48733333333333334,0.4875555555555556,0.4735,0.5824444444444445,0.0,0.3617222222222222,0.48686111111111113,0.14019444444444445,1.881138888888889,1.881138888888889,0.5385,0.4361666666666667,1.466388888888889,0.5339166666666666,0.08480555555555556,0.48733333333333334,0.15855555555555553,2.999388888888889,2.999388888888889,2.999388888888889,0.5385,0.14227777777777778,0.15569444444444444,0.5385,0.32569444444444445,0.5149166666666667,0.16016666666666668,0.40194444444444444,0.49369444444444444,0.48733333333333334,0.4885
0.2877777777777778,0.3968055555555556,0.3486388888888889,0.3409444444444445,0.3409444444444445,0.3409444444444445,0.3409444444444445,0.30894444444444447,0.30894444444444447,0.30894444444444447,0.30894444444444447,0.2916944444444444,0.2848611111111111,0.1685,0.22897222222222222,0.24811111111111112,0.24811111111111112,0.3167777777777778,0.3892777777777778,0.2579722222222222,0.2523888888888889,0.11683333333333334,0.11683333333333334,0.12713888888888888,0.3409444444444445,0.3952222222222222,0.13180555555555556,0.2221388888888889,0.1789722222222222,0.38488888888888884,6.458472222222222,6.458472222222222,0.40291666666666665,0.388,0.3807222222222222,0.26461111111111113,0.17408333333333334,0.3793888888888889,0.38488888888888884,0.36027777777777775,0.2916944444444444,0.3514722222222222,0.36027777777777775,0.22525,0.30483333333333335,0.25563888888888886,0.25663888888888886,0.36325,0.3409444444444445,0.1491111111111111,0.3674444444444444,0.14450000000000002,0.14450000000000002,0.14450000000000002,0.14450000000000002,0.1685,0.1685,0.25563888888888886,0.43969444444444444,0.34944444444444445,0.2951944444444445,0.24811111111111112,0.29,0.3155,0.38488888888888884,0.3595555555555556,0.0,0.24763888888888888,0.4291388888888889,1.6779444444444445,1.6779444444444445,0.3409444444444445,0.22105555555555553,1.18525,0.3363611111111111,0.3649444444444444,0.24811111111111112,0.37966666666666665,2.796194444444444,2.796194444444444,2.796194444444444,0.3409444444444445,0.43122222222222223,0.3913333333333333,0.3409444444444445,0.11683333333333334,0.3173611111111111,0.27283333333333337,0.14702777777777776,0.2544722222222222,0.24811111111111112,0.24927777777777776
0.22766666666666668,0.47525,0.2953888888888889,0.2808333333333333,0.2808333333333333,0.2808333333333333,0.2808333333333333,0.3388055555555556,0.3388055555555556,0.3388055555555556,0.3388055555555556,0.36419444444444443,0.3633055555555556,0.14777777777777779,0.3475833333333333,0.04283333333333333,0.04283333333333333,0.40791666666666665,0.47494444444444445,0.13872222222222222,0.049055555555555554,0.2574722222222222,0.2574722222222222,0.2969166666666667,0.2808333333333333,0.34747222222222224,0.1988888888888889,0.252,0.14219444444444443,0.2311111111111111,6.234916666666667,6.234916666666667,0.24913888888888888,0.510888888888889,0.3206111111111111,0.37480555555555556,0.32263888888888886,0.45783333333333337,0.2311111111111111,0.19052777777777777,0.36419444444444443,0.12891666666666668,0.19052777777777777,0.28980555555555554,0.24472222222222223,0.05586111111111111,0.07350000000000001,0.14866666666666667,0.2808333333333333,0.19255555555555556,0.45311111111111113,0.15008333333333332,0.15008333333333332,0.15008333333333332,0.15008333333333332,0.14777777777777779,0.14777777777777779,0.05586111111111111,0.5253611111111111,0.48097222222222225,0.32505555555555554,0.04283333333333333,0.1643888888888889,0.26472222222222225,0.2311111111111111,0.4452222222222222,0.19305555555555556,0.0,0.5148055555555555,1.454388888888889,1.454388888888889,0.2808333333333333,0.13977777777777778,1.1414166666666667,0.27625,0.45061111111111113,0.04283333333333333,0.5025555555555555,2.5726388888888887,2.5726388888888887,2.5726388888888887,0.2808333333333333,0.5168888888888888,0.5142222222222222,0.2808333333333333,0.2574722222222222,0.25725,0.38563888888888886,0.15261111111111111,0.051138888888888887,0.04283333333333333,0.07594444444444444
0.6177777777777778,0.2262222222222222,0.6413888888888889,0.6709444444444445,0.6709444444444445,0.6709444444444445,0.6709444444444445,0.6214722222222223,0.6214722222222223,0.6214722222222223,0.6214722222222223,0.32202777777777775,0.3118333333333333,0.5303333333333333,0.3442222222222222,0.6197777777777778,0.6197777777777778,0.2733333333333333,0.1872777777777778,0.6036111111111111,0.6240555555555556,0.4581388888888889,0.4581388888888889,0.40680555555555553,0.6709444444444445,0.6311944444444445,0.46016666666666667,0.5168888888888888,0.5408055555555555,0.7148888888888889,6.7941111111111105,6.7941111111111105,0.7329166666666667,0.21908333333333335,0.7107222222222221,0.3405833333333333,0.3544166666666667,0.21825,0.7148888888888889,0.6902777777777778,0.32202777777777775,0.7231388888888889,0.6902777777777778,0.43466666666666665,0.6317222222222222,0.6273055555555556,0.6283055555555556,0.6932499999999999,0.6709444444444445,0.47252777777777777,0.1803611111111111,0.5318611111111111,0.5318611111111111,0.5318611111111111,0.5318611111111111,0.5303333333333333,0.5303333333333333,0.6273055555555556,0.08161111111111112,0.24547222222222223,0.6077222222222223,0.6197777777777778,0.62,0.6006944444444444,0.7148888888888889,0.22919444444444445,0.49416666666666664,0.6193055555555556,0.0,2.013583333333333,2.013583333333333,0.6709444444444445,0.5686111111111111,1.5988333333333333,0.6663611111111112,0.21869444444444444,0.6197777777777778,0.22049999999999997,3.1318333333333332,3.1318333333333332,3.1318333333333332,0.6709444444444445,0.15119444444444444,0.2123888888888889,0.6709444444444445,0.4581388888888889,0.6473611111111112,0.30575,0.5343888888888889,0.6261388888888889,0.6197777777777778,0.6209444444444445
4.001444444444445,4.321861111111112,3.9931111111111113,3.986527777777778,3.986527777777778,3.986527777777778,3.986527777777778,4.054138888888889,4.054138888888889,4.054138888888889,4.054138888888889,4.210805555555555,4.2099166666666665,4.095444444444444,4.262416666666667,3.9959444444444445,3.9959444444444445,4.267194444444445,4.359361111111111,3.9764166666666667,4.009333333333333,4.182472222222222,4.182472222222222,4.217777777777778,3.986527777777778,4.053166666666667,4.115611111111111,4.068388888888889,4.087305555555555,3.9245277777777776,5.064972222222223,5.064972222222223,3.942555555555556,4.425722222222222,4.026305555555556,4.289638888888889,4.237472222222222,4.304444444444444,3.9245277777777776,3.883944444444445,4.210805555555555,3.904472222222222,3.883944444444445,4.1409722222222225,3.995361111111111,3.992638888888889,4.005361111111111,3.8580277777777776,3.986527777777778,4.113361111111111,4.3517222222222225,4.095194444444445,4.095194444444445,4.095194444444445,4.095194444444445,4.095444444444444,4.095444444444444,3.992638888888889,4.423972222222222,4.386972222222222,4.050916666666667,3.9959444444444445,3.9161111111111113,4.029888888888889,3.9245277777777776,4.343833333333333,4.138166666666667,3.982111111111111,4.4134166666666665,0.0,0.0,3.986527777777778,4.034527777777778,4.062,3.9819444444444443,4.333166666666666,3.9959444444444445,4.417388888888889,1.4026944444444445,1.4026944444444445,1.4026944444444445,3.986527777777778,4.400861111111111,4.429055555555555,3.986527777777778,4.182472222222222,3.954972222222222,4.300472222222222,4.097722222222222,3.9754444444444443,3.9959444444444445,4.008805555555556
4.001444444444445,4.321861111111112,3.9931111111111113,3.986527777777778,3.986527777777778,3.986527777777778,3.986527777777778,4.054138888888889,4.054138888888889,4.054138888888889,4.054138888888889,4.210805555555555,4.2099166666666665,4.095444444444444,4.262416666666667,3.9959444444444445,3.9959444444444445,4.267194444444445,4.359361111111111,3.9764166666666667,4.009333333333333,4.182472222222222,4.182472222222222,4.217777777777778,3.986527777777778,4.053166666666667,4.115611111111111,4.068388888888889,4.087305555555555,3.9245277777777776,5.064972222222223,5.064972222222223,3.942555555555556,4.425722222222222,4.026305555555556,4.289638888888889,4.237472222222222,4.304444444444444,3.9245277777777776,3.883944444444445,4.210805555555555,3.904472222222222,3.883944444444445,4.1409722222222225,3.995361111111111,3.992638888888889,4.005361111111111,3.8580277777777776,3.986527777777778,4.113361111111111,4.3517222222222225,4.095194444444445,4.095194444444445,4.095194444444445,4.095194444444445,4.095444444444444,4.095444444444444,3.992638888888889,4.423972222222222,4.386972222222222,4.050916666666667,3.9959444444444445,3.9161111111111113,4.029888888888889,3.9245277777777776,4.343833333333333,4.138166666666667,3.982111111111111,4.4134166666666665,0.0,0.0,3.986527777777778,4.034527777777778,4.062,3.9819444444444443,4.333166666666666,3.9959444444444445,4.417388888888889,1.4026944444444445,1.4026944444444445,1.4026944444444445,3.986527777777778,4.400861111111111,4.429055555555555,3.986527777777778,4.182472222222222,3.954972222222222,4.300472222222222,4.097722222222222,3.9754444444444443,3.9959444444444445,4.008805555555556
0.11438888888888889,0.445,0.1051111111111111,0.0,0.0,0.0,0.0,0.1673611111111111,0.1673611111111111,0.1673611111111111,0.1673611111111111,0.33394444444444443,0.33305555555555555,0.2501388888888889,0.38591666666666663,0.25727777777777777,0.25727777777777777,0.39033333333333337,0.4825,0.1776388888888889,0.2738333333333333,0.33716666666666667,0.33716666666666667,0.37247222222222226,0.0,0.09552777777777777,0.23875,0.19152777777777777,0.25919444444444445,0.12841666666666668,6.221500000000001,6.221500000000001,0.13824999999999998,0.5509999999999999,0.07047222222222221,0.4141111111111111,0.3918333333333333,0.4275833333333333,0.12841666666666668,0.10708333333333334,0.33394444444444443,0.27461111111111114,0.10708333333333334,0.2641111111111111,0.10458333333333333,0.2573888888888889,0.23686111111111113,0.18202777777777776,0.0,0.26805555555555555,0.4748611111111111,0.27005555555555555,0.27005555555555555,0.27005555555555555,0.27005555555555555,0.2501388888888889,0.2501388888888889,0.2573888888888889,0.5471111111111111,0.5101111111111112,0.15952777777777777,0.25727777777777777,0.16191666666666665,0.15452777777777776,0.12841666666666668,0.4669722222222222,0.32405555555555554,0.26908333333333334,0.5365555555555556,1.4409722222222223,1.4409722222222223,0.0,0.20311111111111113,1.2954166666666667,0.004416666666666667,0.4563055555555556,0.25727777777777777,0.5426666666666666,2.5592222222222225,2.5592222222222225,2.5592222222222225,0.0,0.524,0.5540555555555555,0.0,0.33716666666666667,0.07133333333333333,0.42575,0.27258333333333334,0.26575,0.25727777777777777,0.22933333333333333
0.13891666666666666,0.44563888888888886,0.20663888888888887,0.19208333333333333,0.19208333333333333,0.19208333333333333,0.19208333333333333,0.26766666666666666,0.26766666666666666,0.26766666666666666,0.26766666666666666,0.33458333333333334,0.3336944444444444,0.1343611111111111,0.31480555555555556,0.09294444444444445,0.09294444444444445,0.3751388888888889,0.44216666666666665,0.0798888888888889,0.10869444444444444,0.2348611111111111,0.2348611111111111,0.27016666666666667,0.19208333333333333,0.25872222222222224,0.16927777777777778,0.21119444444444443,0.12669444444444444,0.23602777777777778,6.297083333333333,6.297083333333333,0.25405555555555553,0.4781111111111111,0.23186111111111113,0.34202777777777776,0.2898611111111111,0.42822222222222217,0.23602777777777778,0.21141666666666667,0.33458333333333334,0.20777777777777778,0.21141666666666667,0.26019444444444445,0.15597222222222223,0.09305555555555556,0.07252777777777779,0.19330555555555554,0.19208333333333333,0.16575,0.42033333333333334,0.14202777777777778,0.14202777777777778,0.14202777777777778,0.14202777777777778,0.1343611111111111,0.1343611111111111,0.09305555555555556,0.4925833333333333,0.44819444444444445,0.25413888888888886,0.09294444444444445,0.1348888888888889,0.17597222222222222,0.23602777777777778,0.41244444444444445,0.19958333333333333,0.10394444444444444,0.4820277777777778,1.5165555555555557,1.5165555555555557,0.19208333333333333,0.0,1.1479444444444447,0.1875,0.41783333333333333,0.09294444444444445,0.4697777777777778,2.6348055555555554,2.6348055555555554,2.6348055555555554,0.19208333333333333,0.4841111111111111,0.48144444444444445,0.19208333333333333,0.2348611111111111,0.1685,0.3528611111111111,0.14455555555555555,0.10141666666666667,0.09294444444444445,0.065
1.22225,1.446611111111111,1.289972222222222,1.2754166666666666,1.2754166666666666,1.2754166666666666,1.2754166666666666,1.3101666666666667,1.3101666666666667,1.3101666666666667,1.3101666666666667,1.3355555555555556,1.3346666666666667,1.119138888888889,1.3189444444444445,1.1391944444444446,1.1391944444444446,1.3792777777777776,1.4463055555555555,1.2030833333333335,1.1434722222222222,1.2177777777777778,1.2177777777777778,1.229972222222222,1.2754166666666666,1.3420555555555556,1.1702499999999998,1.2233611111111111,1.1135555555555556,1.2750833333333333,6.309722222222222,6.309722222222222,1.293111111111111,1.48225,1.3151944444444443,1.3461666666666665,1.2895277777777778,1.4291944444444447,1.2750833333333333,1.2345,1.3355555555555556,1.2425555555555554,1.2345,1.2611666666666665,1.2393055555555557,1.1467222222222222,1.1477222222222223,1.2085833333333333,1.2754166666666666,1.1639166666666667,1.4244722222222224,1.1214444444444445,1.1214444444444445,1.1214444444444445,1.1214444444444445,1.119138888888889,1.119138888888889,1.1467222222222222,1.496722222222222,1.44675,1.2964166666666668,1.1391944444444446,1.2244722222222224,1.2593055555555555,1.2750833333333333,1.4165833333333333,1.1624166666666667,1.1387222222222222,1.4861666666666666,1.5291944444444445,1.5291944444444445,1.2754166666666666,1.1607222222222224,0.0,1.2708333333333333,1.4219722222222224,1.1391944444444446,1.4739166666666668,2.647444444444444,2.647444444444444,2.647444444444444,1.2754166666666666,1.4882499999999999,1.4855833333333335,1.2754166666666666,1.2177777777777778,1.2518333333333334,1.357,1.1239722222222224,1.1455555555555557,1.1391944444444446,1.1403611111111112
0.11399999999999999,0.44461111111111107,0.10908333333333332,0.026416666666666665,0.026416666666666665,0.026416666666666665,0.026416666666666665,0.1701111111111111,0.1701111111111111,0.1701111111111111,0.1701111111111111,0.33355555555555555,0.33266666666666667,0.24975,0.3855277777777778,0.2568888888888889,0.2568888888888889,0.3899444444444444,0.4821111111111111,0.17725000000000002,0.27344444444444443,0.3367777777777778,0.3367777777777778,0.3720833333333333,0.026416666666666665,0.10155555555555557,0.2383611111111111,0.19113888888888889,0.25880555555555557,0.12802777777777777,6.221111111111111,6.221111111111111,0.1378611111111111,0.5506111111111112,0.07008333333333333,0.41372222222222227,0.3914444444444445,0.4271944444444445,0.12802777777777777,0.10669444444444445,0.33355555555555555,0.27422222222222226,0.10669444444444445,0.2637222222222222,0.10419444444444445,0.257,0.23647222222222222,0.18163888888888888,0.026416666666666665,0.26766666666666666,0.4744722222222222,0.26966666666666667,0.26966666666666667,0.26966666666666667,0.26966666666666667,0.24975,0.24975,0.257,0.5467222222222222,0.5097222222222222,0.16555555555555557,0.2568888888888889,0.16152777777777777,0.15413888888888888,0.12802777777777777,0.46658333333333335,0.32366666666666666,0.26869444444444446,0.5361666666666667,1.4405833333333333,1.4405833333333333,0.026416666666666665,0.20272222222222222,1.2950277777777779,0.0,0.45591666666666664,0.2568888888888889,0.5422777777777777,2.5588333333333333,2.5588333333333333,2.5588333333333333,0.026416666666666665,0.5236111111111111,0.5536666666666666,0.026416666666666665,0.3367777777777778,0.07094444444444445,0.4253611111111111,0.27219444444444446,0.2653611111111111,0.2568888888888889,0.22894444444444445
0.4578888888888889,0.12544444444444444,0.49563888888888885,0.5110555555555556,0.5110555555555556,0.5110555555555556,0.5110555555555556,0.46016666666666667,0.46016666666666667,0.46016666666666667,0.46016666666666667,0.16072222222222224,0.15052777777777776,0.37580555555555556,0.18969444444444444,0.46525000000000005,0.46525000000000005,0.10105555555555557,0.09866666666666667,0.44908333333333333,0.46952777777777777,0.3036111111111111,0.3036111111111111,0.25227777777777777,0.5110555555555556,0.4854444444444444,0.30563888888888885,0.3555833333333333,0.3862777777777778,0.555,6.639583333333333,6.639583333333333,0.5730277777777778,0.2088888888888889,0.5508333333333333,0.18605555555555553,0.1998888888888889,0.08852777777777777,0.555,0.5303888888888889,0.16072222222222224,0.5686111111111111,0.5303888888888889,0.2733611111111111,0.47041666666666665,0.4727777777777778,0.47377777777777774,0.5387222222222222,0.5110555555555556,0.318,0.11197222222222222,0.37733333333333335,0.37733333333333335,0.37733333333333335,0.37733333333333335,0.37580555555555556,0.37580555555555556,0.4727777777777778,0.18422222222222223,0.1411388888888889,0.44641666666666663,0.46525000000000005,0.46547222222222223,0.4393888888888889,0.555,0.09719444444444444,0.3396388888888889,0.4647777777777778,0.1736666666666667,1.8590555555555557,1.8590555555555557,0.5110555555555556,0.41408333333333336,1.4443055555555555,0.5064722222222222,0.0,0.46525000000000005,0.19202777777777777,2.977305555555555,2.977305555555555,2.977305555555555,0.5110555555555556,0.17575000000000002,0.19116666666666668,0.5110555555555556,0.3036111111111111,0.48747222222222225,0.1758888888888889,0.3798611111111111,0.4716111111111111,0.46525000000000005,0.46641666666666665
0.2152222222222222,0.4608888888888889,0.28294444444444444,0.2683888888888889,0.2683888888888889,0.2683888888888889,0.2683888888888889,0.3244444444444444,0.3244444444444444,0.3244444444444444,0.3244444444444444,0.3498333333333334,0.34894444444444445,0.13341666666666668,0.3332222222222222,0.0,0.0,0.39355555555555555,0.4605833333333333,0.1348888888888889,0.03086111111111111,0.2431111111111111,0.2431111111111111,0.28255555555555556,0.2683888888888889,0.33502777777777776,0.18452777777777776,0.2376388888888889,0.12783333333333333,0.2669722222222222,6.25038888888889,6.25038888888889,0.285,0.4965277777777778,0.3081666666666667,0.3604444444444444,0.30827777777777776,0.4434722222222222,0.2669722222222222,0.2263888888888889,0.3498333333333334,0.14438888888888887,0.2263888888888889,0.27544444444444444,0.23227777777777778,0.019305555555555555,0.06619444444444444,0.18452777777777776,0.2683888888888889,0.17819444444444443,0.43875,0.13572222222222222,0.13572222222222222,0.13572222222222222,0.13572222222222222,0.13341666666666668,0.13341666666666668,0.019305555555555555,0.511,0.4666111111111111,0.31069444444444444,0.0,0.17708333333333334,0.25227777777777777,0.2669722222222222,0.4308611111111111,0.17869444444444443,0.05836111111111111,0.5004444444444445,1.469861111111111,1.469861111111111,0.2683888888888889,0.12047222222222222,1.1270555555555555,0.26380555555555557,0.43625,0.0,0.48819444444444443,2.5881111111111115,2.5881111111111115,2.5881111111111115,0.2683888888888889,0.5025277777777778,0.4998611111111111,0.2683888888888889,0.2431111111111111,0.24480555555555555,0.37127777777777776,0.13824999999999998,0.009972222222222223,0.0,0.06863888888888889
0.5213611111111112,0.21672222222222223,0.5810555555555557,0.5745277777777779,0.5745277777777779,0.5745277777777779,0.5745277777777779,0.5413611111111112,0.5413611111111112,0.5413611111111112,0.5413611111111112,0.2558888888888889,0.24569444444444444,0.4339166666666666,0.25775,0.523361111111111,0.523361111111111,0.22105555555555553,0.17777777777777778,0.5071944444444445,0.5276388888888889,0.3358888888888889,0.3358888888888889,0.28455555555555556,0.5745277777777779,0.6162222222222222,0.36375,0.45075000000000004,0.4443888888888889,0.6184722222222222,6.697694444444445,6.697694444444445,0.6365000000000001,0.04480555555555556,0.6143055555555555,0.21638888888888888,0.25758333333333333,0.20875,0.6184722222222222,0.5938611111111112,0.2558888888888889,0.6267222222222222,0.5938611111111112,0.3685277777777778,0.5384166666666667,0.5308888888888889,0.5318888888888889,0.5968333333333333,0.5745277777777779,0.3761111111111111,0.10427777777777777,0.4354444444444444,0.4354444444444444,0.4354444444444444,0.4354444444444444,0.4339166666666666,0.4339166666666666,0.5308888888888889,0.1831111111111111,0.12252777777777779,0.5276111111111111,0.523361111111111,0.5235833333333334,0.5345555555555556,0.6184722222222222,0.15644444444444447,0.3719166666666667,0.522888888888889,0.17802777777777778,1.9171666666666667,1.9171666666666667,0.5745277777777779,0.47219444444444447,1.5024166666666665,0.5699444444444445,0.20919444444444446,0.523361111111111,0.0,3.035416666666667,3.035416666666667,3.035416666666667,0.5745277777777779,0.1703888888888889,0.017388888888888888,0.5745277777777779,0.3358888888888889,0.5509444444444445,0.13419444444444445,0.4379722222222222,0.5297222222222222,0.523361111111111,0.5245277777777778
5.117111111111111,5.4375277777777775,5.108777777777777,5.102194444444445,5.102194444444445,5.102194444444445,5.102194444444445,5.1698055555555555,5.1698055555555555,5.1698055555555555,5.1698055555555555,5.326472222222222,5.325583333333333,5.211111111111111,5.378083333333333,5.111611111111111,5.111611111111111,5.382861111111111,5.475027777777777,5.092083333333333,5.125,5.2981388888888885,5.2981388888888885,5.333444444444445,5.102194444444445,5.168833333333333,5.231277777777778,5.184055555555555,5.202972222222223,5.040194444444444,3.676055555555555,3.676055555555555,5.058222222222222,5.541388888888889,5.141972222222222,5.405305555555556,5.353138888888889,5.420111111111112,5.040194444444444,4.99961111111111,5.326472222222222,5.020138888888889,4.99961111111111,5.256638888888889,5.111027777777778,5.108305555555556,5.121027777777778,4.973694444444444,5.102194444444445,5.229027777777778,5.467388888888888,5.210861111111111,5.210861111111111,5.210861111111111,5.210861111111111,5.211111111111111,5.211111111111111,5.108305555555556,5.539638888888889,5.502638888888889,5.1665833333333335,5.111611111111111,5.031777777777778,5.145555555555555,5.040194444444444,5.4595,5.253833333333333,5.097777777777778,5.529083333333333,1.386277777777778,1.386277777777778,5.102194444444445,5.150194444444445,5.177666666666666,5.097611111111111,5.448833333333333,5.111611111111111,5.533055555555555,0.0,0.0,0.0,5.102194444444445,5.516527777777778,5.544722222222222,5.102194444444445,5.2981388888888885,5.0706388888888885,5.416138888888889,5.213388888888889,5.091111111111111,5.111611111111111,5.124472222222222
5.117111111111111,5.4375277777777775,5.108777777777777,5.102194444444445,5.102194444444445,5.102194444444445,5.102194444444445,5.1698055555555555,5.1698055555555555,5.1698055555555555,5.1698055555555555,5.326472222222222,5.325583333333333,5.211111111111111,5.378083333333333,5.111611111111111,5.111611111111111,5.382861111111111,5.475027777777777,5.092083333333333,5.125,5.2981388888888885,5.2981388888888885,5.333444444444445,5.102194444444445,5.168833333333333,5.231277777777778,5.184055555555555,5.202972222222223,5.040194444444444,3.676055555555555,3.676055555555555,5.058222222222222,5.541388888888889,5.141972222222222,5.405305555555556,5.353138888888889,5.420111111111112,5.040194444444444,4.99961111111111,5.326472222222222,5.020138888888889,4.99961111111111,5.256638888888889,5.111027777777778,5.108305555555556,5.121027777777778,4.973694444444444,5.102194444444445,5.229027777777778,5.467388888888888,5.210861111111111,5.210861111111111,5.210861111111111,5.210861111111111,5.211111111111111,5.211111111111111,5.108305555555556,5.539638888888889,5.502638888888889,5.1665833333333335,5.111611111111111,5.031777777777778,5.145555555555555,5.040194444444444,5.4595,5.253833333333333,5.097777777777778,5.529083333333333,1.386277777777778,1.386277777777778,5.102194444444445,5.150194444444445,5.177666666666666,5.097611111111111,5.448833333333333,5.111611111111111,5.533055555555555,0.0,0.0,0.0,5.102194444444445,5.516527777777778,5.544722222222222,5.102194444444445,5.2981388888888885,5.0706388888888885,5.416138888888889,5.213388888888889,5.091111111111111,5.111611111111111,5.124472222222222
5.117111111111111,5.4375277777777775,5.108777777777777,5.102194444444445,5.102194444444445,5.102194444444445,5.102194444444445,5.1698055555555555,5.1698055555555555,5.1698055555555555,5.1698055555555555,5.326472222222222,5.325583333333333,5.211111111111111,5.378083333333333,5.111611111111111,5.111611111111111,5.382861111111111,5.475027777777777,5.092083333333333,5.125,5.2981388888888885,5.2981388888888885,5.333444444444445,5.102194444444445,5.168833333333333,5.231277777777778,5.184055555555555,5.202972222222223,5.040194444444444,3.676055555555555,3.676055555555555,5.058222222222222,5.541388888888889,5.141972222222222,5.405305555555556,5.353138888888889,5.420111111111112,5.040194444444444,4.99961111111111,5.326472222222222,5.020138888888889,4.99961111111111,5.256638888888889,5.111027777777778,5.108305555555556,5.121027777777778,4.973694444444444,5.102194444444445,5.229027777777778,5.467388888888888,5.210861111111111,5.210861111111111,5.210861111111111,5.210861111111111,5.211111111111111,5.211111111111111,5.108305555555556,5.539638888888889,5.502638888888889,5.1665833333333335,5.111611111111111,5.031777777777778,5.145555555555555,5.040194444444444,5.4595,5.253833333333333,5.097777777777778,5.529083333333333,1.386277777777778,1.386277777777778,5.102194444444445,5.150194444444445,5.177666666666666,5.097611111111111,5.448833333333333,5.111611111111111,5.533055555555555,0.0,0.0,0.0,5.102194444444445,5.516527777777778,5.544722222222222,5.102194444444445,5.2981388888888885,5.0706388888888885,5.416138888888889,5.213388888888889,5.091111111111111,5.111611111111111,5.124472222222222
0.11438888888888889,0.445,0.1051111111111111,0.0,0.0,0.0,0.0,0.1673611111111111,0.1673611111111111,0.1673611111111111,0.1673611111111111,0.33394444444444443,0.33305555555555555,0.2501388888888889,0.38591666666666663,0.25727777777777777,0.25727777777777777,0.39033333333333337,0.4825,0.1776388888888889,0.2738333333333333,0.33716666666666667,0.33716666666666667,0.37247222222222226,0.0,0.09552777777777777,0.23875,0.19152777777777777,0.25919444444444445,0.12841666666666668,6.221500000000001,6.221500000000001,0.13824999999999998,0.5509999999999999,0.07047222222222221,0.4141111111111111,0.3918333333333333,0.4275833333333333,0.12841666666666668,0.10708333333333334,0.33394444444444443,0.27461111111111114,0.10708333333333334,0.2641111111111111,0.10458333333333333,0.2573888888888889,0.23686111111111113,0.18202777777777776,0.0,0.26805555555555555,0.4748611111111111,0.27005555555555555,0.27005555555555555,0.27005555555555555,0.27005555555555555,0.2501388888888889,0.2501388888888889,0.2573888888888889,0.5471111111111111,0.5101111111111112,0.15952777777777777,0.25727777777777777,0.16191666666666665,0.15452777777777776,0.12841666666666668,0.4669722222222222,0.32405555555555554,0.26908333333333334,0.5365555555555556,1.4409722222222223,1.4409722222222223,0.0,0.20311111111111113,1.2954166666666667,0.004416666666666667,0.4563055555555556,0.25727777777777777,0.5426666666666666,2.5592222222222225,2.5592222222222225,2.5592222222222225,0.0,0.524,0.5540555555555555,0.0,0.33716666666666667,0.07133333333333333,0.42575,0.27258333333333334,0.26575,0.25727777777777777,0.22933333333333333
0.5076944444444444,0.12452777777777778,0.5298888888888889,0.560861111111111,0.560861111111111,0.560861111111111,0.560861111111111,0.5099722222222223,0.5099722222222223,0.5099722222222223,0.5099722222222223,0.21052777777777776,0.20033333333333334,0.4350555555555556,0.28091666666666665,0.5245,0.5245,0.183,0.173,0.5083333333333333,0.5287777777777778,0.37622222222222224,0.37622222222222224,0.33922222222222226,0.560861111111111,0.5196944444444445,0.3648888888888889,0.4053888888888889,0.4455277777777778,0.6048055555555556,6.694611111111111,6.694611111111111,0.6228333333333332,0.22608333333333333,0.6006388888888889,0.27591666666666664,0.28683333333333333,0.11655555555555557,0.6048055555555556,0.5801944444444443,0.21052777777777776,0.6278611111111112,0.5801944444444443,0.3231666666666667,0.5202222222222223,0.5320277777777778,0.5330277777777778,0.5979722222222221,0.560861111111111,0.37725,0.18108333333333332,0.4365833333333333,0.4365833333333333,0.4365833333333333,0.4365833333333333,0.4350555555555556,0.4350555555555556,0.5320277777777778,0.13125,0.24155555555555555,0.49622222222222223,0.5245,0.5247222222222222,0.48919444444444443,0.6048055555555556,0.21555555555555556,0.4097222222222222,0.5240277777777778,0.17308333333333334,1.9140833333333334,1.9140833333333334,0.560861111111111,0.47333333333333333,1.5035555555555555,0.5562777777777778,0.18183333333333335,0.5245,0.24458333333333335,3.0323333333333333,3.0323333333333333,3.0323333333333333,0.560861111111111,0.0,0.23647222222222222,0.560861111111111,0.37622222222222224,0.5372777777777777,0.27458333333333335,0.4391111111111111,0.5308611111111111,0.5245,0.5256666666666667
0.5039722222222222,0.2174722222222222,0.5636666666666666,0.5571388888888889,0.5571388888888889,0.5571388888888889,0.5571388888888889,0.5239722222222222,0.5239722222222222,0.5239722222222222,0.5239722222222222,0.23850000000000002,0.22830555555555554,0.4165277777777778,0.2403611111111111,0.5059722222222223,0.5059722222222223,0.2036666666666667,0.17852777777777779,0.48980555555555555,0.51025,0.31849999999999995,0.31849999999999995,0.26716666666666666,0.5571388888888889,0.5988333333333333,0.3463611111111111,0.4333611111111111,0.427,0.6010833333333334,6.680305555555555,6.680305555555555,0.6191111111111112,0.06958333333333333,0.5969166666666667,0.19899999999999998,0.24019444444444446,0.20950000000000002,0.6010833333333334,0.5764722222222223,0.23850000000000002,0.6093333333333333,0.5764722222222223,0.3511388888888889,0.5210277777777778,0.5135,0.5145,0.5794444444444444,0.5571388888888889,0.3587222222222222,0.10502777777777779,0.41805555555555557,0.41805555555555557,0.41805555555555557,0.41805555555555557,0.4165277777777778,0.4165277777777778,0.5135,0.19725,0.1073888888888889,0.5102222222222222,0.5059722222222223,0.5061944444444444,0.5171666666666667,0.6010833333333334,0.13905555555555557,0.3545277777777778,0.5055,0.18783333333333335,1.8997777777777778,1.8997777777777778,0.5571388888888889,0.4548055555555555,1.4850277777777778,0.5525555555555556,0.19275,0.5059722222222223,0.024777777777777777,3.0180277777777778,3.0180277777777778,3.0180277777777778,0.5571388888888889,0.18452777777777776,0.0,0.5571388888888889,0.31849999999999995,0.5335555555555556,0.11680555555555555,0.4205833333333333,0.5123333333333333,0.5059722222222223,0.5071388888888889
0.11438888888888889,0.445,0.1051111111111111,0.0,0.0,0.0,0.0,0.1673611111111111,0.1673611111111111,0.1673611111111111,0.1673611111111111,0.33394444444444443,0.33305555555555555,0.2501388888888889,0.38591666666666663,0.25727777777777777,0.25727777777777777,0.39033333333333337,0.4825,0.1776388888888889,0.2738333333333333,0.33716666666666667,0.33716666666666667,0.37247222222222226,0.0,0.09552777777777777,0.23875,0.19152777777777777,0.25919444444444445,0.12841666666666668,6.221500000000001,6.221500000000001,0.13824999999999998,0.5509999999999999,0.07047222222222221,0.4141111111111111,0.3918333333333333,0.4275833333333333,0.12841666666666668,0.10708333333333334,0.33394444444444443,0.27461111111111114,0.10708333333333334,0.2641111111111111,0.10458333333333333,0.2573888888888889,0.23686111111111113,0.18202777777777776,0.0,0.26805555555555555,0.4748611111111111,0.27005555555555555,0.27005555555555555,0.27005555555555555,0.27005555555555555,0.2501388888888889,0.2501388888888889,0.2573888888888889,0.5471111111111111,0.5101111111111112,0.15952777777777777,0.25727777777777777,0.16191666666666665,0.15452777777777776,0.12841666666666668,0.4669722222222222,0.32405555555555554,0.26908333333333334,0.5365555555555556,1.4409722222222223,1.4409722222222223,0.0,0.20311111111111113,1.2954166666666667,0.004416666666666667,0.4563055555555556,0.25727777777777777,0.5426666666666666,2.5592222222222225,2.5592222222222225,2.5592222222222225,0.0,0.524,0.5540555555555555,0.0,0.33716666666666667,0.07133333333333333,0.42575,0.27258333333333334,0.26575,0.25727777777777777,0.22933333333333333
0.2585,0.3026388888888889,0.31819444444444445,0.31166666666666665,0.31166666666666665,0.31166666666666665,0.31166666666666665,0.2785,0.2785,0.2785,0.2785,0.19752777777777777,0.19069444444444444,0.17105555555555554,0.1622777777777778,0.2605,0.2605,0.2226111111111111,0.2966944444444444,0.24433333333333335,0.2647777777777778,0.0,0.0,0.059555555555555556,0.31166666666666665,0.3647777777777778,0.10088888888888889,0.19169444444444445,0.1815277777777778,0.3556111111111111,6.434833333333334,6.434833333333334,0.37363888888888885,0.3343611111111111,0.35144444444444445,0.19047222222222224,0.12044444444444445,0.2852222222222222,0.3556111111111111,0.33099999999999996,0.19752777777777777,0.36386111111111114,0.33099999999999996,0.19144444444444444,0.27555555555555555,0.26802777777777775,0.26902777777777775,0.3339722222222222,0.31166666666666665,0.11325,0.2748611111111111,0.17033333333333334,0.17033333333333334,0.17033333333333334,0.17033333333333334,0.17105555555555554,0.17105555555555554,0.26802777777777775,0.3471111111111111,0.2958055555555556,0.26475,0.2605,0.26072222222222224,0.28505555555555556,0.3556111111111111,0.2669722222222222,0.1148888888888889,0.2600277777777778,0.33655555555555555,1.6543055555555555,1.6543055555555555,0.31166666666666665,0.20933333333333334,1.2395555555555555,0.3070833333333333,0.2723611111111111,0.2605,0.3260277777777778,2.772555555555556,2.772555555555556,2.772555555555556,0.31166666666666665,0.3386388888888889,0.33769444444444446,0.31166666666666665,0.0,0.2880833333333333,0.21305555555555555,0.1728611111111111,0.2668611111111111,0.2605,0.26166666666666666
0.08227777777777777,0.4315555555555555,0.07116666666666667,0.07094444444444445,0.07094444444444445,0.07094444444444445,0.07094444444444445,0.13219444444444445,0.13219444444444445,0.13219444444444445,0.13219444444444445,0.3205,0.31961111111111107,0.23669444444444446,0.37247222222222226,0.24383333333333332,0.24383333333333332,0.3768888888888889,0.4690555555555555,0.16419444444444445,0.2603888888888889,0.32372222222222224,0.32372222222222224,0.3590277777777778,0.07094444444444445,0.13758333333333334,0.22530555555555556,0.17808333333333334,0.24575000000000002,0.10958333333333334,6.199388888888889,6.199388888888889,0.1276111111111111,0.5375555555555556,0.11072222222222222,0.40066666666666667,0.3783888888888889,0.4141388888888889,0.10958333333333334,0.08497222222222221,0.3205,0.2525,0.08497222222222221,0.25066666666666665,0.07247222222222222,0.24394444444444446,0.22341666666666665,0.15991666666666668,0.07094444444444445,0.2546111111111111,0.46141666666666664,0.2566111111111111,0.2566111111111111,0.2566111111111111,0.2566111111111111,0.23669444444444446,0.23669444444444446,0.24394444444444446,0.5336666666666667,0.49666666666666665,0.12897222222222224,0.24383333333333332,0.14847222222222223,0.12241666666666666,0.10958333333333334,0.4535277777777778,0.3106111111111111,0.25563888888888886,0.5231111111111111,1.418861111111111,1.418861111111111,0.07094444444444445,0.18966666666666665,1.2819722222222223,0.0663611111111111,0.4428611111111111,0.24383333333333332,0.5292222222222223,2.5371111111111113,2.5371111111111113,2.5371111111111113,0.07094444444444445,0.5105555555555555,0.5406111111111112,0.07094444444444445,0.32372222222222224,0.0,0.41230555555555554,0.25913888888888886,0.25230555555555556,0.24383333333333332,0.2158888888888889
0.42077777777777775,0.23472222222222222,0.48047222222222224,0.47394444444444445,0.47394444444444445,0.47394444444444445,0.47394444444444445,0.44077777777777777,0.44077777777777777,0.44077777777777777,0.44077777777777777,0.15530555555555556,0.1451111111111111,0.3333333333333333,0.15869444444444444,0.42277777777777775,0.42277777777777775,0.14402777777777778,0.19280555555555556,0.4066111111111111,0.4270555555555556,0.23683333333333334,0.23683333333333334,0.1855,0.47394444444444445,0.5270555555555556,0.26316666666666666,0.3501666666666666,0.3438055555555556,0.517888888888889,6.5971111111111105,6.5971111111111105,0.5359166666666667,0.13683333333333333,0.5137222222222223,0.11733333333333333,0.1585277777777778,0.19780555555555557,0.517888888888889,0.49327777777777776,0.15530555555555556,0.5261388888888888,0.49327777777777776,0.26794444444444443,0.43783333333333335,0.43030555555555555,0.43130555555555555,0.49625,0.47394444444444445,0.27552777777777776,0.16797222222222224,0.3348611111111111,0.3348611111111111,0.3348611111111111,0.3348611111111111,0.3333333333333333,0.3333333333333333,0.43030555555555555,0.24322222222222223,0.10691666666666666,0.4270277777777778,0.42277777777777775,0.423,0.4339722222222222,0.517888888888889,0.1461388888888889,0.2728611111111111,0.42230555555555555,0.23266666666666666,1.8165833333333332,1.8165833333333332,0.47394444444444445,0.3716111111111111,1.4018333333333335,0.4693611111111111,0.16116666666666668,0.42277777777777775,0.1285,2.934833333333333,2.934833333333333,2.934833333333333,0.47394444444444445,0.23475000000000001,0.14016666666666666,0.47394444444444445,0.23683333333333334,0.4503611111111111,0.0,0.33738888888888885,0.4291388888888889,0.42277777777777775,0.42394444444444446
0.17202777777777775,0.3963888888888889,0.23975000000000002,0.22519444444444445,0.22519444444444445,0.22519444444444445,0.22519444444444445,0.2599444444444444,0.2599444444444444,0.2599444444444444,0.2599444444444444,0.2853333333333333,0.28444444444444444,0.050972222222222224,0.2664722222222222,0.12427777777777776,0.12427777777777776,0.32680555555555557,0.3938333333333333,0.1528611111111111,0.12855555555555556,0.18652777777777776,0.18652777777777776,0.22183333333333333,0.22519444444444445,0.29183333333333333,0.12002777777777779,0.17313888888888887,0.041833333333333333,0.26913888888888887,6.341611111111111,6.341611111111111,0.2871666666666667,0.4297777777777778,0.2649722222222222,0.2936944444444444,0.24152777777777779,0.3789722222222222,0.26913888888888887,0.24452777777777776,0.2853333333333333,0.2276388888888889,0.24452777777777776,0.21094444444444443,0.18908333333333335,0.13180555555555556,0.13280555555555557,0.2475,0.22519444444444445,0.10369444444444445,0.372,0.03294444444444444,0.03294444444444444,0.03294444444444444,0.03294444444444444,0.050972222222222224,0.050972222222222224,0.13180555555555556,0.44425,0.3998611111111111,0.24619444444444444,0.12427777777777776,0.17425,0.20908333333333334,0.26913888888888887,0.3641111111111111,0.12291666666666666,0.12380555555555556,0.43369444444444444,1.5610833333333332,1.5610833333333332,0.22519444444444445,0.11594444444444443,1.1033333333333333,0.22061111111111112,0.3695,0.12427777777777776,0.42144444444444445,2.6793333333333336,2.6793333333333336,2.6793333333333336,0.22519444444444445,0.43577777777777776,0.4331111111111111,0.22519444444444445,0.18652777777777776,0.2016111111111111,0.3045277777777778,0.0,0.1306388888888889,0.12427777777777776,0.12544444444444444
0.22038888888888888,0.45952777777777776,0.28811111111111115,0.27355555555555555,0.27355555555555555,0.27355555555555555,0.27355555555555555,0.32308333333333333,0.32308333333333333,0.32308333333333333,0.32308333333333333,0.34847222222222224,0.3475833333333333,0.13205555555555554,0.3318611111111111,0.020944444444444446,0.020944444444444446,0.39219444444444446,0.45922222222222225,0.13255555555555557,0.029805555555555554,0.24175,0.24175,0.2811944444444444,0.27355555555555555,0.34019444444444447,0.18316666666666667,0.23627777777777778,0.12647222222222224,0.26591666666666663,6.2501388888888885,6.2501388888888885,0.28394444444444444,0.49516666666666664,0.31333333333333335,0.35908333333333337,0.30691666666666667,0.44211111111111107,0.26591666666666663,0.22533333333333336,0.34847222222222224,0.14413888888888887,0.22533333333333336,0.27408333333333335,0.23744444444444443,0.02322222222222222,0.06386111111111112,0.18347222222222223,0.27355555555555555,0.17683333333333334,0.4373888888888889,0.1343611111111111,0.1343611111111111,0.1343611111111111,0.1343611111111111,0.13205555555555554,0.13205555555555554,0.02322222222222222,0.5096388888888889,0.46525000000000005,0.3093333333333333,0.020944444444444446,0.17475000000000002,0.2574444444444444,0.26591666666666663,0.4295,0.17733333333333332,0.05730555555555556,0.4990833333333333,1.4696111111111112,1.4696111111111112,0.27355555555555555,0.12641666666666668,1.1256944444444446,0.2689722222222222,0.4348888888888889,0.020944444444444446,0.4868333333333333,2.5878611111111107,2.5878611111111107,2.5878611111111107,0.27355555555555555,0.5011666666666666,0.4985,0.27355555555555555,0.24175,0.2499722222222222,0.36991666666666667,0.1368888888888889,0.0,0.020944444444444446,0.06630555555555555
0.2152222222222222,0.4608888888888889,0.28294444444444444,0.2683888888888889,0.2683888888888889,0.2683888888888889,0.2683888888888889,0.3244444444444444,0.3244444444444444,0.3244444444444444,0.3244444444444444,0.3498333333333334,0.34894444444444445,0.13341666666666668,0.3332222222222222,0.0,0.0,0.39355555555555555,0.4605833333333333,0.1348888888888889,0.03086111111111111,0.2431111111111111,0.2431111111111111,0.28255555555555556,0.2683888888888889,0.33502777777777776,0.18452777777777776,0.2376388888888889,0.12783333333333333,0.2669722222222222,6.25038888888889,6.25038888888889,0.285,0.4965277777777778,0.3081666666666667,0.3604444444444444,0.30827777777777776,0.4434722222222222,0.2669722222222222,0.2263888888888889,0.3498333333333334,0.14438888888888887,0.2263888888888889,0.27544444444444444,0.23227777777777778,0.019305555555555555,0.06619444444444444,0.18452777777777776,0.2683888888888889,0.17819444444444443,0.43875,0.13572222222222222,0.13572222222222222,0.13572222222222222,0.13572222222222222,0.13341666666666668,0.13341666666666668,0.019305555555555555,0.511,0.4666111111111111,0.31069444444444444,0.0,0.17708333333333334,0.25227777777777777,0.2669722222222222,0.4308611111111111,0.17869444444444443,0.05836111111111111,0.5004444444444445,1.469861111111111,1.469861111111111,0.2683888888888889,0.12047222222222222,1.1270555555555555,0.26380555555555557,0.43625,0.0,0.48819444444444443,2.5881111111111115,2.5881111111111115,2.5881111111111115,0.2683888888888889,0.5025277777777778,0.4998611111111111,0.2683888888888889,0.2431111111111111,0.24480555555555555,0.37127777777777776,0.13824999999999998,0.009972222222222223,0.0,0.06863888888888889
0.16997222222222222,0.4623333333333334,0.23769444444444446,0.2231388888888889,0.2231388888888889,0.2231388888888889,0.2231388888888889,0.2987222222222222,0.2987222222222222,0.2987222222222222,0.2987222222222222,0.35127777777777774,0.3503888888888889,0.1348611111111111,0.33466666666666667,0.04941666666666667,0.04941666666666667,0.395,0.46202777777777776,0.09819444444444445,0.06597222222222222,0.24455555555555555,0.24455555555555555,0.284,0.2231388888888889,0.2897777777777778,0.18597222222222223,0.23908333333333334,0.12927777777777777,0.2561111111111111,6.279027777777777,6.279027777777777,0.2741388888888889,0.49797222222222226,0.2629166666666667,0.36188888888888887,0.30972222222222223,0.4449166666666667,0.2561111111111111,0.21552777777777776,0.35127777777777774,0.16505555555555557,0.21552777777777776,0.27688888888888885,0.18702777777777777,0.04952777777777778,0.009916666666666667,0.18241666666666667,0.2231388888888889,0.1796388888888889,0.44019444444444444,0.13716666666666666,0.13716666666666666,0.13716666666666666,0.13716666666666666,0.1348611111111111,0.1348611111111111,0.04952777777777778,0.5124444444444445,0.46805555555555556,0.2851944444444445,0.04941666666666667,0.15163888888888888,0.20702777777777776,0.2561111111111111,0.43230555555555555,0.18013888888888888,0.061222222222222226,0.5018888888888888,1.4985000000000002,1.4985000000000002,0.2231388888888889,0.07972222222222222,1.1285,0.21855555555555553,0.43769444444444444,0.04941666666666667,0.4896388888888889,2.6167499999999997,2.6167499999999997,2.6167499999999997,0.2231388888888889,0.5039722222222222,0.5013055555555556,0.2231388888888889,0.24455555555555555,0.19955555555555554,0.37272222222222223,0.13969444444444443,0.05788888888888889,0.04941666666666667,0.0
